PRAGMA foreign_keys=OFF;
BEGIN TRANSACTION;
CREATE TABLE "SchemaVersion" (
	"Name" VARCHAR(256) NOT NULL, 
	"Version" INTEGER, 
	PRIMARY KEY ("Name"), 
	UNIQUE ("Name")
);
INSERT INTO "SchemaVersion" VALUES('__core__',5);
CREATE TABLE "TestSuite" (
	"ID" INTEGER NOT NULL, 
	"Name" VARCHAR(256), 
	"DBKeyName" VARCHAR(256), 
	"Version" VARCHAR(16), 
	PRIMARY KEY ("ID"), 
	UNIQUE ("Name")
);
INSERT INTO "TestSuite" VALUES(1,'nts','NT',NULL);
INSERT INTO "TestSuite" VALUES(2,'compile','compile',NULL);
CREATE TABLE "StatusKind" (
	"ID" INTEGER NOT NULL, 
	"Name" VARCHAR(256), 
	PRIMARY KEY ("ID"), 
	UNIQUE ("Name")
);
INSERT INTO "StatusKind" VALUES(0,'PASS');
INSERT INTO "StatusKind" VALUES(1,'FAIL');
INSERT INTO "StatusKind" VALUES(2,'XFAIL');
CREATE TABLE "SampleType" (
	"ID" INTEGER NOT NULL, 
	"Name" VARCHAR(256), 
	PRIMARY KEY ("ID"), 
	UNIQUE ("Name")
);
INSERT INTO "SampleType" VALUES(1,'Real');
INSERT INTO "SampleType" VALUES(2,'Status');
CREATE TABLE "TestSuiteRunFields" (
	"ID" INTEGER NOT NULL, 
	"TestSuiteID" INTEGER, 
	"Name" VARCHAR(256), 
	"InfoKey" VARCHAR(256), 
	PRIMARY KEY ("ID"), 
	FOREIGN KEY("TestSuiteID") REFERENCES "TestSuite" ("ID")
);
CREATE TABLE "TestSuiteOrderFields" (
	"ID" INTEGER NOT NULL, 
	"TestSuiteID" INTEGER, 
	"Name" VARCHAR(256), 
	"InfoKey" VARCHAR(256), 
	"Ordinal" INTEGER, 
	PRIMARY KEY ("ID"), 
	FOREIGN KEY("TestSuiteID") REFERENCES "TestSuite" ("ID")
);
INSERT INTO "TestSuiteOrderFields" VALUES(1,1,'llvm_project_revision','run_order',0);
INSERT INTO "TestSuiteOrderFields" VALUES(2,2,'llvm_project_revision','run_order',0);
CREATE TABLE "TestSuiteSampleFields" (
	"ID" INTEGER NOT NULL, 
	"TestSuiteID" INTEGER, 
	"Name" VARCHAR(256), 
	"Type" INTEGER, 
	"InfoKey" VARCHAR(256), 
	status_field INTEGER, bigger_is_better INTEGER DEFAULT 0, 
	PRIMARY KEY ("ID"), 
	FOREIGN KEY("TestSuiteID") REFERENCES "TestSuite" ("ID"), 
	FOREIGN KEY("Type") REFERENCES "SampleType" ("ID"), 
	FOREIGN KEY(status_field) REFERENCES "TestSuiteSampleFields" ("ID")
);
INSERT INTO "TestSuiteSampleFields" VALUES(1,1,'compile_status',2,'.compile.status',NULL,0);
INSERT INTO "TestSuiteSampleFields" VALUES(2,1,'execution_status',2,'.exec.status',NULL,0);
INSERT INTO "TestSuiteSampleFields" VALUES(3,1,'compile_time',1,'.compile',1,0);
INSERT INTO "TestSuiteSampleFields" VALUES(4,1,'execution_time',1,'.exec',2,0);
INSERT INTO "TestSuiteSampleFields" VALUES(5,2,'user_status',2,'.user.status',NULL,0);
INSERT INTO "TestSuiteSampleFields" VALUES(6,2,'sys_status',2,'.sys.status',NULL,0);
INSERT INTO "TestSuiteSampleFields" VALUES(7,2,'wall_status',2,'.wall.status',NULL,0);
INSERT INTO "TestSuiteSampleFields" VALUES(8,2,'size_status',2,'.size.status',NULL,0);
INSERT INTO "TestSuiteSampleFields" VALUES(9,2,'mem_status',2,'.mem.status',NULL,0);
INSERT INTO "TestSuiteSampleFields" VALUES(10,2,'user_time',1,'.user',5,0);
INSERT INTO "TestSuiteSampleFields" VALUES(11,2,'sys_time',1,'.sys',6,0);
INSERT INTO "TestSuiteSampleFields" VALUES(12,2,'wall_time',1,'.wall',7,0);
INSERT INTO "TestSuiteSampleFields" VALUES(13,2,'size_bytes',1,'.size',8,0);
INSERT INTO "TestSuiteSampleFields" VALUES(14,2,'mem_bytes',1,'.mem',9,0);
INSERT INTO "TestSuiteSampleFields" VALUES(15,1,'score',1,'.score',NULL,1);
CREATE TABLE "TestSuiteMachineFields" (
	"ID" INTEGER NOT NULL, 
	"TestSuiteID" INTEGER, 
	"Name" VARCHAR(256), 
	"InfoKey" VARCHAR(256), 
	PRIMARY KEY ("ID"), 
	FOREIGN KEY("TestSuiteID") REFERENCES "TestSuite" ("ID")
);
INSERT INTO "TestSuiteMachineFields" VALUES(1,1,'hardware','hardware');
INSERT INTO "TestSuiteMachineFields" VALUES(2,1,'os','os');
INSERT INTO "TestSuiteMachineFields" VALUES(3,2,'hardware','hw.model');
INSERT INTO "TestSuiteMachineFields" VALUES(4,2,'os_version','kern.version');
CREATE TABLE "NT_Order" (
	"ID" INTEGER NOT NULL, 
	"NextOrder" INTEGER, 
	"PreviousOrder" INTEGER, 
	llvm_project_revision VARCHAR(256), 
	PRIMARY KEY ("ID"), 
	FOREIGN KEY("NextOrder") REFERENCES "NT_Order" ("ID"), 
	FOREIGN KEY("PreviousOrder") REFERENCES "NT_Order" ("ID")
);
INSERT INTO "NT_Order" VALUES(3,NULL,4,'154331');
INSERT INTO "NT_Order" VALUES(4,3,NULL,'152289');
CREATE TABLE "NT_Machine" (
	"ID" INTEGER NOT NULL, 
	"Name" VARCHAR(256), 
	"Parameters" BLOB, 
	hardware VARCHAR(256), 
	os VARCHAR(256), 
	PRIMARY KEY ("ID")
);
INSERT INTO "NT_Machine" VALUES(1,'localhost__clang_DEV__x86_64','[["name", "localhost"], ["uname", "Darwin localhost 11.3.0 Darwin Kernel Version 11.3.0: Thu Jan 12 18:47:41 PST 2012; root:xnu-1699.24.23~1/RELEASE_X86_64 x86_64"]]','x86_64','Darwin 11.3.0');
CREATE TABLE "NT_Test" (
	"ID" INTEGER NOT NULL, 
	"Name" VARCHAR(256), 
	PRIMARY KEY ("ID")
);
INSERT INTO "NT_Test" VALUES(1,'SingleSource/UnitTests/2006-12-01-float_varg');
INSERT INTO "NT_Test" VALUES(2,'SingleSource/UnitTests/2005-07-15-Bitfield-ABI');
INSERT INTO "NT_Test" VALUES(3,'SingleSource/UnitTests/2003-10-29-ScalarReplBug');
INSERT INTO "NT_Test" VALUES(4,'SingleSource/UnitTests/Vector/simple');
INSERT INTO "NT_Test" VALUES(5,'SingleSource/UnitTests/ms_struct-bitfield-1');
INSERT INTO "NT_Test" VALUES(6,'SingleSource/UnitTests/2003-07-09-LoadShorts');
INSERT INTO "NT_Test" VALUES(7,'SingleSource/UnitTests/ObjC/dot-syntax');
INSERT INTO "NT_Test" VALUES(8,'SingleSource/UnitTests/conditional-gnu-ext-cxx');
INSERT INTO "NT_Test" VALUES(9,'SingleSource/UnitTests/ObjC/property');
INSERT INTO "NT_Test" VALUES(10,'SingleSource/UnitTests/2003-05-14-AtExit');
INSERT INTO "NT_Test" VALUES(11,'SingleSource/UnitTests/blockstret');
INSERT INTO "NT_Test" VALUES(12,'SingleSource/UnitTests/2002-04-17-PrintfChar');
INSERT INTO "NT_Test" VALUES(13,'SingleSource/UnitTests/2006-01-29-SimpleIndirectCall');
INSERT INTO "NT_Test" VALUES(14,'SingleSource/UnitTests/block-byref-test');
INSERT INTO "NT_Test" VALUES(15,'SingleSource/UnitTests/SignlessTypes/Large/cast');
INSERT INTO "NT_Test" VALUES(16,'SingleSource/UnitTests/block-call-r7674133');
INSERT INTO "NT_Test" VALUES(17,'SingleSource/UnitTests/2006-12-07-Compare64BitConstant');
INSERT INTO "NT_Test" VALUES(18,'SingleSource/UnitTests/2003-07-08-BitOpsTest');
INSERT INTO "NT_Test" VALUES(19,'SingleSource/UnitTests/2002-05-02-ArgumentTest');
INSERT INTO "NT_Test" VALUES(20,'SingleSource/UnitTests/ObjC++/property-reference-object');
INSERT INTO "NT_Test" VALUES(21,'SingleSource/UnitTests/2004-11-28-GlobalBoolLayout');
INSERT INTO "NT_Test" VALUES(22,'SingleSource/UnitTests/2002-08-19-CodegenBug');
INSERT INTO "NT_Test" VALUES(23,'SingleSource/UnitTests/2002-10-09-ArrayResolution');
INSERT INTO "NT_Test" VALUES(24,'SingleSource/UnitTests/2005-05-12-Int64ToFP');
INSERT INTO "NT_Test" VALUES(25,'SingleSource/UnitTests/ObjC/protocols');
INSERT INTO "NT_Test" VALUES(26,'SingleSource/UnitTests/ObjC/parameter-passing');
INSERT INTO "NT_Test" VALUES(27,'SingleSource/UnitTests/FloatPrecision');
INSERT INTO "NT_Test" VALUES(28,'SingleSource/UnitTests/2002-05-19-DivTest');
INSERT INTO "NT_Test" VALUES(29,'SingleSource/UnitTests/ObjC/exceptions-4');
INSERT INTO "NT_Test" VALUES(30,'SingleSource/UnitTests/2003-07-06-IntOverflow');
INSERT INTO "NT_Test" VALUES(31,'SingleSource/UnitTests/byval-alignment');
INSERT INTO "NT_Test" VALUES(32,'SingleSource/UnitTests/block-copied-in-cxxobj');
INSERT INTO "NT_Test" VALUES(33,'SingleSource/UnitTests/Vector/SSE/sse_isamax');
INSERT INTO "NT_Test" VALUES(34,'SingleSource/UnitTests/Vector/SSE/sse_shift');
INSERT INTO "NT_Test" VALUES(35,'SingleSource/UnitTests/2002-10-13-BadLoad');
INSERT INTO "NT_Test" VALUES(36,'SingleSource/UnitTests/ms_struct_pack_layout-1');
INSERT INTO "NT_Test" VALUES(37,'SingleSource/UnitTests/2009-12-07-StructReturn');
INSERT INTO "NT_Test" VALUES(38,'SingleSource/UnitTests/initp1');
INSERT INTO "NT_Test" VALUES(39,'SingleSource/UnitTests/2003-05-31-CastToBool');
INSERT INTO "NT_Test" VALUES(40,'SingleSource/UnitTests/2006-01-23-UnionInit');
INSERT INTO "NT_Test" VALUES(41,'SingleSource/UnitTests/2004-06-20-StaticBitfieldInit');
INSERT INTO "NT_Test" VALUES(42,'SingleSource/UnitTests/ms_struct-bitfield-init-1');
INSERT INTO "NT_Test" VALUES(43,'SingleSource/UnitTests/2009-04-16-BitfieldInitialization');
INSERT INTO "NT_Test" VALUES(44,'SingleSource/UnitTests/Vector/sumarray-dbl');
INSERT INTO "NT_Test" VALUES(45,'SingleSource/UnitTests/vla');
INSERT INTO "NT_Test" VALUES(46,'SingleSource/UnitTests/2003-09-18-BitFieldTest');
INSERT INTO "NT_Test" VALUES(47,'SingleSource/UnitTests/conditional-gnu-ext');
INSERT INTO "NT_Test" VALUES(48,'SingleSource/UnitTests/2003-08-11-VaListArg');
INSERT INTO "NT_Test" VALUES(49,'SingleSource/UnitTests/DefaultInitDynArrays');
INSERT INTO "NT_Test" VALUES(50,'SingleSource/UnitTests/2003-04-22-Switch');
INSERT INTO "NT_Test" VALUES(51,'SingleSource/UnitTests/stmtexpr');
INSERT INTO "NT_Test" VALUES(52,'SingleSource/UnitTests/SignlessTypes/ccc');
INSERT INTO "NT_Test" VALUES(53,'SingleSource/UnitTests/printargs');
INSERT INTO "NT_Test" VALUES(54,'SingleSource/UnitTests/2003-05-31-LongShifts');
INSERT INTO "NT_Test" VALUES(55,'SingleSource/UnitTests/Vector/SSE/sse_expandfft');
INSERT INTO "NT_Test" VALUES(56,'SingleSource/UnitTests/2002-05-02-ManyArguments');
INSERT INTO "NT_Test" VALUES(57,'SingleSource/UnitTests/block-byref-cxxobj-test');
INSERT INTO "NT_Test" VALUES(58,'SingleSource/UnitTests/ObjC/messages-2');
INSERT INTO "NT_Test" VALUES(59,'SingleSource/UnitTests/2002-10-12-StructureArgs');
INSERT INTO "NT_Test" VALUES(60,'SingleSource/UnitTests/ObjC/constant-strings');
INSERT INTO "NT_Test" VALUES(61,'SingleSource/UnitTests/2003-08-05-CastFPToUint');
INSERT INTO "NT_Test" VALUES(62,'SingleSource/UnitTests/Vector/build');
INSERT INTO "NT_Test" VALUES(63,'SingleSource/UnitTests/2010-05-24-BitfieldTest');
INSERT INTO "NT_Test" VALUES(64,'SingleSource/UnitTests/2005-07-17-INT-To-FP');
INSERT INTO "NT_Test" VALUES(65,'SingleSource/UnitTests/2008-04-18-LoopBug');
INSERT INTO "NT_Test" VALUES(66,'SingleSource/UnitTests/2003-05-26-Shorts');
INSERT INTO "NT_Test" VALUES(67,'SingleSource/UnitTests/SignlessTypes/factor');
INSERT INTO "NT_Test" VALUES(68,'SingleSource/UnitTests/ObjC/trivial-interface');
INSERT INTO "NT_Test" VALUES(69,'SingleSource/UnitTests/2002-10-12-StructureArgsSimple');
INSERT INTO "NT_Test" VALUES(70,'SingleSource/UnitTests/ObjC/for-in');
INSERT INTO "NT_Test" VALUES(71,'SingleSource/UnitTests/ObjC++/reference-in-block-args');
INSERT INTO "NT_Test" VALUES(72,'SingleSource/UnitTests/TestLoop');
INSERT INTO "NT_Test" VALUES(73,'SingleSource/UnitTests/ms_struct-bitfield');
INSERT INTO "NT_Test" VALUES(74,'SingleSource/UnitTests/StructModifyTest');
INSERT INTO "NT_Test" VALUES(75,'SingleSource/UnitTests/2007-01-04-KNR-Args');
INSERT INTO "NT_Test" VALUES(76,'SingleSource/UnitTests/ObjC++/Hello');
INSERT INTO "NT_Test" VALUES(77,'SingleSource/UnitTests/2003-05-12-MinIntProblem');
INSERT INTO "NT_Test" VALUES(78,'SingleSource/UnitTests/2006-12-11-LoadConstants');
INSERT INTO "NT_Test" VALUES(79,'SingleSource/UnitTests/2008-04-20-LoopBug2');
INSERT INTO "NT_Test" VALUES(80,'SingleSource/UnitTests/ObjC/messages');
INSERT INTO "NT_Test" VALUES(81,'SingleSource/UnitTests/ObjC/exceptions-3');
INSERT INTO "NT_Test" VALUES(82,'SingleSource/UnitTests/2003-07-10-SignConversions');
INSERT INTO "NT_Test" VALUES(83,'SingleSource/UnitTests/block-copied-in-cxxobj-1');
INSERT INTO "NT_Test" VALUES(84,'SingleSource/UnitTests/ObjC/predefined-expr-in-method');
INSERT INTO "NT_Test" VALUES(85,'SingleSource/UnitTests/2005-11-29-LongSwitch');
INSERT INTO "NT_Test" VALUES(86,'SingleSource/UnitTests/ObjC/bitfield-access-2');
INSERT INTO "NT_Test" VALUES(87,'SingleSource/UnitTests/ObjC/block-byref-aggr');
INSERT INTO "NT_Test" VALUES(88,'SingleSource/UnitTests/Vector/divides');
INSERT INTO "NT_Test" VALUES(89,'SingleSource/UnitTests/ObjC/exceptions');
INSERT INTO "NT_Test" VALUES(90,'SingleSource/UnitTests/Vector/build2');
INSERT INTO "NT_Test" VALUES(91,'SingleSource/UnitTests/SignlessTypes/cast2');
INSERT INTO "NT_Test" VALUES(92,'SingleSource/UnitTests/2007-04-10-BitfieldTest');
INSERT INTO "NT_Test" VALUES(93,'SingleSource/UnitTests/2002-05-02-CastTest2');
INSERT INTO "NT_Test" VALUES(94,'SingleSource/UnitTests/2008-07-13-InlineSetjmp');
INSERT INTO "NT_Test" VALUES(95,'SingleSource/UnitTests/SignlessTypes/cast-bug');
INSERT INTO "NT_Test" VALUES(96,'SingleSource/UnitTests/ObjC++/property-reference');
INSERT INTO "NT_Test" VALUES(97,'SingleSource/UnitTests/2002-05-02-CastTest3');
INSERT INTO "NT_Test" VALUES(98,'SingleSource/UnitTests/2003-07-09-SignedArgs');
INSERT INTO "NT_Test" VALUES(99,'SingleSource/UnitTests/2005-05-11-Popcount-ffs-fls');
INSERT INTO "NT_Test" VALUES(100,'SingleSource/UnitTests/ObjC/bitfield-access');
INSERT INTO "NT_Test" VALUES(101,'SingleSource/UnitTests/2003-05-07-VarArgs');
INSERT INTO "NT_Test" VALUES(102,'SingleSource/UnitTests/Vector/sumarray');
INSERT INTO "NT_Test" VALUES(103,'SingleSource/UnitTests/SignlessTypes/shr');
INSERT INTO "NT_Test" VALUES(104,'SingleSource/UnitTests/member-function-pointers');
INSERT INTO "NT_Test" VALUES(105,'SingleSource/UnitTests/2002-12-13-MishaTest');
INSERT INTO "NT_Test" VALUES(106,'SingleSource/UnitTests/2002-05-03-NotTest');
INSERT INTO "NT_Test" VALUES(107,'SingleSource/UnitTests/AtomicOps');
INSERT INTO "NT_Test" VALUES(108,'SingleSource/UnitTests/2007-03-02-VaCopy');
INSERT INTO "NT_Test" VALUES(109,'SingleSource/UnitTests/SignlessTypes/rem');
INSERT INTO "NT_Test" VALUES(110,'SingleSource/UnitTests/ObjC/dot-syntax-1');
INSERT INTO "NT_Test" VALUES(111,'SingleSource/UnitTests/2006-02-04-DivRem');
INSERT INTO "NT_Test" VALUES(112,'SingleSource/UnitTests/2002-08-02-CastTest');
INSERT INTO "NT_Test" VALUES(113,'SingleSource/UnitTests/Vector/multiplies');
INSERT INTO "NT_Test" VALUES(114,'SingleSource/UnitTests/2002-05-02-CastTest');
INSERT INTO "NT_Test" VALUES(115,'SingleSource/UnitTests/ms_struct_pack_layout');
INSERT INTO "NT_Test" VALUES(116,'SingleSource/UnitTests/2002-05-02-CastTest1');
INSERT INTO "NT_Test" VALUES(117,'SingleSource/UnitTests/2003-05-02-DependentPHI');
INSERT INTO "NT_Test" VALUES(118,'SingleSource/UnitTests/SignlessTypes/div');
INSERT INTO "NT_Test" VALUES(119,'SingleSource/UnitTests/Vector/SSE/sse_stepfft');
INSERT INTO "NT_Test" VALUES(120,'SingleSource/UnitTests/2004-02-02-NegativeZero');
INSERT INTO "NT_Test" VALUES(121,'SingleSource/UnitTests/ObjC/synchronized');
INSERT INTO "NT_Test" VALUES(122,'SingleSource/UnitTests/2002-08-02-CastTest2');
INSERT INTO "NT_Test" VALUES(123,'SingleSource/UnitTests/2003-10-13-SwitchTest');
INSERT INTO "NT_Test" VALUES(124,'SingleSource/UnitTests/ms_struct-bitfield-init');
INSERT INTO "NT_Test" VALUES(125,'SingleSource/UnitTests/2006-12-04-DynAllocAndRestore');
INSERT INTO "NT_Test" VALUES(126,'SingleSource/UnitTests/ObjC/exceptions-2');
INSERT INTO "NT_Test" VALUES(127,'SingleSource/UnitTests/2005-05-13-SDivTwo');
INSERT INTO "NT_Test" VALUES(128,'SingleSource/UnitTests/ObjC/instance-method-metadata');
INSERT INTO "NT_Test" VALUES(129,'SingleSource/UnitTests/2003-08-20-FoldBug');
INSERT INTO "NT_Test" VALUES(130,'SingleSource/UnitTests/ObjC/dot-syntax-2');
CREATE TABLE "NT_Run" (
	"ID" INTEGER NOT NULL, 
	"MachineID" INTEGER, 
	"OrderID" INTEGER, 
	"ImportedFrom" VARCHAR(512), 
	"StartTime" DATETIME, 
	"EndTime" DATETIME, 
	"SimpleRunID" INTEGER, 
	"Parameters" BLOB, 
	PRIMARY KEY ("ID"), 
	FOREIGN KEY("MachineID") REFERENCES "NT_Machine" ("ID"), 
	FOREIGN KEY("OrderID") REFERENCES "NT_Order" ("ID")
);
INSERT INTO "NT_Run" VALUES(1,1,3,'server/db/Inputs/lnt_v0.4.0_filled_instance/lnt_tmp/default/2012-04/data-2012-04-11_16-47-40bEjSGd.plist','2012-04-11 16:28:23.000000','2012-04-11 16:28:58.000000',NULL,'[["ARCH", "x86_64"], ["CC_UNDER_TEST_IS_CLANG", "1"], ["CC_UNDER_TEST_TARGET_IS_X86_64", "1"], ["DISABLE_CBE", "1"], ["DISABLE_JIT", "1"], ["ENABLE_HASHED_PROGRAM_OUTPUT", "1"], ["ENABLE_OPTIMIZED", "1"], ["LLC_OPTFLAGS", "-O3"], ["LLI_OPTFLAGS", "-O3"], ["OPTFLAGS", "-O3"], ["TARGET_CC", "None"], ["TARGET_CXX", "None"], ["TARGET_FLAGS", ""], ["TARGET_LLVMGCC", "/tmp/bin/clang"], ["TARGET_LLVMGXX", "/tmp/bin/clang++"], ["TEST", "simple"], ["USE_REFERENCE_OUTPUT", "1"], ["__report_version__", "1"], ["cc1_exec_hash", "faf962f75130a6a50b5e8f61048c27ece631d0fd"], ["cc_alt_src_branch", "trunk"], ["cc_alt_src_revision", "154329"], ["cc_as_version", "LLVM (http://llvm.org/):\n  LLVM version 3.1svn\n  Optimized build.\n  Built Apr  9 2012 (11:55:07).\n  Default target: x86_64-apple-darwin11.3.0\n  Host CPU: corei7-avx"], ["cc_build", "DEV"], ["cc_exec_hash", "faf962f75130a6a50b5e8f61048c27ece631d0fd"], ["cc_ld_version", "@(#)PROGRAM:ld  PROJECT:ld64-123.2.1\nLibrary search paths:\n\t/usr/lib\n\t/usr/local/lib\nFramework search paths:\n\t/Library/Frameworks/\n\t/System/Library/Frameworks/"], ["cc_name", "clang"], ["cc_src_branch", "trunk"], ["cc_src_revision", "154331"], ["cc_target", "x86_64-apple-macosx10.7.0"], ["cc_version", "clang version 3.1 (trunk 154331) (llvm/trunk 154329)\nTarget: x86_64-apple-darwin11.3.0\nThread model: posix\n \"/tmp/bin/clang\" \"-cc1\" \"-triple\" \"x86_64-apple-macosx10.7.0\" \"-E\" \"-disable-free\" \"-disable-llvm-verifier\" \"-main-file-name\" \"null\" \"-pic-level\" \"2\" \"-mdisable-fp-elim\" \"-masm-verbose\" \"-munwind-tables\" \"-target-cpu\" \"core2\" \"-v\" \"-resource-dir\" \"/tmp/bin/../lib/clang/3.1\" \"-fmodule-cache-path\" \"/var/folders/32/jb9nf1gs6hx12s0brx1xdy8w0000gn/T/clang-module-cache\" \"-fdebug-compilation-dir\" \"/tmp/SANDBOX\" \"-ferror-limit\" \"19\" \"-fmessage-length\" \"0\" \"-stack-protector\" \"1\" \"-mstackrealign\" \"-fblocks\" \"-fobjc-runtime-has-arc\" \"-fobjc-runtime-has-weak\" \"-fobjc-dispatch-method=mixed\" \"-fobjc-default-synthesize-properties\" \"-fdiagnostics-show-option\" \"-o\" \"-\" \"-x\" \"c\" \"/dev/null\""], ["cc_version_number", "3.1"], ["inferred_run_order", "154331"], ["sw_vers", "ProductName:\tMac OS X\nProductVersion:\t10.7.3\nBuildVersion:\t11D50b"], ["test_suite_revision", "154271"]]');
INSERT INTO "NT_Run" VALUES(2,1,4,'report.json','2012-04-11 21:13:53.000000','2012-04-11 21:14:49.000000',NULL,'[["ARCH", "x86_64"], ["CC_UNDER_TEST_IS_CLANG", "1"], ["CC_UNDER_TEST_TARGET_IS_X86_64", "1"], ["DISABLE_CBE", "1"], ["DISABLE_JIT", "1"], ["ENABLE_HASHED_PROGRAM_OUTPUT", "1"], ["ENABLE_OPTIMIZED", "1"], ["LLC_OPTFLAGS", "-O3"], ["LLI_OPTFLAGS", "-O3"], ["OPTFLAGS", "-O3"], ["TARGET_CC", "None"], ["TARGET_CXX", "None"], ["TARGET_FLAGS", ""], ["TARGET_LLVMGCC", "/tmp/bin/clang"], ["TARGET_LLVMGXX", "/tmp/bin/clang++"], ["TEST", "simple"], ["USE_REFERENCE_OUTPUT", "1"], ["__report_version__", "1"], ["cc1_exec_hash", "984ed8386e2acc8aef74ac3e59ef5e18b7406257"], ["cc_alt_src_branch", "trunk"], ["cc_alt_src_revision", "152288"], ["cc_as_version", "LLVM (http://llvm.org/):\n  LLVM version 3.1svn\n  Optimized build.\n  Built Mar  7 2012 (15:19:54).\n  Default target: x86_64-apple-darwin11.3.0\n  Host CPU: corei7-avx"], ["cc_build", "DEV"], ["cc_exec_hash", "984ed8386e2acc8aef74ac3e59ef5e18b7406257"], ["cc_ld_version", "@(#)PROGRAM:ld  PROJECT:ld64-123.2.1\nLibrary search paths:\n\t/usr/lib\n\t/usr/local/lib\nFramework search paths:\n\t/Library/Frameworks/\n\t/System/Library/Frameworks/"], ["cc_name", "clang"], ["cc_src_branch", "trunk"], ["cc_src_revision", "152289"], ["cc_target", "x86_64-apple-macosx10.7.0"], ["cc_version", "clang version 3.1 (trunk 152289) (llvm/trunk 152288)\nTarget: x86_64-apple-darwin11.3.0\nThread model: posix\n \"/tmp/bin/clang\" \"-cc1\" \"-triple\" \"x86_64-apple-macosx10.7.0\" \"-E\" \"-disable-free\" \"-disable-llvm-verifier\" \"-main-file-name\" \"null\" \"-pic-level\" \"1\" \"-mdisable-fp-elim\" \"-masm-verbose\" \"-munwind-tables\" \"-target-cpu\" \"core2\" \"-v\" \"-resource-dir\" \"/tmp/bin/../lib/clang/3.1\" \"-fmodule-cache-path\" \"/var/folders/32/jb9nf1gs6hx12s0brx1xdy8w0000gn/T/clang-module-cache\" \"-fdebug-compilation-dir\" \"/tmp/SANDBOX\" \"-ferror-limit\" \"19\" \"-fmessage-length\" \"0\" \"-stack-protector\" \"1\" \"-mstackrealign\" \"-fblocks\" \"-fobjc-runtime-has-arc\" \"-fobjc-runtime-has-weak\" \"-fobjc-dispatch-method=mixed\" \"-fobjc-default-synthesize-properties\" \"-fdiagnostics-show-option\" \"-o\" \"-\" \"-x\" \"c\" \"/dev/null\""], ["cc_version_number", "3.1"], ["inferred_run_order", "152289"], ["sw_vers", "ProductName:\tMac OS X\nProductVersion:\t10.7.3\nBuildVersion:\t11D50b"], ["test_suite_revision", "154271"]]');
CREATE TABLE "NT_Sample" (
	"ID" INTEGER NOT NULL, 
	"RunID" INTEGER, 
	"TestID" INTEGER, 
	compile_status INTEGER, 
	execution_status INTEGER, 
	compile_time FLOAT, 
	execution_time FLOAT, score FLOAT, 
	PRIMARY KEY ("ID"), 
	FOREIGN KEY("RunID") REFERENCES "NT_Run" ("ID"), 
	FOREIGN KEY("TestID") REFERENCES "NT_Test" ("ID"), 
	FOREIGN KEY(compile_status) REFERENCES "StatusKind" ("ID"), 
	FOREIGN KEY(execution_status) REFERENCES "StatusKind" ("ID")
);
INSERT INTO "NT_Sample" VALUES(1,1,1,NULL,NULL,0.007,0.0003,NULL);
INSERT INTO "NT_Sample" VALUES(2,1,2,NULL,NULL,0.0072,0.0003,NULL);
INSERT INTO "NT_Sample" VALUES(3,1,3,NULL,NULL,0.0072,0.0003,NULL);
INSERT INTO "NT_Sample" VALUES(4,1,4,NULL,NULL,0.0134,0.0003,NULL);
INSERT INTO "NT_Sample" VALUES(5,1,5,NULL,NULL,0.0049,0.0003,NULL);
INSERT INTO "NT_Sample" VALUES(6,1,6,NULL,NULL,0.0122,0.0003,NULL);
INSERT INTO "NT_Sample" VALUES(7,1,7,NULL,NULL,0.0223,0.003,NULL);
INSERT INTO "NT_Sample" VALUES(8,1,8,NULL,NULL,0.0082,0.0003,NULL);
INSERT INTO "NT_Sample" VALUES(9,1,9,NULL,NULL,0.2239,0.0031,NULL);
INSERT INTO "NT_Sample" VALUES(10,1,10,NULL,NULL,0.01,0.0003,NULL);
INSERT INTO "NT_Sample" VALUES(11,1,11,NULL,NULL,0.0089,0.0003,NULL);
INSERT INTO "NT_Sample" VALUES(12,1,12,NULL,NULL,0.0056,0.0003,NULL);
INSERT INTO "NT_Sample" VALUES(13,1,13,NULL,NULL,0.0075,0.0003,NULL);
INSERT INTO "NT_Sample" VALUES(14,1,14,NULL,NULL,0.008,0.0003,NULL);
INSERT INTO "NT_Sample" VALUES(15,1,15,NULL,NULL,0.0314,0.0087,NULL);
INSERT INTO "NT_Sample" VALUES(16,1,16,NULL,NULL,0.0072,0.0003,NULL);
INSERT INTO "NT_Sample" VALUES(17,1,17,NULL,NULL,0.0115,0.0003,NULL);
INSERT INTO "NT_Sample" VALUES(18,1,18,NULL,NULL,0.0079,0.0003,NULL);
INSERT INTO "NT_Sample" VALUES(19,1,19,NULL,NULL,0.0058,0.0003,NULL);
INSERT INTO "NT_Sample" VALUES(20,1,20,NULL,NULL,0.3569,0.0031,NULL);
INSERT INTO "NT_Sample" VALUES(21,1,21,NULL,NULL,0.0108,0.0003,NULL);
INSERT INTO "NT_Sample" VALUES(22,1,22,NULL,NULL,0.0097,0.0003,NULL);
INSERT INTO "NT_Sample" VALUES(23,1,23,NULL,NULL,0.0077,0.0003,NULL);
INSERT INTO "NT_Sample" VALUES(24,1,24,NULL,NULL,0.0085,0.0003,NULL);
INSERT INTO "NT_Sample" VALUES(25,1,25,NULL,NULL,0.0193,0.003,NULL);
INSERT INTO "NT_Sample" VALUES(26,1,26,NULL,NULL,0.2268,0.0031,NULL);
INSERT INTO "NT_Sample" VALUES(27,1,27,NULL,NULL,0.0078,0.0003,NULL);
INSERT INTO "NT_Sample" VALUES(28,1,28,NULL,NULL,0.0082,0.0003,NULL);
INSERT INTO "NT_Sample" VALUES(29,1,29,NULL,NULL,0.2103,0.0048,NULL);
INSERT INTO "NT_Sample" VALUES(30,1,30,NULL,NULL,0.0112,0.0003,NULL);
INSERT INTO "NT_Sample" VALUES(31,1,31,NULL,NULL,0.0079,0.0003,NULL);
INSERT INTO "NT_Sample" VALUES(32,1,32,NULL,NULL,0.0186,0.0003,NULL);
INSERT INTO "NT_Sample" VALUES(33,1,33,NULL,NULL,0.0388,0.0003,NULL);
INSERT INTO "NT_Sample" VALUES(34,1,34,NULL,NULL,0.0217,0.0003,NULL);
INSERT INTO "NT_Sample" VALUES(35,1,35,NULL,NULL,0.0055,0.0003,NULL);
INSERT INTO "NT_Sample" VALUES(36,1,36,NULL,NULL,0.0046,0.0003,NULL);
INSERT INTO "NT_Sample" VALUES(37,1,37,NULL,NULL,0.0073,0.0003,NULL);
INSERT INTO "NT_Sample" VALUES(38,1,38,NULL,NULL,0.024,0.0003,NULL);
INSERT INTO "NT_Sample" VALUES(39,1,39,NULL,NULL,0.0119,0.0003,NULL);
INSERT INTO "NT_Sample" VALUES(40,1,40,NULL,NULL,0.0129,0.0003,NULL);
INSERT INTO "NT_Sample" VALUES(41,1,41,NULL,NULL,0.0072,0.0003,NULL);
INSERT INTO "NT_Sample" VALUES(42,1,42,NULL,NULL,0.0119,0.0003,NULL);
INSERT INTO "NT_Sample" VALUES(43,1,43,NULL,NULL,0.0114,0.0003,NULL);
INSERT INTO "NT_Sample" VALUES(44,1,44,NULL,NULL,0.0107,0.0003,NULL);
INSERT INTO "NT_Sample" VALUES(45,1,45,NULL,NULL,0.0194,0.0003,NULL);
INSERT INTO "NT_Sample" VALUES(46,1,46,NULL,NULL,0.0076,0.0003,NULL);
INSERT INTO "NT_Sample" VALUES(47,1,47,NULL,NULL,0.0066,0.0003,NULL);
INSERT INTO "NT_Sample" VALUES(48,1,48,NULL,NULL,0.0227,0.0003,NULL);
INSERT INTO "NT_Sample" VALUES(49,1,49,NULL,NULL,0.0159,0.0003,NULL);
INSERT INTO "NT_Sample" VALUES(50,1,50,NULL,NULL,0.009,0.0003,NULL);
INSERT INTO "NT_Sample" VALUES(51,1,51,NULL,NULL,0.009,0.0003,NULL);
INSERT INTO "NT_Sample" VALUES(52,1,52,NULL,NULL,0.016,0.0003,NULL);
INSERT INTO "NT_Sample" VALUES(53,1,53,NULL,NULL,0.0085,0.0003,NULL);
INSERT INTO "NT_Sample" VALUES(54,1,54,NULL,NULL,0.0081,0.0003,NULL);
INSERT INTO "NT_Sample" VALUES(55,1,55,NULL,NULL,0.0652,0.2459,NULL);
INSERT INTO "NT_Sample" VALUES(56,1,56,NULL,NULL,0.009,0.0003,NULL);
INSERT INTO "NT_Sample" VALUES(57,1,57,NULL,NULL,0.0148,0.0003,NULL);
INSERT INTO "NT_Sample" VALUES(58,1,58,NULL,NULL,0.0356,0.003,NULL);
INSERT INTO "NT_Sample" VALUES(59,1,59,NULL,NULL,0.0075,0.0003,NULL);
INSERT INTO "NT_Sample" VALUES(60,1,60,NULL,NULL,0.0072,0.0031,NULL);
INSERT INTO "NT_Sample" VALUES(61,1,61,NULL,NULL,0.0104,0.0003,NULL);
INSERT INTO "NT_Sample" VALUES(62,1,62,NULL,NULL,0.0121,0.0003,NULL);
INSERT INTO "NT_Sample" VALUES(63,1,63,NULL,NULL,0.0074,0.0003,NULL);
INSERT INTO "NT_Sample" VALUES(64,1,64,NULL,NULL,0.0107,0.0005,NULL);
INSERT INTO "NT_Sample" VALUES(65,1,65,NULL,NULL,0.0082,0.0003,NULL);
INSERT INTO "NT_Sample" VALUES(66,1,66,NULL,NULL,0.01,0.0003,NULL);
INSERT INTO "NT_Sample" VALUES(67,1,67,NULL,NULL,0.0169,0.0003,NULL);
INSERT INTO "NT_Sample" VALUES(68,1,68,NULL,NULL,0.2071,0.0031,NULL);
INSERT INTO "NT_Sample" VALUES(69,1,69,NULL,NULL,0.0073,0.0003,NULL);
INSERT INTO "NT_Sample" VALUES(70,1,70,NULL,NULL,0.2147,0.0034,NULL);
INSERT INTO "NT_Sample" VALUES(71,1,71,NULL,NULL,0.0127,0.003,NULL);
INSERT INTO "NT_Sample" VALUES(72,1,72,NULL,NULL,0.0088,0.0003,NULL);
INSERT INTO "NT_Sample" VALUES(73,1,73,NULL,NULL,0.0053,0.0003,NULL);
INSERT INTO "NT_Sample" VALUES(74,1,74,NULL,NULL,0.0062,0.0003,NULL);
INSERT INTO "NT_Sample" VALUES(75,1,75,NULL,NULL,0.0086,0.0003,NULL);
INSERT INTO "NT_Sample" VALUES(76,1,76,NULL,NULL,0.3348,0.0032,NULL);
INSERT INTO "NT_Sample" VALUES(77,1,77,NULL,NULL,0.0075,0.0003,NULL);
INSERT INTO "NT_Sample" VALUES(78,1,78,NULL,NULL,0.0474,0.0003,NULL);
INSERT INTO "NT_Sample" VALUES(79,1,79,NULL,NULL,0.0129,0.0003,NULL);
INSERT INTO "NT_Sample" VALUES(80,1,80,NULL,NULL,0.0193,0.003,NULL);
INSERT INTO "NT_Sample" VALUES(81,1,81,NULL,NULL,0.2097,0.0031,NULL);
INSERT INTO "NT_Sample" VALUES(82,1,82,NULL,NULL,0.008,0.0003,NULL);
INSERT INTO "NT_Sample" VALUES(83,1,83,NULL,NULL,0.0165,0.0003,NULL);
INSERT INTO "NT_Sample" VALUES(84,1,84,NULL,NULL,0.0115,0.0031,NULL);
INSERT INTO "NT_Sample" VALUES(85,1,85,NULL,NULL,0.0078,0.0003,NULL);
INSERT INTO "NT_Sample" VALUES(86,1,86,NULL,NULL,0.0171,0.003,NULL);
INSERT INTO "NT_Sample" VALUES(87,1,87,NULL,NULL,0.3288,0.003,NULL);
INSERT INTO "NT_Sample" VALUES(88,1,88,NULL,NULL,0.009,0.0003,NULL);
INSERT INTO "NT_Sample" VALUES(89,1,89,NULL,NULL,0.227,0.0032,NULL);
INSERT INTO "NT_Sample" VALUES(90,1,90,NULL,NULL,0.0159,1.156,NULL);
INSERT INTO "NT_Sample" VALUES(91,1,91,NULL,NULL,0.0085,0.0003,NULL);
INSERT INTO "NT_Sample" VALUES(92,1,92,NULL,NULL,0.0094,0.0003,NULL);
INSERT INTO "NT_Sample" VALUES(93,1,93,NULL,NULL,0.0104,0.0003,NULL);
INSERT INTO "NT_Sample" VALUES(94,1,94,NULL,NULL,0.0079,0.0003,NULL);
INSERT INTO "NT_Sample" VALUES(95,1,95,NULL,NULL,0.0061,0.0003,NULL);
INSERT INTO "NT_Sample" VALUES(96,1,96,NULL,NULL,0.4295,0.006,NULL);
INSERT INTO "NT_Sample" VALUES(97,1,97,NULL,NULL,0.0055,0.0003,NULL);
INSERT INTO "NT_Sample" VALUES(98,1,98,NULL,NULL,0.0166,0.0003,NULL);
INSERT INTO "NT_Sample" VALUES(99,1,99,NULL,NULL,0.02,0.0003,NULL);
INSERT INTO "NT_Sample" VALUES(100,1,100,NULL,NULL,0.0171,0.003,NULL);
INSERT INTO "NT_Sample" VALUES(101,1,101,NULL,NULL,0.0166,0.0003,NULL);
INSERT INTO "NT_Sample" VALUES(102,1,102,NULL,NULL,0.0099,0.0003,NULL);
INSERT INTO "NT_Sample" VALUES(103,1,103,NULL,NULL,0.0139,0.0003,NULL);
INSERT INTO "NT_Sample" VALUES(104,1,104,NULL,NULL,0.012,0.0003,NULL);
INSERT INTO "NT_Sample" VALUES(105,1,105,NULL,NULL,0.0095,0.0003,NULL);
INSERT INTO "NT_Sample" VALUES(106,1,106,NULL,NULL,0.0087,0.0003,NULL);
INSERT INTO "NT_Sample" VALUES(107,1,107,NULL,NULL,0.0076,0.0003,NULL);
INSERT INTO "NT_Sample" VALUES(108,1,108,NULL,NULL,0.0088,0.0003,NULL);
INSERT INTO "NT_Sample" VALUES(109,1,109,NULL,NULL,0.0599,0.0009,NULL);
INSERT INTO "NT_Sample" VALUES(110,1,110,NULL,NULL,0.0264,0.0031,NULL);
INSERT INTO "NT_Sample" VALUES(111,1,111,NULL,NULL,0.0084,0.0003,NULL);
INSERT INTO "NT_Sample" VALUES(112,1,112,NULL,NULL,0.0072,0.0003,NULL);
INSERT INTO "NT_Sample" VALUES(113,1,113,NULL,NULL,0.0169,1.8812,NULL);
INSERT INTO "NT_Sample" VALUES(114,1,114,NULL,NULL,0.0131,0.0003,NULL);
INSERT INTO "NT_Sample" VALUES(115,1,115,NULL,NULL,0.0111,0.0003,NULL);
INSERT INTO "NT_Sample" VALUES(116,1,116,NULL,NULL,0.0049,0.0003,NULL);
INSERT INTO "NT_Sample" VALUES(117,1,117,NULL,NULL,0.0083,0.0003,NULL);
INSERT INTO "NT_Sample" VALUES(118,1,118,NULL,NULL,0.0139,0.0003,NULL);
INSERT INTO "NT_Sample" VALUES(119,1,119,NULL,NULL,0.0524,0.3313,NULL);
INSERT INTO "NT_Sample" VALUES(120,1,120,NULL,NULL,0.0056,0.0003,NULL);
INSERT INTO "NT_Sample" VALUES(121,1,121,NULL,NULL,0.2094,0.1217,NULL);
INSERT INTO "NT_Sample" VALUES(122,1,122,NULL,NULL,0.0066,0.0003,NULL);
INSERT INTO "NT_Sample" VALUES(123,1,123,NULL,NULL,0.0072,0.0003,NULL);
INSERT INTO "NT_Sample" VALUES(124,1,124,NULL,NULL,0.01,0.0003,NULL);
INSERT INTO "NT_Sample" VALUES(125,1,125,NULL,NULL,0.0069,0.0003,NULL);
INSERT INTO "NT_Sample" VALUES(126,1,126,NULL,NULL,0.2062,0.003,NULL);
INSERT INTO "NT_Sample" VALUES(127,1,127,NULL,NULL,0.0084,0.0003,NULL);
INSERT INTO "NT_Sample" VALUES(128,1,128,NULL,NULL,0.2126,0.003,NULL);
INSERT INTO "NT_Sample" VALUES(129,1,129,NULL,NULL,0.0076,0.0003,NULL);
INSERT INTO "NT_Sample" VALUES(130,1,130,NULL,NULL,0.0136,0.0032,NULL);
INSERT INTO "NT_Sample" VALUES(131,2,1,NULL,NULL,0.0098,0.0004,NULL);
INSERT INTO "NT_Sample" VALUES(132,2,2,NULL,NULL,0.0081,0.0004,NULL);
INSERT INTO "NT_Sample" VALUES(133,2,3,NULL,NULL,0.0125,0.0005,NULL);
INSERT INTO "NT_Sample" VALUES(134,2,4,NULL,NULL,0.0125,0.0003,NULL);
INSERT INTO "NT_Sample" VALUES(135,2,5,NULL,NULL,0.0082,0.0005,NULL);
INSERT INTO "NT_Sample" VALUES(136,2,6,NULL,NULL,0.0219,0.0004,NULL);
INSERT INTO "NT_Sample" VALUES(137,2,7,NULL,NULL,0.0201,0.0031,NULL);
INSERT INTO "NT_Sample" VALUES(138,2,8,NULL,NULL,0.0146,0.0003,NULL);
INSERT INTO "NT_Sample" VALUES(139,2,9,NULL,NULL,0.2444,0.0031,NULL);
INSERT INTO "NT_Sample" VALUES(140,2,10,NULL,NULL,0.0168,0.0004,NULL);
INSERT INTO "NT_Sample" VALUES(141,2,11,NULL,NULL,0.0156,0.0004,NULL);
INSERT INTO "NT_Sample" VALUES(142,2,12,NULL,NULL,0.0063,0.0004,NULL);
INSERT INTO "NT_Sample" VALUES(143,2,13,NULL,NULL,0.0116,0.0004,NULL);
INSERT INTO "NT_Sample" VALUES(144,2,14,NULL,NULL,0.011,0.0004,NULL);
INSERT INTO "NT_Sample" VALUES(145,2,15,NULL,NULL,0.0479,0.0109,NULL);
INSERT INTO "NT_Sample" VALUES(146,2,16,NULL,NULL,0.0074,0.0004,NULL);
INSERT INTO "NT_Sample" VALUES(147,2,17,NULL,NULL,0.01,0.0004,NULL);
INSERT INTO "NT_Sample" VALUES(148,2,18,NULL,NULL,0.0142,0.0005,NULL);
INSERT INTO "NT_Sample" VALUES(149,2,19,NULL,NULL,0.0062,0.0003,NULL);
INSERT INTO "NT_Sample" VALUES(150,2,20,NULL,NULL,0.3584,0.0032,NULL);
INSERT INTO "NT_Sample" VALUES(151,2,21,NULL,NULL,0.0192,0.0005,NULL);
INSERT INTO "NT_Sample" VALUES(152,2,22,NULL,NULL,0.0118,0.0003,NULL);
INSERT INTO "NT_Sample" VALUES(153,2,23,NULL,NULL,0.0085,0.0003,NULL);
INSERT INTO "NT_Sample" VALUES(154,2,24,NULL,NULL,0.0129,0.0005,NULL);
INSERT INTO "NT_Sample" VALUES(155,2,25,NULL,NULL,0.0182,0.0031,NULL);
INSERT INTO "NT_Sample" VALUES(156,2,26,NULL,NULL,0.2336,0.0031,NULL);
INSERT INTO "NT_Sample" VALUES(157,2,27,NULL,NULL,0.013,0.0004,NULL);
INSERT INTO "NT_Sample" VALUES(158,2,28,NULL,NULL,0.0095,0.0003,NULL);
INSERT INTO "NT_Sample" VALUES(159,2,29,NULL,NULL,0.2252,0.0049,NULL);
INSERT INTO "NT_Sample" VALUES(160,2,30,NULL,NULL,0.016,0.0005,NULL);
INSERT INTO "NT_Sample" VALUES(161,2,31,NULL,NULL,0.0138,0.0004,NULL);
INSERT INTO "NT_Sample" VALUES(162,2,32,NULL,NULL,0.0171,0.0003,NULL);
INSERT INTO "NT_Sample" VALUES(163,2,33,NULL,NULL,0.0447,0.0003,NULL);
INSERT INTO "NT_Sample" VALUES(164,2,34,NULL,NULL,0.0224,0.0003,NULL);
INSERT INTO "NT_Sample" VALUES(165,2,35,NULL,NULL,0.0066,0.0003,NULL);
INSERT INTO "NT_Sample" VALUES(166,2,36,NULL,NULL,0.0074,0.0004,NULL);
INSERT INTO "NT_Sample" VALUES(167,2,37,NULL,NULL,0.0081,0.0003,NULL);
INSERT INTO "NT_Sample" VALUES(168,2,38,NULL,NULL,0.0255,0.0003,NULL);
INSERT INTO "NT_Sample" VALUES(169,2,39,NULL,NULL,0.0167,0.0003,NULL);
INSERT INTO "NT_Sample" VALUES(170,2,40,NULL,NULL,0.0229,0.0005,NULL);
INSERT INTO "NT_Sample" VALUES(171,2,41,NULL,NULL,0.0113,0.0004,NULL);
INSERT INTO "NT_Sample" VALUES(172,2,42,NULL,NULL,0.024,0.0005,NULL);
INSERT INTO "NT_Sample" VALUES(173,2,43,NULL,NULL,0.012,0.0003,NULL);
INSERT INTO "NT_Sample" VALUES(174,2,44,NULL,NULL,0.0147,0.0004,NULL);
INSERT INTO "NT_Sample" VALUES(175,2,45,NULL,NULL,0.0366,0.0004,NULL);
INSERT INTO "NT_Sample" VALUES(176,2,46,NULL,NULL,0.0118,0.0004,NULL);
INSERT INTO "NT_Sample" VALUES(177,2,47,NULL,NULL,0.0098,0.0004,NULL);
INSERT INTO "NT_Sample" VALUES(178,2,48,NULL,NULL,0.0271,0.0004,NULL);
INSERT INTO "NT_Sample" VALUES(179,2,49,NULL,NULL,0.0168,0.0003,NULL);
INSERT INTO "NT_Sample" VALUES(180,2,50,NULL,NULL,0.014,0.0004,NULL);
INSERT INTO "NT_Sample" VALUES(181,2,51,NULL,NULL,0.0098,0.0004,NULL);
INSERT INTO "NT_Sample" VALUES(182,2,52,NULL,NULL,0.0149,0.0003,NULL);
INSERT INTO "NT_Sample" VALUES(183,2,53,NULL,NULL,0.0163,0.0005,NULL);
INSERT INTO "NT_Sample" VALUES(184,2,54,NULL,NULL,0.0129,0.0004,NULL);
INSERT INTO "NT_Sample" VALUES(185,2,55,NULL,NULL,0.0687,0.2524,NULL);
INSERT INTO "NT_Sample" VALUES(186,2,56,NULL,NULL,0.0107,0.0003,NULL);
INSERT INTO "NT_Sample" VALUES(187,2,57,NULL,NULL,0.0153,0.0003,NULL);
INSERT INTO "NT_Sample" VALUES(188,2,58,NULL,NULL,0.037,0.0031,NULL);
INSERT INTO "NT_Sample" VALUES(189,2,59,NULL,NULL,0.0089,0.0003,NULL);
INSERT INTO "NT_Sample" VALUES(190,2,60,NULL,NULL,0.0075,0.0031,NULL);
INSERT INTO "NT_Sample" VALUES(191,2,61,NULL,NULL,0.0166,0.0005,NULL);
INSERT INTO "NT_Sample" VALUES(192,2,62,NULL,NULL,0.0097,0.0003,NULL);
INSERT INTO "NT_Sample" VALUES(193,2,63,NULL,NULL,0.0057,0.0003,NULL);
INSERT INTO "NT_Sample" VALUES(194,2,64,NULL,NULL,0.0173,0.0008,NULL);
INSERT INTO "NT_Sample" VALUES(195,2,65,NULL,NULL,0.0096,0.0003,NULL);
INSERT INTO "NT_Sample" VALUES(196,2,66,NULL,NULL,0.0161,0.0005,NULL);
INSERT INTO "NT_Sample" VALUES(197,2,67,NULL,NULL,0.0237,0.0003,NULL);
INSERT INTO "NT_Sample" VALUES(198,2,68,NULL,NULL,0.2064,0.003,NULL);
INSERT INTO "NT_Sample" VALUES(199,2,69,NULL,NULL,0.0088,0.0003,NULL);
INSERT INTO "NT_Sample" VALUES(200,2,70,NULL,NULL,0.2279,0.0034,NULL);
INSERT INTO "NT_Sample" VALUES(201,2,71,NULL,NULL,0.0085,0.003,NULL);
INSERT INTO "NT_Sample" VALUES(202,2,72,NULL,NULL,0.0154,0.0005,NULL);
INSERT INTO "NT_Sample" VALUES(203,2,73,NULL,NULL,0.009,0.0004,NULL);
INSERT INTO "NT_Sample" VALUES(204,2,74,NULL,NULL,0.0092,0.0003,NULL);
INSERT INTO "NT_Sample" VALUES(205,2,75,NULL,NULL,0.0093,0.0003,NULL);
INSERT INTO "NT_Sample" VALUES(206,2,76,NULL,NULL,0.3473,0.0032,NULL);
INSERT INTO "NT_Sample" VALUES(207,2,77,NULL,NULL,0.0132,0.0004,NULL);
INSERT INTO "NT_Sample" VALUES(208,2,78,NULL,NULL,0.0516,0.0003,NULL);
INSERT INTO "NT_Sample" VALUES(209,2,79,NULL,NULL,0.013,0.0003,NULL);
INSERT INTO "NT_Sample" VALUES(210,2,80,NULL,NULL,0.0196,0.0031,NULL);
INSERT INTO "NT_Sample" VALUES(211,2,81,NULL,NULL,0.2132,0.003,NULL);
INSERT INTO "NT_Sample" VALUES(212,2,82,NULL,NULL,0.0129,0.0004,NULL);
INSERT INTO "NT_Sample" VALUES(213,2,83,NULL,NULL,0.0182,0.0003,NULL);
INSERT INTO "NT_Sample" VALUES(214,2,84,NULL,NULL,0.0119,0.0031,NULL);
INSERT INTO "NT_Sample" VALUES(215,2,85,NULL,NULL,0.0137,0.0004,NULL);
INSERT INTO "NT_Sample" VALUES(216,2,86,NULL,NULL,0.0184,0.0036,NULL);
INSERT INTO "NT_Sample" VALUES(217,2,87,NULL,NULL,0.2351,0.0031,NULL);
INSERT INTO "NT_Sample" VALUES(218,2,88,NULL,NULL,0.0107,0.0003,NULL);
INSERT INTO "NT_Sample" VALUES(219,2,89,NULL,NULL,0.2328,0.0032,NULL);
INSERT INTO "NT_Sample" VALUES(220,2,90,NULL,NULL,0.016,1.1715,NULL);
INSERT INTO "NT_Sample" VALUES(221,2,91,NULL,NULL,0.0095,0.0003,NULL);
INSERT INTO "NT_Sample" VALUES(222,2,92,NULL,NULL,0.0113,0.0003,NULL);
INSERT INTO "NT_Sample" VALUES(223,2,93,NULL,NULL,0.0116,0.0003,NULL);
INSERT INTO "NT_Sample" VALUES(224,2,94,NULL,NULL,0.0126,0.0003,NULL);
INSERT INTO "NT_Sample" VALUES(225,2,95,NULL,NULL,0.0074,0.0003,NULL);
INSERT INTO "NT_Sample" VALUES(226,2,96,NULL,NULL,0.466,0.0031,NULL);
INSERT INTO "NT_Sample" VALUES(227,2,97,NULL,NULL,0.0084,0.0003,NULL);
INSERT INTO "NT_Sample" VALUES(228,2,98,NULL,NULL,0.0301,0.0004,NULL);
INSERT INTO "NT_Sample" VALUES(229,2,99,NULL,NULL,0.0373,0.0005,NULL);
INSERT INTO "NT_Sample" VALUES(230,2,100,NULL,NULL,0.0121,0.0031,NULL);
INSERT INTO "NT_Sample" VALUES(231,2,101,NULL,NULL,0.0313,0.0005,NULL);
INSERT INTO "NT_Sample" VALUES(232,2,102,NULL,NULL,0.0132,0.0004,NULL);
INSERT INTO "NT_Sample" VALUES(233,2,103,NULL,NULL,0.0144,0.0003,NULL);
INSERT INTO "NT_Sample" VALUES(234,2,104,NULL,NULL,0.0136,0.0003,NULL);
INSERT INTO "NT_Sample" VALUES(235,2,105,NULL,NULL,0.015,0.0003,NULL);
INSERT INTO "NT_Sample" VALUES(236,2,106,NULL,NULL,0.0096,0.0003,NULL);
INSERT INTO "NT_Sample" VALUES(237,2,107,NULL,NULL,0.0086,0.0004,NULL);
INSERT INTO "NT_Sample" VALUES(238,2,108,NULL,NULL,0.0106,0.0003,NULL);
INSERT INTO "NT_Sample" VALUES(239,2,109,NULL,NULL,0.0674,0.001,NULL);
INSERT INTO "NT_Sample" VALUES(240,2,110,NULL,NULL,0.0272,0.0047,NULL);
INSERT INTO "NT_Sample" VALUES(241,2,111,NULL,NULL,0.0135,0.0004,NULL);
INSERT INTO "NT_Sample" VALUES(242,2,112,NULL,NULL,0.0115,0.0003,NULL);
INSERT INTO "NT_Sample" VALUES(243,2,113,NULL,NULL,0.0171,2.0532,NULL);
INSERT INTO "NT_Sample" VALUES(244,2,114,NULL,NULL,0.0142,0.0003,NULL);
INSERT INTO "NT_Sample" VALUES(245,2,115,NULL,NULL,0.0173,0.0004,NULL);
INSERT INTO "NT_Sample" VALUES(246,2,116,NULL,NULL,0.0055,0.0003,NULL);
INSERT INTO "NT_Sample" VALUES(247,2,117,NULL,NULL,0.0129,0.0005,NULL);
INSERT INTO "NT_Sample" VALUES(248,2,118,NULL,NULL,0.0185,0.0004,NULL);
INSERT INTO "NT_Sample" VALUES(249,2,119,NULL,NULL,0.0572,0.3012,NULL);
INSERT INTO "NT_Sample" VALUES(250,2,120,NULL,NULL,0.0085,0.0004,NULL);
INSERT INTO "NT_Sample" VALUES(251,2,121,NULL,NULL,0.2208,0.1206,NULL);
INSERT INTO "NT_Sample" VALUES(252,2,122,NULL,NULL,0.0077,0.0003,NULL);
INSERT INTO "NT_Sample" VALUES(253,2,123,NULL,NULL,0.0111,0.0005,NULL);
INSERT INTO "NT_Sample" VALUES(254,2,124,NULL,NULL,0.0172,0.0004,NULL);
INSERT INTO "NT_Sample" VALUES(255,2,125,NULL,NULL,0.0074,0.0005,NULL);
INSERT INTO "NT_Sample" VALUES(256,2,126,NULL,NULL,0.2157,0.0031,NULL);
INSERT INTO "NT_Sample" VALUES(257,2,127,NULL,NULL,0.013,0.0005,NULL);
INSERT INTO "NT_Sample" VALUES(258,2,128,NULL,NULL,0.2271,0.003,NULL);
INSERT INTO "NT_Sample" VALUES(259,2,129,NULL,NULL,0.0115,0.0004,NULL);
INSERT INTO "NT_Sample" VALUES(260,2,130,NULL,NULL,0.018,0.003,NULL);
CREATE TABLE "compile_Machine" (
	"ID" INTEGER NOT NULL, 
	"Name" VARCHAR(256), 
	"Parameters" BLOB, 
	hardware VARCHAR(256), 
	os_version VARCHAR(256), 
	PRIMARY KEY ("ID")
);
INSERT INTO "compile_Machine" VALUES(1,'localhost','[["hw.activecpu", "8"], ["hw.availcpu", "8"], ["hw.busfrequency", "100000000"], ["hw.busfrequency_max", "100000000"], ["hw.busfrequency_min", "100000000"], ["hw.byteorder", "1234"], ["hw.cacheconfig", "8 2 2 8 0 0 0 0 0 0"], ["hw.cachelinesize", "64"], ["hw.cachesize", "8589934592 32768 262144 6291456 0 0 0 0 0 0"], ["hw.cpu64bit_capable", "1"], ["hw.cpufamily", "1418770316"], ["hw.cpufrequency", "2200000000"], ["hw.cpufrequency_max", "2200000000"], ["hw.cpufrequency_min", "2200000000"], ["hw.cpusubtype", "4"], ["hw.cputype", "7"], ["hw.epoch", "0"], ["hw.l1dcachesize", "32768"], ["hw.l1icachesize", "32768"], ["hw.l2cachesize", "262144"], ["hw.l2settings", "1"], ["hw.logicalcpu", "8"], ["hw.logicalcpu_max", "8"], ["hw.machine", "x86_64"], ["hw.memsize", "8589934592"], ["hw.ncpu", "8"], ["hw.optional.floatingpoint", "1"], ["hw.optional.mmx", "1"], ["hw.optional.sse", "1"], ["hw.optional.sse2", "1"], ["hw.optional.sse3", "1"], ["hw.optional.sse4_1", "1"], ["hw.optional.sse4_2", "1"], ["hw.optional.supplementalsse3", "1"], ["hw.optional.x86_64", "1"], ["hw.packages", "1"], ["hw.pagesize", "4096"], ["hw.physicalcpu", "4"], ["hw.physicalcpu_max", "4"], ["hw.physmem", "2147483648"], ["hw.tbfrequency", "1000000000"], ["hw.vectorunit", "1"], ["kern.aiomax", "90"], ["kern.aioprocmax", "16"], ["kern.aiothreads", "4"], ["kern.argmax", "262144"], ["kern.clockrate: hz", "second level name clockrate: hz in kern.clockrate: hz is invalid"], ["kern.coredump", "1"], ["kern.corefile", "/cores/core.%P"], ["kern.delayterm", "0"], ["kern.hostid", "0"], ["kern.hostname", "localhost"], ["kern.job_control", "1"], ["kern.maxfiles", "12288"], ["kern.maxfilesperproc", "10240"], ["kern.maxproc", "1064"], ["kern.maxprocperuid", "709"], ["kern.maxvnodes", "132096"], ["kern.netboot", "0"], ["kern.ngroups", "16"], ["kern.nisdomainname", ""], ["kern.nx", "1"], ["kern.osrelease", "11.3.0"], ["kern.osrevision", "199506"], ["kern.ostype", "Darwin"], ["kern.osversion", "11D50b"], ["kern.posix1version", "200112"], ["kern.procname", ""], ["kern.rage_vnode", "0"], ["kern.safeboot", "0"], ["kern.saved_ids", "1"], ["kern.securelevel", "0"], ["kern.shreg_private", "0"], ["kern.speculative_reads_disabled", "0"], ["kern.sugid_coredump", "0"], ["kern.thread_name", "kern"], ["machdep.cpu.address_bits.physical", "36"], ["machdep.cpu.address_bits.virtual", "48"], ["machdep.cpu.arch_perf.events", "0"], ["machdep.cpu.arch_perf.events_number", "7"], ["machdep.cpu.arch_perf.fixed_number", "3"], ["machdep.cpu.arch_perf.fixed_width", "48"], ["machdep.cpu.arch_perf.number", "4"], ["machdep.cpu.arch_perf.version", "3"], ["machdep.cpu.arch_perf.width", "48"], ["machdep.cpu.brand", "0"], ["machdep.cpu.brand_string", "Intel(R) Core(TM) i7-2720QM CPU @ 2.20GHz"], ["machdep.cpu.cache.L2_associativity", "8"], ["machdep.cpu.cache.linesize", "64"], ["machdep.cpu.cache.size", "256"], ["machdep.cpu.core_count", "4"], ["machdep.cpu.cores_per_package", "8"], ["machdep.cpu.extfamily", "0"], ["machdep.cpu.extfeature_bits", "672139520 1"], ["machdep.cpu.extfeatures", "SYSCALL XD EM64T LAHF RDTSCP TSCI"], ["machdep.cpu.extmodel", "2"], ["machdep.cpu.family", "6"], ["machdep.cpu.feature_bits", "3219913727 532341759"], ["machdep.cpu.features", "FPU VME DE PSE TSC MSR PAE MCE CX8 APIC SEP MTRR PGE MCA CMOV PAT PSE36 CLFSH DS ACPI MMX FXSR SSE SSE2 SS HTT TM PBE SSE3 PCLMULQDQ DTES64 MON DSCPL VMX SMX EST TM2 SSSE3 CX16 TPR PDCM SSE4.1 SSE4.2 xAPIC POPCNT AES PCID XSAVE OSXSAVE TSCTMR AVX1.0"], ["machdep.cpu.logical_per_package", "16"], ["machdep.cpu.max_basic", "13"], ["machdep.cpu.max_ext", "2147483656"], ["machdep.cpu.microcode_version", "26"], ["machdep.cpu.model", "42"], ["machdep.cpu.mwait.extensions", "3"], ["machdep.cpu.mwait.linesize_max", "64"], ["machdep.cpu.mwait.linesize_min", "64"], ["machdep.cpu.mwait.sub_Cstates", "135456"], ["machdep.cpu.signature", "132775"], ["machdep.cpu.stepping", "7"], ["machdep.cpu.thermal.ACNT_MCNT", "1"], ["machdep.cpu.thermal.dynamic_acceleration", "1"], ["machdep.cpu.thermal.sensor", "1"], ["machdep.cpu.thermal.thresholds", "2"], ["machdep.cpu.thread_count", "8"], ["machdep.cpu.tlb.data.large", "32"], ["machdep.cpu.tlb.data.large_level1", ""], ["machdep.cpu.tlb.data.small", "64"], ["machdep.cpu.tlb.data.small_level1", ""], ["machdep.cpu.tlb.inst.large", ""], ["machdep.cpu.tlb.inst.small", "64"], ["machdep.cpu.vendor", "GenuineIntel"]]','MacBookPro8,2','Darwin Kernel Version 11.3.0: Thu Jan 12 18:47:41 PST 2012; root:xnu-1699.24.23~1/RELEASE_X86_64');
INSERT INTO "compile_Machine" VALUES(2,'MacBook-Pro.local','[["hw.activecpu", "8"], ["hw.availcpu", "sysctl: unknown oid ''hw.availcpu''"], ["hw.busfrequency", "100000000"], ["hw.busfrequency_max", "100000000"], ["hw.busfrequency_min", "100000000"], ["hw.byteorder", "1234"], ["hw.cacheconfig", "8 2 2 8 0 0 0 0 0 0"], ["hw.cachelinesize", "64"], ["hw.cachesize", "8589934592 32768 262144 6291456 0 0 0 0 0 0"], ["hw.cpu64bit_capable", "1"], ["hw.cpufamily", "526772277"], ["hw.cpufrequency", "2300000000"], ["hw.cpufrequency_max", "2300000000"], ["hw.cpufrequency_min", "2300000000"], ["hw.cpusubtype", "4"], ["hw.cputype", "7"], ["hw.epoch", "0"], ["hw.l1dcachesize", "32768"], ["hw.l1icachesize", "32768"], ["hw.l2cachesize", "262144"], ["hw.l2settings", "1"], ["hw.logicalcpu", "8"], ["hw.logicalcpu_max", "8"], ["hw.machine", "x86_64"], ["hw.memsize", "8589934592"], ["hw.ncpu", "8"], ["hw.optional.floatingpoint", "1"], ["hw.optional.mmx", "1"], ["hw.optional.sse", "1"], ["hw.optional.sse2", "1"], ["hw.optional.sse3", "1"], ["hw.optional.sse4_1", "1"], ["hw.optional.sse4_2", "1"], ["hw.optional.supplementalsse3", "1"], ["hw.optional.x86_64", "1"], ["hw.packages", "1"], ["hw.pagesize", "4096"], ["hw.physicalcpu", "4"], ["hw.physicalcpu_max", "4"], ["hw.physmem", "2147483648"], ["hw.tbfrequency", "1000000000"], ["hw.vectorunit", "1"], ["kern.aiomax", "90"], ["kern.aioprocmax", "16"], ["kern.aiothreads", "4"], ["kern.argmax", "262144"], ["kern.clockrate: hz", "sysctl: unknown oid ''kern.clockrate: hz''"], ["kern.coredump", "1"], ["kern.corefile", "/cores/core.%P"], ["kern.delayterm", "0"], ["kern.hostid", "0"], ["kern.hostname", "MacBook-Pro.local"], ["kern.job_control", "1"], ["kern.maxfiles", "12288"], ["kern.maxfilesperproc", "10240"], ["kern.maxproc", "1064"], ["kern.maxprocperuid", "709"], ["kern.maxvnodes", "132096"], ["kern.netboot", "0"], ["kern.ngroups", "16"], ["kern.nisdomainname", ""], ["kern.nx", "1"], ["kern.osrelease", "14.0.0"], ["kern.osrevision", "199506"], ["kern.ostype", "Darwin"], ["kern.osversion", "14A253a"], ["kern.posix1version", "200112"], ["kern.procname", ""], ["kern.rage_vnode", "0"], ["kern.safeboot", "0"], ["kern.saved_ids", "1"], ["kern.securelevel", "0"], ["kern.shreg_private", "0"], ["kern.speculative_reads_disabled", "0"], ["kern.sugid_coredump", "0"], ["kern.thread_name", "sysctl: unknown oid ''kern.thread_name''"], ["mac_addr.awdl0", "f6:cb:e5:c2:b5:98"], ["mac_addr.bridge0", "22:c9:d0:64:64:00"], ["mac_addr.en0", "20:c9:d0:46:d3:59"], ["mac_addr.en1", "32:00:17:d9:ff:a0"], ["mac_addr.en2", "32:00:17:d9:ff:a1"], ["mac_addr.en4", "a8:20:66:29:b0:6e"], ["mac_addr.p2p0", "02:c9:d0:46:d3:59"], ["machdep.cpu.address_bits.physical", "36"], ["machdep.cpu.address_bits.virtual", "48"], ["machdep.cpu.arch_perf.events", "0"], ["machdep.cpu.arch_perf.events_number", "7"], ["machdep.cpu.arch_perf.fixed_number", "3"], ["machdep.cpu.arch_perf.fixed_width", "48"], ["machdep.cpu.arch_perf.number", "4"], ["machdep.cpu.arch_perf.version", "3"], ["machdep.cpu.arch_perf.width", "48"], ["machdep.cpu.brand", "0"], ["machdep.cpu.brand_string", "Intel(R) Core(TM) i7-3615QM CPU @ 2.30GHz"], ["machdep.cpu.cache.L2_associativity", "8"], ["machdep.cpu.cache.linesize", "64"], ["machdep.cpu.cache.size", "256"], ["machdep.cpu.core_count", "4"], ["machdep.cpu.cores_per_package", "8"], ["machdep.cpu.extfamily", "0"], ["machdep.cpu.extfeature_bits", "4967106816"], ["machdep.cpu.extfeatures", "SYSCALL XD EM64T LAHF RDTSCP TSCI"], ["machdep.cpu.extmodel", "3"], ["machdep.cpu.family", "6"], ["machdep.cpu.feature_bits", "9203919201183202303"], ["machdep.cpu.features", "FPU VME DE PSE TSC MSR PAE MCE CX8 APIC SEP MTRR PGE MCA CMOV PAT PSE36 CLFSH DS ACPI MMX FXSR SSE SSE2 SS HTT TM PBE SSE3 PCLMULQDQ DTES64 MON DSCPL VMX EST TM2 SSSE3 CX16 TPR PDCM SSE4.1 SSE4.2 x2APIC POPCNT AES PCID XSAVE OSXSAVE TSCTMR AVX1.0 RDRAND F16C"], ["machdep.cpu.logical_per_package", "16"], ["machdep.cpu.max_basic", "13"], ["machdep.cpu.max_ext", "2147483656"], ["machdep.cpu.microcode_version", "21"], ["machdep.cpu.model", "58"], ["machdep.cpu.mwait.extensions", "3"], ["machdep.cpu.mwait.linesize_max", "64"], ["machdep.cpu.mwait.linesize_min", "64"], ["machdep.cpu.mwait.sub_Cstates", "135456"], ["machdep.cpu.signature", "198313"], ["machdep.cpu.stepping", "9"], ["machdep.cpu.thermal.ACNT_MCNT", "1"], ["machdep.cpu.thermal.dynamic_acceleration", "1"], ["machdep.cpu.thermal.sensor", "1"], ["machdep.cpu.thermal.thresholds", "2"], ["machdep.cpu.thread_count", "8"], ["machdep.cpu.tlb.data.large", "32"], ["machdep.cpu.tlb.data.large_level1", ""], ["machdep.cpu.tlb.data.small", "64"], ["machdep.cpu.tlb.data.small_level1", ""], ["machdep.cpu.tlb.inst.large", "8"], ["machdep.cpu.tlb.inst.small", "64"], ["machdep.cpu.vendor", "GenuineIntel"]]','MacBookPro10,1','Darwin Kernel Version 14.0.0: Thu May 29 20:54:07 PDT 2014; root:xnu-2763~1/DEVELOPMENT_X86_64');
CREATE TABLE "compile_Test" (
	"ID" INTEGER NOT NULL, 
	"Name" VARCHAR(256), 
	PRIMARY KEY ("ID")
);
INSERT INTO "compile_Test" VALUES(1,'compile/OmniGroupFrameworks/NSBezierPath-OAExtensions.m/assembly/(-O0 -g)');
INSERT INTO "compile_Test" VALUES(2,'compile/JavaScriptCore/Interpreter.cpp/init/(-O0 -g)');
INSERT INTO "compile_Test" VALUES(3,'compile/OmniGroupFrameworks/NSBezierPath-OAExtensions.m/codegen/(-O0 -g)');
INSERT INTO "compile_Test" VALUES(4,'compile/JavaScriptCore/Interpreter.cpp/syntax/(-O0 -g)');
INSERT INTO "compile_Test" VALUES(5,'compile/Sketch+Accessibility/SKTGraphicView.m/codegen/(-O0 -g)');
INSERT INTO "compile_Test" VALUES(6,'compile/OmniGroupFrameworks/NSBezierPath-OAExtensions.m/irgen/(-O0 -g)');
INSERT INTO "compile_Test" VALUES(7,'compile/403.gcc/combine.c/assembly/(-O0 -g)');
INSERT INTO "compile_Test" VALUES(8,'compile/403.gcc/combine.c/driver/(-O0 -g)');
INSERT INTO "compile_Test" VALUES(9,'compile/403.gcc/combine.c/irgen_only/(-O0 -g)');
INSERT INTO "compile_Test" VALUES(10,'compile/Sketch+Accessibility/SKTGraphicView.m/assembly/(-O0 -g)');
INSERT INTO "compile_Test" VALUES(11,'compile/JavaScriptCore/Interpreter.cpp/codegen/(-O0 -g)');
INSERT INTO "compile_Test" VALUES(12,'compile/JavaScriptCore/Interpreter.cpp/driver/(-O0 -g)');
INSERT INTO "compile_Test" VALUES(13,'build/JavaScriptCore(config=''Debug'',j=8)');
INSERT INTO "compile_Test" VALUES(14,'compile/OmniGroupFrameworks/NSBezierPath-OAExtensions.m/syntax/(-O0 -g)');
INSERT INTO "compile_Test" VALUES(15,'compile/JavaScriptCore/Interpreter.cpp/assembly/(-O0 -g)');
INSERT INTO "compile_Test" VALUES(16,'compile/Sketch+Accessibility/SKTGraphicView.m/irgen_only/(-O0 -g)');
INSERT INTO "compile_Test" VALUES(17,'compile/403.gcc/combine.c/syntax/(-O0 -g)');
INSERT INTO "compile_Test" VALUES(18,'pch-gen/Cocoa/(-O0 -g)');
INSERT INTO "compile_Test" VALUES(19,'compile/Sketch+Accessibility/SKTGraphicView.m/syntax/(-O0 -g)');
INSERT INTO "compile_Test" VALUES(20,'build/OmniGroupFrameworks(config=''Release'',j=8)');
INSERT INTO "compile_Test" VALUES(21,'compile/403.gcc/combine.c/codegen/(-O0 -g)');
INSERT INTO "compile_Test" VALUES(22,'compile/OmniGroupFrameworks/NSBezierPath-OAExtensions.m/driver/(-O0 -g)');
INSERT INTO "compile_Test" VALUES(23,'compile/JavaScriptCore/Interpreter.cpp/irgen_only/(-O0 -g)');
INSERT INTO "compile_Test" VALUES(24,'compile/403.gcc/combine.c/irgen/(-O0 -g)');
INSERT INTO "compile_Test" VALUES(25,'build/Sketch(config=''Release'',j=8)');
INSERT INTO "compile_Test" VALUES(26,'compile/JavaScriptCore/Interpreter.cpp/irgen/(-O0 -g)');
INSERT INTO "compile_Test" VALUES(27,'compile/Sketch+Accessibility/SKTGraphicView.m/init/(-O0 -g)');
INSERT INTO "compile_Test" VALUES(28,'compile/403.gcc/combine.c/init/(-O0 -g)');
INSERT INTO "compile_Test" VALUES(29,'build/JavaScriptCore(config=''Release'',j=8)');
INSERT INTO "compile_Test" VALUES(30,'compile/Sketch+Accessibility/SKTGraphicView.m/irgen/(-O0 -g)');
INSERT INTO "compile_Test" VALUES(31,'compile/OmniGroupFrameworks/NSBezierPath-OAExtensions.m/irgen_only/(-O0 -g)');
INSERT INTO "compile_Test" VALUES(32,'compile/Sketch+Accessibility/SKTGraphicView.m/driver/(-O0 -g)');
INSERT INTO "compile_Test" VALUES(33,'build/Sketch(config=''Debug'',j=8)');
INSERT INTO "compile_Test" VALUES(34,'compile/OmniGroupFrameworks/NSBezierPath-OAExtensions.m/init/(-O0 -g)');
INSERT INTO "compile_Test" VALUES(35,'build/OmniGroupFrameworks(config=''Debug'',j=8)');
INSERT INTO "compile_Test" VALUES(36,'compile/403.gcc/combine.c/init/(-O3)');
INSERT INTO "compile_Test" VALUES(37,'compile/403.gcc/combine.c/init/(-Os -g)');
INSERT INTO "compile_Test" VALUES(38,'compile/403.gcc/combine.c/init/(-O0)');
CREATE TABLE "compile_Order" (
	"ID" INTEGER NOT NULL, 
	"NextOrder" INTEGER, 
	"PreviousOrder" INTEGER, 
	llvm_project_revision VARCHAR(256), 
	PRIMARY KEY ("ID"), 
	FOREIGN KEY("NextOrder") REFERENCES "compile_Order" ("ID"), 
	FOREIGN KEY("PreviousOrder") REFERENCES "compile_Order" ("ID")
);
INSERT INTO "compile_Order" VALUES(2,NULL,3,'154331');
INSERT INTO "compile_Order" VALUES(3,2,4,'154335');
INSERT INTO "compile_Order" VALUES(4,3,NULL,'154339');
CREATE TABLE "compile_Run" (
	"ID" INTEGER NOT NULL, 
	"MachineID" INTEGER, 
	"OrderID" INTEGER, 
	"ImportedFrom" VARCHAR(512), 
	"StartTime" DATETIME, 
	"EndTime" DATETIME, 
	"SimpleRunID" INTEGER, 
	"Parameters" BLOB, 
	PRIMARY KEY ("ID"), 
	FOREIGN KEY("MachineID") REFERENCES "compile_Machine" ("ID"), 
	FOREIGN KEY("OrderID") REFERENCES "compile_Order" ("ID")
);
INSERT INTO "compile_Run" VALUES(1,1,2,'server/db/Inputs/lnt_v0.4.0_filled_instance/lnt_tmp/default/2012-04/data-2012-04-11_16-47-40o2zWJN.plist','2012-04-11 16:30:33.000000','2012-04-11 16:40:13.000000',NULL,'[["__report_version__", "1"], ["cc", "/tmp/bin/clang"], ["cc1_exec_hash", "faf962f75130a6a50b5e8f61048c27ece631d0fd"], ["cc_alt_src_branch", "trunk"], ["cc_alt_src_revision", "154329"], ["cc_as_version", "LLVM (http://llvm.org/):\n  LLVM version 3.1svn\n  Optimized build.\n  Built Apr  9 2012 (11:55:07).\n  Default target: x86_64-apple-darwin11.3.0\n  Host CPU: corei7-avx"], ["cc_build", "DEV"], ["cc_exec_hash", "faf962f75130a6a50b5e8f61048c27ece631d0fd"], ["cc_ld_version", "@(#)PROGRAM:ld  PROJECT:ld64-123.2.1\nLibrary search paths:\n\t/usr/lib\n\t/usr/local/lib\nFramework search paths:\n\t/Library/Frameworks/\n\t/System/Library/Frameworks/"], ["cc_name", "clang"], ["cc_src_branch", "trunk"], ["cc_src_revision", "154331"], ["cc_target", "x86_64-apple-macosx10.7.0"], ["cc_version", "clang version 3.1 (trunk 154331) (llvm/trunk 154329)\nTarget: x86_64-apple-darwin11.3.0\nThread model: posix\n \"/tmp/bin/clang\" \"-cc1\" \"-triple\" \"x86_64-apple-macosx10.7.0\" \"-E\" \"-disable-free\" \"-disable-llvm-verifier\" \"-main-file-name\" \"null\" \"-pic-level\" \"2\" \"-mdisable-fp-elim\" \"-masm-verbose\" \"-munwind-tables\" \"-target-cpu\" \"core2\" \"-v\" \"-resource-dir\" \"/tmp/bin/../lib/clang/3.1\" \"-fmodule-cache-path\" \"/var/folders/32/jb9nf1gs6hx12s0brx1xdy8w0000gn/T/clang-module-cache\" \"-fdebug-compilation-dir\" \"/tmp/SANDBOX\" \"-ferror-limit\" \"19\" \"-fmessage-length\" \"0\" \"-stack-protector\" \"1\" \"-mstackrealign\" \"-fblocks\" \"-fobjc-runtime-has-arc\" \"-fobjc-runtime-has-weak\" \"-fobjc-dispatch-method=mixed\" \"-fobjc-default-synthesize-properties\" \"-fdiagnostics-show-option\" \"-o\" \"-\" \"-x\" \"c\" \"/dev/null\""], ["cc_version_number", "3.1"], ["hw.usermem", "728748032"], ["inferred_run_order", "154331"], ["kern.boottime", "{ sec = 1332011482, usec = 0 } Sat Mar 17 12:11:22 2012"], ["kern.usrstack", "1667633152"], ["kern.usrstack64", "140735023362048"], ["run_count", "3"], ["sys_as_version", "Apple Inc version cctools-800~266, GNU assembler version 1.38"], ["sys_cc_version", "Using built-in specs.\nTarget: i686-apple-darwin11\nConfigured with: /private/var/tmp/llvmgcc42/llvmgcc42-2335.15~62/src/configure --disable-checking --enable-werror --prefix=/Developer/usr/llvm-gcc-4.2 --mandir=/share/man --enable-languages=c,objc,c++,obj-c++ --program-prefix=llvm- --program-transform-name=/^[cg][^.-]*$/s/$/-4.2/ --with-slibdir=/usr/lib --build=i686-apple-darwin11 --enable-llvm=/private/var/tmp/llvmgcc42/llvmgcc42-2335.15~62/dst-llvmCore/Developer/usr/local --program-prefix=i686-apple-darwin11- --host=x86_64-apple-darwin11 --target=i686-apple-darwin11 --with-gxx-include-dir=/usr/include/c++/4.2.1\nThread model: posix\ngcc version 4.2.1 (Based on Apple Inc. build 5658) (LLVM build 2335.15.00)"], ["sys_ld_version", "@(#)PROGRAM:ld  PROJECT:ld64-123.2.1\nllvm version 2.9svn, from Apple Clang 2.0 (build 138.1)"], ["sys_xcodebuild", "Xcode 4.1\nBuild version 11A511a"]]');
INSERT INTO "compile_Run" VALUES(2,2,3,'/Users/cmatthews/src/lnt/tests/SharedInputs/SmallInstance/lnt_tmp/default/2014-06/data-2014-06-03_20-59-47BCt5TE.plist','2014-06-02 20:59:42.000000','2014-06-02 21:59:47.000000',NULL,'[["__report_version__", "1"], ["cc", "/Applications/Xcode.app/Contents/Developer/Toolchains/XcodeDefault.xctoolchain/usr/bin/clang"], ["cc1_exec_hash", "b18490c69cebfbdd20500c473684b7093a8b2c62"], ["cc_alt_src_branch", "based on LLVM"], ["cc_alt_src_revision", "3.5svn"], ["cc_as_version", "clang: error: unsupported argument ''-v'' to option ''Wa,''"], ["cc_build", "PROD"], ["cc_dumpmachine", "x86_64-apple-darwin14.0.0"], ["cc_exec_hash", "b18490c69cebfbdd20500c473684b7093a8b2c62"], ["cc_ld_version", "@(#)PROGRAM:ld  PROJECT:ld64-241\nconfigured to support archs: armv6 armv7 armv7s arm64 i386 x86_64 x86_64h armv6m armv7m armv7em\nLibrary search paths:\n\t/usr/lib\n\t/usr/local/lib\nFramework search paths:\n\t/Library/Frameworks/\n\t/System/Library/Frameworks/"], ["cc_name", "apple_clang"], ["cc_src_branch", "clang-600.0.34.2"], ["cc_src_tag", "600.0.34.2"], ["cc_target", "x86_64-apple-macosx10.10.0"], ["cc_target_assembly", "; ModuleID = ''/dev/null''\ntarget datalayout = \"e-m:o-i64:64-f80:128-n8:16:32:64-S128\"\ntarget triple = \"x86_64-apple-macosx10.10.0\"\n\n!llvm.ident = !{!0}\n\n!0 = metadata !{metadata !\"Apple LLVM version 6.0 (clang-600.0.34.2) (based on LLVM 3.5svn)\"}"], ["cc_version", "Apple LLVM version 6.0 (clang-600.0.34.2) (based on LLVM 3.5svn)\nTarget: x86_64-apple-darwin14.0.0\nThread model: posix\n \"/Applications/Xcode.app/Contents/Developer/Toolchains/XcodeDefault.xctoolchain/usr/bin/clang\" \"-cc1\" \"-triple\" \"x86_64-apple-macosx10.10.0\" \"-E\" \"-disable-free\" \"-disable-llvm-verifier\" \"-main-file-name\" \"null\" \"-mrelocation-model\" \"pic\" \"-pic-level\" \"2\" \"-mdisable-fp-elim\" \"-masm-verbose\" \"-munwind-tables\" \"-target-cpu\" \"core2\" \"-target-linker-version\" \"241\" \"-v\" \"-resource-dir\" \"/Applications/Xcode.app/Contents/Developer/Toolchains/XcodeDefault.xctoolchain/usr/bin/../lib/clang/6.0\" \"-fdebug-compilation-dir\" \"/Users/cmatthews/src/lnt/tests\" \"-ferror-limit\" \"19\" \"-fmessage-length\" \"0\" \"-stack-protector\" \"1\" \"-mstackrealign\" \"-fblocks\" \"-fobjc-runtime=macosx-10.10.0\" \"-fencode-extended-block-signature\" \"-fdiagnostics-show-option\" \"-vectorize-slp\" \"-o\" \"-\" \"-x\" \"c\" \"/dev/null\""], ["cc_version_number", "6.0"], ["hw.usermem", "974143488"], ["inferred_run_order", "600.0.34.2"], ["kern.boottime", "{ sec = 1401769065, usec = 0 } Mon Jun  2 21:17:45 2014"], ["kern.usrstack", "1548972032"], ["kern.usrstack64", "140734545977344"], ["run_count", "1"], ["sys_as_version", "Apple Inc version cctools-861, GNU assembler version 1.38"], ["sys_cc_version", "Configured with: --prefix=/Applications/Xcode.app/Contents/Developer/usr --with-gxx-include-dir=/usr/include/c++/4.2.1\nApple LLVM version 6.0 (clang-600.0.34) (based on LLVM 3.5svn)\nTarget: x86_64-apple-darwin14.0.0\nThread model: posix"], ["sys_ld_version", "@(#)PROGRAM:ld  PROJECT:ld64-241\nconfigured to support archs: i386 x86_64 x86_64h arm64\nLTO support using: LLVM version 3.5svn"], ["sys_xcodebuild", "Xcode 6.0\nBuild version 6A233"]]');
INSERT INTO "compile_Run" VALUES(3,2,3,'/Users/cmatthews/src/lnt/tests/SharedInputs/SmallInstance/lnt_tmp/default/2014-06/data-2014-06-03_21-00-37ADDeLS.plist','2014-06-03 21:00:16.000000','2014-06-03 21:00:37.000000',NULL,'[["__report_version__", "1"], ["cc", "/Applications/Xcode.app/Contents/Developer/Toolchains/XcodeDefault.xctoolchain/usr/bin/clang"], ["cc1_exec_hash", "b18490c69cebfbdd20500c473684b7093a8b2c62"], ["cc_alt_src_branch", "based on LLVM"], ["cc_alt_src_revision", "3.5svn"], ["cc_as_version", "clang: error: unsupported argument ''-v'' to option ''Wa,''"], ["cc_build", "PROD"], ["cc_dumpmachine", "x86_64-apple-darwin14.0.0"], ["cc_exec_hash", "b18490c69cebfbdd20500c473684b7093a8b2c62"], ["cc_ld_version", "@(#)PROGRAM:ld  PROJECT:ld64-241\nconfigured to support archs: armv6 armv7 armv7s arm64 i386 x86_64 x86_64h armv6m armv7m armv7em\nLibrary search paths:\n\t/usr/lib\n\t/usr/local/lib\nFramework search paths:\n\t/Library/Frameworks/\n\t/System/Library/Frameworks/"], ["cc_name", "apple_clang"], ["cc_src_branch", "clang-600.0.34.2"], ["cc_src_tag", "600.0.34.2"], ["cc_target", "x86_64-apple-macosx10.10.0"], ["cc_target_assembly", "; ModuleID = ''/dev/null''\ntarget datalayout = \"e-m:o-i64:64-f80:128-n8:16:32:64-S128\"\ntarget triple = \"x86_64-apple-macosx10.10.0\"\n\n!llvm.ident = !{!0}\n\n!0 = metadata !{metadata !\"Apple LLVM version 6.0 (clang-600.0.34.2) (based on LLVM 3.5svn)\"}"], ["cc_version", "Apple LLVM version 6.0 (clang-600.0.34.2) (based on LLVM 3.5svn)\nTarget: x86_64-apple-darwin14.0.0\nThread model: posix\n \"/Applications/Xcode.app/Contents/Developer/Toolchains/XcodeDefault.xctoolchain/usr/bin/clang\" \"-cc1\" \"-triple\" \"x86_64-apple-macosx10.10.0\" \"-E\" \"-disable-free\" \"-disable-llvm-verifier\" \"-main-file-name\" \"null\" \"-mrelocation-model\" \"pic\" \"-pic-level\" \"2\" \"-mdisable-fp-elim\" \"-masm-verbose\" \"-munwind-tables\" \"-target-cpu\" \"core2\" \"-target-linker-version\" \"241\" \"-v\" \"-resource-dir\" \"/Applications/Xcode.app/Contents/Developer/Toolchains/XcodeDefault.xctoolchain/usr/bin/../lib/clang/6.0\" \"-fdebug-compilation-dir\" \"/Users/cmatthews/src/lnt/tests\" \"-ferror-limit\" \"19\" \"-fmessage-length\" \"0\" \"-stack-protector\" \"1\" \"-mstackrealign\" \"-fblocks\" \"-fobjc-runtime=macosx-10.10.0\" \"-fencode-extended-block-signature\" \"-fdiagnostics-show-option\" \"-vectorize-slp\" \"-o\" \"-\" \"-x\" \"c\" \"/dev/null\""], ["cc_version_number", "6.0"], ["hw.usermem", "1000357888"], ["inferred_run_order", "600.0.34.2"], ["kern.boottime", "{ sec = 1401769065, usec = 0 } Mon Jun  2 21:17:45 2014"], ["kern.usrstack", "1570906112"], ["kern.usrstack64", "140734551621632"], ["run_count", "3"], ["sys_as_version", "Apple Inc version cctools-861, GNU assembler version 1.38"], ["sys_cc_version", "Configured with: --prefix=/Applications/Xcode.app/Contents/Developer/usr --with-gxx-include-dir=/usr/include/c++/4.2.1\nApple LLVM version 6.0 (clang-600.0.34) (based on LLVM 3.5svn)\nTarget: x86_64-apple-darwin14.0.0\nThread model: posix"], ["sys_ld_version", "@(#)PROGRAM:ld  PROJECT:ld64-241\nconfigured to support archs: i386 x86_64 x86_64h arm64\nLTO support using: LLVM version 3.5svn"], ["sys_xcodebuild", "Xcode 6.0\nBuild version 6A233"]]');
INSERT INTO "compile_Run" VALUES(4,2,4,'/Users/cmatthews/src/lnt/tests/SharedInputs/SmallInstance/lnt_tmp/default/2014-06/data-2014-06-03_21-03-15G7p553.plist','2014-06-04 21:03:07.000000','2014-06-04 21:03:15.000000',NULL,'[["__report_version__", "1"], ["cc", "/Applications/Xcode.app/Contents/Developer/Toolchains/XcodeDefault.xctoolchain/usr/bin/clang"], ["cc1_exec_hash", "b18490c69cebfbdd20500c473684b7093a8b2c62"], ["cc_alt_src_branch", "based on LLVM"], ["cc_alt_src_revision", "3.5svn"], ["cc_as_version", "clang: error: unsupported argument ''-v'' to option ''Wa,''"], ["cc_build", "PROD"], ["cc_dumpmachine", "x86_64-apple-darwin14.0.0"], ["cc_exec_hash", "b18490c69cebfbdd20500c473684b7093a8b2c62"], ["cc_ld_version", "@(#)PROGRAM:ld  PROJECT:ld64-241\nconfigured to support archs: armv6 armv7 armv7s arm64 i386 x86_64 x86_64h armv6m armv7m armv7em\nLibrary search paths:\n\t/usr/lib\n\t/usr/local/lib\nFramework search paths:\n\t/Library/Frameworks/\n\t/System/Library/Frameworks/"], ["cc_name", "apple_clang"], ["cc_src_branch", "clang-600.0.34.2"], ["cc_src_tag", "600.0.34.2"], ["cc_target", "x86_64-apple-macosx10.10.0"], ["cc_target_assembly", "; ModuleID = ''/dev/null''\ntarget datalayout = \"e-m:o-i64:64-f80:128-n8:16:32:64-S128\"\ntarget triple = \"x86_64-apple-macosx10.10.0\"\n\n!llvm.ident = !{!0}\n\n!0 = metadata !{metadata !\"Apple LLVM version 6.0 (clang-600.0.34.2) (based on LLVM 3.5svn)\"}"], ["cc_version", "Apple LLVM version 6.0 (clang-600.0.34.2) (based on LLVM 3.5svn)\nTarget: x86_64-apple-darwin14.0.0\nThread model: posix\n \"/Applications/Xcode.app/Contents/Developer/Toolchains/XcodeDefault.xctoolchain/usr/bin/clang\" \"-cc1\" \"-triple\" \"x86_64-apple-macosx10.10.0\" \"-E\" \"-disable-free\" \"-disable-llvm-verifier\" \"-main-file-name\" \"null\" \"-mrelocation-model\" \"pic\" \"-pic-level\" \"2\" \"-mdisable-fp-elim\" \"-masm-verbose\" \"-munwind-tables\" \"-target-cpu\" \"core2\" \"-target-linker-version\" \"241\" \"-v\" \"-resource-dir\" \"/Applications/Xcode.app/Contents/Developer/Toolchains/XcodeDefault.xctoolchain/usr/bin/../lib/clang/6.0\" \"-fdebug-compilation-dir\" \"/Users/cmatthews/src/lnt/tests\" \"-ferror-limit\" \"19\" \"-fmessage-length\" \"0\" \"-stack-protector\" \"1\" \"-mstackrealign\" \"-fblocks\" \"-fobjc-runtime=macosx-10.10.0\" \"-fencode-extended-block-signature\" \"-fdiagnostics-show-option\" \"-vectorize-slp\" \"-o\" \"-\" \"-x\" \"c\" \"/dev/null\""], ["cc_version_number", "6.0"], ["hw.usermem", "998539264"], ["inferred_run_order", "600.0.34.2"], ["kern.boottime", "{ sec = 1401769065, usec = 0 } Mon Jun  2 21:17:45 2014"], ["kern.usrstack", "1383366656"], ["kern.usrstack64", "140734738419712"], ["run_count", "3"], ["sys_as_version", "Apple Inc version cctools-861, GNU assembler version 1.38"], ["sys_cc_version", "Configured with: --prefix=/Applications/Xcode.app/Contents/Developer/usr --with-gxx-include-dir=/usr/include/c++/4.2.1\nApple LLVM version 6.0 (clang-600.0.34) (based on LLVM 3.5svn)\nTarget: x86_64-apple-darwin14.0.0\nThread model: posix"], ["sys_ld_version", "@(#)PROGRAM:ld  PROJECT:ld64-241\nconfigured to support archs: i386 x86_64 x86_64h arm64\nLTO support using: LLVM version 3.5svn"], ["sys_xcodebuild", "Xcode 6.0\nBuild version 6A233"]]');
CREATE TABLE "compile_Sample" (
	"ID" INTEGER NOT NULL, 
	"RunID" INTEGER, 
	"TestID" INTEGER, 
	user_status INTEGER, 
	sys_status INTEGER, 
	wall_status INTEGER, 
	size_status INTEGER, 
	mem_status INTEGER, 
	user_time FLOAT, 
	sys_time FLOAT, 
	wall_time FLOAT, 
	size_bytes FLOAT, 
	mem_bytes FLOAT, 
	PRIMARY KEY ("ID"), 
	FOREIGN KEY("RunID") REFERENCES "compile_Run" ("ID"), 
	FOREIGN KEY("TestID") REFERENCES "compile_Test" ("ID"), 
	FOREIGN KEY(user_status) REFERENCES "StatusKind" ("ID"), 
	FOREIGN KEY(sys_status) REFERENCES "StatusKind" ("ID"), 
	FOREIGN KEY(wall_status) REFERENCES "StatusKind" ("ID"), 
	FOREIGN KEY(size_status) REFERENCES "StatusKind" ("ID"), 
	FOREIGN KEY(mem_status) REFERENCES "StatusKind" ("ID")
);
INSERT INTO "compile_Sample" VALUES(1,1,1,NULL,NULL,NULL,NULL,NULL,0.336512,0.02585,0.365776,165852.0,33353728.0);
INSERT INTO "compile_Sample" VALUES(2,1,1,NULL,NULL,NULL,NULL,NULL,0.338633,0.027111,0.367148,165852.0,33353728.0);
INSERT INTO "compile_Sample" VALUES(3,1,1,NULL,NULL,NULL,NULL,NULL,0.337375,0.0256,0.366453,165852.0,33353728.0);
INSERT INTO "compile_Sample" VALUES(4,1,2,NULL,NULL,NULL,NULL,NULL,0.00264,0.004713,0.008056,NULL,823296.0);
INSERT INTO "compile_Sample" VALUES(5,1,2,NULL,NULL,NULL,NULL,NULL,0.002653,0.00454,0.007911,NULL,823296.0);
INSERT INTO "compile_Sample" VALUES(6,1,2,NULL,NULL,NULL,NULL,NULL,0.002718,0.004431,0.007775,NULL,823296.0);
INSERT INTO "compile_Sample" VALUES(7,1,2,NULL,NULL,NULL,NULL,NULL,0.002682,0.004197,0.007387,NULL,827392.0);
INSERT INTO "compile_Sample" VALUES(8,1,2,NULL,NULL,NULL,NULL,NULL,0.002777,0.004571,0.00798,NULL,827392.0);
INSERT INTO "compile_Sample" VALUES(9,1,2,NULL,NULL,NULL,NULL,NULL,0.002598,0.004466,0.007612,NULL,823296.0);
INSERT INTO "compile_Sample" VALUES(10,1,2,NULL,NULL,NULL,NULL,NULL,0.002555,0.004242,0.007323,NULL,823296.0);
INSERT INTO "compile_Sample" VALUES(11,1,2,NULL,NULL,NULL,NULL,NULL,0.002713,0.004347,0.007847,NULL,823296.0);
INSERT INTO "compile_Sample" VALUES(12,1,2,NULL,NULL,NULL,NULL,NULL,0.002567,0.004283,0.007448,NULL,823296.0);
INSERT INTO "compile_Sample" VALUES(13,1,2,NULL,NULL,NULL,NULL,NULL,0.002546,0.003979,0.007225,NULL,819200.0);
INSERT INTO "compile_Sample" VALUES(14,1,2,NULL,NULL,NULL,NULL,NULL,0.002695,0.004566,0.007977,NULL,823296.0);
INSERT INTO "compile_Sample" VALUES(15,1,2,NULL,NULL,NULL,NULL,NULL,0.002553,0.004482,0.00768,NULL,823296.0);
INSERT INTO "compile_Sample" VALUES(16,1,2,NULL,NULL,NULL,NULL,NULL,0.002599,0.004251,0.007355,NULL,827392.0);
INSERT INTO "compile_Sample" VALUES(17,1,2,NULL,NULL,NULL,NULL,NULL,0.002642,0.004314,0.00759,NULL,827392.0);
INSERT INTO "compile_Sample" VALUES(18,1,2,NULL,NULL,NULL,NULL,NULL,0.002703,0.004423,0.007823,NULL,827392.0);
INSERT INTO "compile_Sample" VALUES(19,1,2,NULL,NULL,NULL,NULL,NULL,0.002625,0.00442,0.007731,NULL,823296.0);
INSERT INTO "compile_Sample" VALUES(20,1,2,NULL,NULL,NULL,NULL,NULL,0.002623,0.004243,0.007551,NULL,823296.0);
INSERT INTO "compile_Sample" VALUES(21,1,2,NULL,NULL,NULL,NULL,NULL,0.002626,0.004066,0.007401,NULL,823296.0);
INSERT INTO "compile_Sample" VALUES(22,1,2,NULL,NULL,NULL,NULL,NULL,0.002627,0.004163,0.007397,NULL,823296.0);
INSERT INTO "compile_Sample" VALUES(23,1,2,NULL,NULL,NULL,NULL,NULL,0.002711,0.004351,0.00773,NULL,827392.0);
INSERT INTO "compile_Sample" VALUES(24,1,2,NULL,NULL,NULL,NULL,NULL,0.002498,0.004197,0.00731,NULL,823296.0);
INSERT INTO "compile_Sample" VALUES(25,1,2,NULL,NULL,NULL,NULL,NULL,0.002548,0.004176,0.00747,NULL,823296.0);
INSERT INTO "compile_Sample" VALUES(26,1,2,NULL,NULL,NULL,NULL,NULL,0.002656,0.004323,0.007665,NULL,823296.0);
INSERT INTO "compile_Sample" VALUES(27,1,2,NULL,NULL,NULL,NULL,NULL,0.00266,0.004206,0.007454,NULL,823296.0);
INSERT INTO "compile_Sample" VALUES(28,1,2,NULL,NULL,NULL,NULL,NULL,0.002628,0.004156,0.007482,NULL,827392.0);
INSERT INTO "compile_Sample" VALUES(29,1,2,NULL,NULL,NULL,NULL,NULL,0.002582,0.004396,0.007656,NULL,823296.0);
INSERT INTO "compile_Sample" VALUES(30,1,2,NULL,NULL,NULL,NULL,NULL,0.002615,0.004315,0.007809,NULL,827392.0);
INSERT INTO "compile_Sample" VALUES(31,1,2,NULL,NULL,NULL,NULL,NULL,0.00261,0.004257,0.007637,NULL,827392.0);
INSERT INTO "compile_Sample" VALUES(32,1,2,NULL,NULL,NULL,NULL,NULL,0.002682,0.004213,0.007972,NULL,823296.0);
INSERT INTO "compile_Sample" VALUES(33,1,2,NULL,NULL,NULL,NULL,NULL,0.002563,0.00424,0.00741,NULL,827392.0);
INSERT INTO "compile_Sample" VALUES(34,1,2,NULL,NULL,NULL,NULL,NULL,0.002596,0.004201,0.007388,NULL,823296.0);
INSERT INTO "compile_Sample" VALUES(35,1,2,NULL,NULL,NULL,NULL,NULL,0.003918,0.00492,0.009686,NULL,823296.0);
INSERT INTO "compile_Sample" VALUES(36,1,2,NULL,NULL,NULL,NULL,NULL,0.002613,0.004284,0.007623,NULL,827392.0);
INSERT INTO "compile_Sample" VALUES(37,1,2,NULL,NULL,NULL,NULL,NULL,0.002609,0.004238,0.007524,NULL,823296.0);
INSERT INTO "compile_Sample" VALUES(38,1,2,NULL,NULL,NULL,NULL,NULL,0.002686,0.004353,0.007706,NULL,823296.0);
INSERT INTO "compile_Sample" VALUES(39,1,2,NULL,NULL,NULL,NULL,NULL,0.002646,0.004272,0.007523,NULL,823296.0);
INSERT INTO "compile_Sample" VALUES(40,1,2,NULL,NULL,NULL,NULL,NULL,0.002615,0.004143,0.007471,NULL,823296.0);
INSERT INTO "compile_Sample" VALUES(41,1,2,NULL,NULL,NULL,NULL,NULL,0.002713,0.004227,0.007677,NULL,823296.0);
INSERT INTO "compile_Sample" VALUES(42,1,2,NULL,NULL,NULL,NULL,NULL,0.002621,0.004252,0.007646,NULL,823296.0);
INSERT INTO "compile_Sample" VALUES(43,1,2,NULL,NULL,NULL,NULL,NULL,0.00259,0.004172,0.007454,NULL,827392.0);
INSERT INTO "compile_Sample" VALUES(44,1,2,NULL,NULL,NULL,NULL,NULL,0.00288,0.004554,0.008272,NULL,823296.0);
INSERT INTO "compile_Sample" VALUES(45,1,2,NULL,NULL,NULL,NULL,NULL,0.002642,0.004457,0.007764,NULL,827392.0);
INSERT INTO "compile_Sample" VALUES(46,1,2,NULL,NULL,NULL,NULL,NULL,0.002583,0.004268,0.007463,NULL,827392.0);
INSERT INTO "compile_Sample" VALUES(47,1,2,NULL,NULL,NULL,NULL,NULL,0.002604,0.004029,0.007402,NULL,827392.0);
INSERT INTO "compile_Sample" VALUES(48,1,2,NULL,NULL,NULL,NULL,NULL,0.00263,0.004193,0.007327,NULL,819200.0);
INSERT INTO "compile_Sample" VALUES(49,1,2,NULL,NULL,NULL,NULL,NULL,0.002612,0.004446,0.007618,NULL,827392.0);
INSERT INTO "compile_Sample" VALUES(50,1,2,NULL,NULL,NULL,NULL,NULL,0.002683,0.004442,0.007933,NULL,819200.0);
INSERT INTO "compile_Sample" VALUES(51,1,2,NULL,NULL,NULL,NULL,NULL,0.00264,0.004418,0.007757,NULL,827392.0);
INSERT INTO "compile_Sample" VALUES(52,1,2,NULL,NULL,NULL,NULL,NULL,0.003699,0.00468,0.009407,NULL,823296.0);
INSERT INTO "compile_Sample" VALUES(53,1,2,NULL,NULL,NULL,NULL,NULL,0.003122,0.005448,0.009271,NULL,823296.0);
INSERT INTO "compile_Sample" VALUES(54,1,2,NULL,NULL,NULL,NULL,NULL,0.002679,0.004401,0.007709,NULL,827392.0);
INSERT INTO "compile_Sample" VALUES(55,1,2,NULL,NULL,NULL,NULL,NULL,0.002526,0.004188,0.007344,NULL,823296.0);
INSERT INTO "compile_Sample" VALUES(56,1,2,NULL,NULL,NULL,NULL,NULL,0.002634,0.004177,0.007483,NULL,823296.0);
INSERT INTO "compile_Sample" VALUES(57,1,2,NULL,NULL,NULL,NULL,NULL,0.002585,0.004218,0.007577,NULL,823296.0);
INSERT INTO "compile_Sample" VALUES(58,1,2,NULL,NULL,NULL,NULL,NULL,0.002533,0.004022,0.007173,NULL,823296.0);
INSERT INTO "compile_Sample" VALUES(59,1,2,NULL,NULL,NULL,NULL,NULL,0.002826,0.004456,0.00796,NULL,823296.0);
INSERT INTO "compile_Sample" VALUES(60,1,2,NULL,NULL,NULL,NULL,NULL,0.002566,0.004144,0.007277,NULL,823296.0);
INSERT INTO "compile_Sample" VALUES(61,1,2,NULL,NULL,NULL,NULL,NULL,0.002573,0.00405,0.007221,NULL,823296.0);
INSERT INTO "compile_Sample" VALUES(62,1,2,NULL,NULL,NULL,NULL,NULL,0.00269,0.004404,0.007752,NULL,823296.0);
INSERT INTO "compile_Sample" VALUES(63,1,2,NULL,NULL,NULL,NULL,NULL,0.002682,0.004213,0.007732,NULL,823296.0);
INSERT INTO "compile_Sample" VALUES(64,1,2,NULL,NULL,NULL,NULL,NULL,0.002615,0.004272,0.007763,NULL,823296.0);
INSERT INTO "compile_Sample" VALUES(65,1,2,NULL,NULL,NULL,NULL,NULL,0.002635,0.004285,0.007575,NULL,823296.0);
INSERT INTO "compile_Sample" VALUES(66,1,2,NULL,NULL,NULL,NULL,NULL,0.002551,0.004185,0.007387,NULL,823296.0);
INSERT INTO "compile_Sample" VALUES(67,1,2,NULL,NULL,NULL,NULL,NULL,0.002611,0.004089,0.007348,NULL,827392.0);
INSERT INTO "compile_Sample" VALUES(68,1,2,NULL,NULL,NULL,NULL,NULL,0.00258,0.004357,0.007469,NULL,823296.0);
INSERT INTO "compile_Sample" VALUES(69,1,2,NULL,NULL,NULL,NULL,NULL,0.002604,0.004169,0.007348,NULL,823296.0);
INSERT INTO "compile_Sample" VALUES(70,1,2,NULL,NULL,NULL,NULL,NULL,0.002662,0.004173,0.00752,NULL,827392.0);
INSERT INTO "compile_Sample" VALUES(71,1,2,NULL,NULL,NULL,NULL,NULL,0.002611,0.004323,0.007532,NULL,819200.0);
INSERT INTO "compile_Sample" VALUES(72,1,2,NULL,NULL,NULL,NULL,NULL,0.002614,0.004169,0.007472,NULL,827392.0);
INSERT INTO "compile_Sample" VALUES(73,1,2,NULL,NULL,NULL,NULL,NULL,0.002548,0.004186,0.007362,NULL,823296.0);
INSERT INTO "compile_Sample" VALUES(74,1,2,NULL,NULL,NULL,NULL,NULL,0.002523,0.00401,0.007185,NULL,823296.0);
INSERT INTO "compile_Sample" VALUES(75,1,2,NULL,NULL,NULL,NULL,NULL,0.002556,0.004476,0.007619,NULL,823296.0);
INSERT INTO "compile_Sample" VALUES(76,1,2,NULL,NULL,NULL,NULL,NULL,0.002715,0.004177,0.007627,NULL,823296.0);
INSERT INTO "compile_Sample" VALUES(77,1,2,NULL,NULL,NULL,NULL,NULL,0.002536,0.004221,0.007487,NULL,823296.0);
INSERT INTO "compile_Sample" VALUES(78,1,2,NULL,NULL,NULL,NULL,NULL,0.002573,0.004152,0.007305,NULL,827392.0);
INSERT INTO "compile_Sample" VALUES(79,1,2,NULL,NULL,NULL,NULL,NULL,0.003522,0.004509,0.008964,NULL,823296.0);
INSERT INTO "compile_Sample" VALUES(80,1,2,NULL,NULL,NULL,NULL,NULL,0.00249,0.004198,0.007348,NULL,823296.0);
INSERT INTO "compile_Sample" VALUES(81,1,2,NULL,NULL,NULL,NULL,NULL,0.002675,0.004318,0.007586,NULL,819200.0);
INSERT INTO "compile_Sample" VALUES(82,1,2,NULL,NULL,NULL,NULL,NULL,0.002596,0.004195,0.007327,NULL,827392.0);
INSERT INTO "compile_Sample" VALUES(83,1,2,NULL,NULL,NULL,NULL,NULL,0.00269,0.004279,0.007847,NULL,823296.0);
INSERT INTO "compile_Sample" VALUES(84,1,2,NULL,NULL,NULL,NULL,NULL,0.002536,0.004196,0.007267,NULL,823296.0);
INSERT INTO "compile_Sample" VALUES(85,1,2,NULL,NULL,NULL,NULL,NULL,0.00255,0.004052,0.007164,NULL,823296.0);
INSERT INTO "compile_Sample" VALUES(86,1,2,NULL,NULL,NULL,NULL,NULL,0.002646,0.004144,0.007473,NULL,823296.0);
INSERT INTO "compile_Sample" VALUES(87,1,2,NULL,NULL,NULL,NULL,NULL,0.002621,0.004223,0.00757,NULL,823296.0);
INSERT INTO "compile_Sample" VALUES(88,1,2,NULL,NULL,NULL,NULL,NULL,0.00272,0.004332,0.007677,NULL,823296.0);
INSERT INTO "compile_Sample" VALUES(89,1,2,NULL,NULL,NULL,NULL,NULL,0.002558,0.004092,0.007289,NULL,823296.0);
INSERT INTO "compile_Sample" VALUES(90,1,2,NULL,NULL,NULL,NULL,NULL,0.002619,0.004057,0.007267,NULL,827392.0);
INSERT INTO "compile_Sample" VALUES(91,1,2,NULL,NULL,NULL,NULL,NULL,0.002586,0.004226,0.007398,NULL,823296.0);
INSERT INTO "compile_Sample" VALUES(92,1,2,NULL,NULL,NULL,NULL,NULL,0.002542,0.004051,0.0073,NULL,823296.0);
INSERT INTO "compile_Sample" VALUES(93,1,2,NULL,NULL,NULL,NULL,NULL,0.003402,0.005789,0.009958,NULL,823296.0);
INSERT INTO "compile_Sample" VALUES(94,1,2,NULL,NULL,NULL,NULL,NULL,0.002578,0.004181,0.007409,NULL,827392.0);
INSERT INTO "compile_Sample" VALUES(95,1,2,NULL,NULL,NULL,NULL,NULL,0.002621,0.004365,0.007638,NULL,823296.0);
INSERT INTO "compile_Sample" VALUES(96,1,2,NULL,NULL,NULL,NULL,NULL,0.002736,0.004182,0.007436,NULL,823296.0);
INSERT INTO "compile_Sample" VALUES(97,1,2,NULL,NULL,NULL,NULL,NULL,0.002572,0.004265,0.007431,NULL,827392.0);
INSERT INTO "compile_Sample" VALUES(98,1,2,NULL,NULL,NULL,NULL,NULL,0.002607,0.004326,0.007587,NULL,827392.0);
INSERT INTO "compile_Sample" VALUES(99,1,2,NULL,NULL,NULL,NULL,NULL,0.003729,0.005065,0.009841,NULL,827392.0);
INSERT INTO "compile_Sample" VALUES(100,1,2,NULL,NULL,NULL,NULL,NULL,1.002612,0.004145,1.007445,NULL,827392.0);
INSERT INTO "compile_Sample" VALUES(101,1,2,NULL,NULL,NULL,NULL,NULL,0.002618,0.00413,0.007347,NULL,827392.0);
INSERT INTO "compile_Sample" VALUES(102,1,2,NULL,NULL,NULL,NULL,NULL,0.002611,0.004321,0.007555,NULL,823296.0);
INSERT INTO "compile_Sample" VALUES(103,1,2,NULL,NULL,NULL,NULL,NULL,0.002573,0.004211,0.007529,NULL,823296.0);
INSERT INTO "compile_Sample" VALUES(104,1,3,NULL,NULL,NULL,NULL,NULL,0.32586,0.024854,0.353853,NULL,32100352.0);
INSERT INTO "compile_Sample" VALUES(105,1,3,NULL,NULL,NULL,NULL,NULL,0.323938,0.024289,0.351391,NULL,32100352.0);
INSERT INTO "compile_Sample" VALUES(106,1,3,NULL,NULL,NULL,NULL,NULL,0.326146,0.024286,0.353715,NULL,32100352.0);
INSERT INTO "compile_Sample" VALUES(107,1,4,NULL,NULL,NULL,NULL,NULL,0.587745,0.021391,0.61249,NULL,32264192.0);
INSERT INTO "compile_Sample" VALUES(108,1,4,NULL,NULL,NULL,NULL,NULL,0.590298,0.022344,0.615845,NULL,32260096.0);
INSERT INTO "compile_Sample" VALUES(109,1,4,NULL,NULL,NULL,NULL,NULL,0.587793,0.0209,0.61224,NULL,32260096.0);
INSERT INTO "compile_Sample" VALUES(110,1,5,NULL,NULL,NULL,NULL,NULL,0.09139,0.022697,0.115701,NULL,12058624.0);
INSERT INTO "compile_Sample" VALUES(111,1,5,NULL,NULL,NULL,NULL,NULL,0.08728,0.02121,0.110439,NULL,12058624.0);
INSERT INTO "compile_Sample" VALUES(112,1,5,NULL,NULL,NULL,NULL,NULL,0.088102,0.023124,0.113207,NULL,12058624.0);
INSERT INTO "compile_Sample" VALUES(113,1,5,NULL,NULL,NULL,NULL,NULL,0.086869,0.021075,0.110155,NULL,12058624.0);
INSERT INTO "compile_Sample" VALUES(114,1,5,NULL,NULL,NULL,NULL,NULL,0.087642,0.02129,0.11111,NULL,12058624.0);
INSERT INTO "compile_Sample" VALUES(115,1,5,NULL,NULL,NULL,NULL,NULL,0.087932,0.021205,0.111325,NULL,12058624.0);
INSERT INTO "compile_Sample" VALUES(116,1,6,NULL,NULL,NULL,NULL,NULL,0.287706,0.025291,0.315033,259568.0,29687808.0);
INSERT INTO "compile_Sample" VALUES(117,1,6,NULL,NULL,NULL,NULL,NULL,0.284296,0.024812,0.312361,259568.0,29687808.0);
INSERT INTO "compile_Sample" VALUES(118,1,6,NULL,NULL,NULL,NULL,NULL,0.281863,0.026355,0.310117,259568.0,29687808.0);
INSERT INTO "compile_Sample" VALUES(119,1,7,NULL,NULL,NULL,NULL,NULL,0.350977,0.024942,0.377177,261892.0,27045888.0);
INSERT INTO "compile_Sample" VALUES(120,1,7,NULL,NULL,NULL,NULL,NULL,0.351867,0.027034,0.380804,261892.0,27045888.0);
INSERT INTO "compile_Sample" VALUES(121,1,7,NULL,NULL,NULL,NULL,NULL,0.349935,0.026078,0.376776,261892.0,27045888.0);
INSERT INTO "compile_Sample" VALUES(122,1,8,NULL,NULL,NULL,NULL,NULL,0.001216,0.004032,0.005679,NULL,12009472.0);
INSERT INTO "compile_Sample" VALUES(123,1,8,NULL,NULL,NULL,NULL,NULL,0.001257,0.003952,0.005603,NULL,12009472.0);
INSERT INTO "compile_Sample" VALUES(124,1,8,NULL,NULL,NULL,NULL,NULL,0.001187,0.003723,0.005254,NULL,12009472.0);
INSERT INTO "compile_Sample" VALUES(125,1,8,NULL,NULL,NULL,NULL,NULL,0.001171,0.003602,0.005008,NULL,12009472.0);
INSERT INTO "compile_Sample" VALUES(126,1,8,NULL,NULL,NULL,NULL,NULL,0.001238,0.004146,0.005854,NULL,12009472.0);
INSERT INTO "compile_Sample" VALUES(127,1,9,NULL,NULL,NULL,NULL,NULL,0.236827,0.016895,0.256237,NULL,20496384.0);
INSERT INTO "compile_Sample" VALUES(128,1,9,NULL,NULL,NULL,NULL,NULL,0.236593,0.016702,0.256018,NULL,20496384.0);
INSERT INTO "compile_Sample" VALUES(129,1,9,NULL,NULL,NULL,NULL,NULL,0.233229,0.016987,0.25198,NULL,20496384.0);
INSERT INTO "compile_Sample" VALUES(130,1,10,NULL,NULL,NULL,NULL,NULL,0.098863,0.023046,0.124102,176916.0,13856768.0);
INSERT INTO "compile_Sample" VALUES(131,1,10,NULL,NULL,NULL,NULL,NULL,0.103908,0.02437,0.130587,176916.0,13856768.0);
INSERT INTO "compile_Sample" VALUES(132,1,10,NULL,NULL,NULL,NULL,NULL,0.09931,0.023503,0.125082,176916.0,13856768.0);
INSERT INTO "compile_Sample" VALUES(133,1,10,NULL,NULL,NULL,NULL,NULL,0.099977,0.029045,0.129894,NULL,13856768.0);
INSERT INTO "compile_Sample" VALUES(134,1,10,NULL,NULL,NULL,NULL,NULL,0.098394,0.022317,0.122954,NULL,13856768.0);
INSERT INTO "compile_Sample" VALUES(135,1,11,NULL,NULL,NULL,NULL,NULL,1.116218,0.070331,1.190638,NULL,117694464.0);
INSERT INTO "compile_Sample" VALUES(136,1,11,NULL,NULL,NULL,NULL,NULL,1.11588,0.07175,1.190706,NULL,117772288.0);
INSERT INTO "compile_Sample" VALUES(137,1,11,NULL,NULL,NULL,NULL,NULL,1.119078,0.066707,1.192193,NULL,117772288.0);
INSERT INTO "compile_Sample" VALUES(138,1,12,NULL,NULL,NULL,NULL,NULL,0.001471,0.004644,0.006576,NULL,32260096.0);
INSERT INTO "compile_Sample" VALUES(139,1,12,NULL,NULL,NULL,NULL,NULL,0.00145,0.00404,0.005895,NULL,32260096.0);
INSERT INTO "compile_Sample" VALUES(140,1,12,NULL,NULL,NULL,NULL,NULL,0.001412,0.003888,0.005697,NULL,32264192.0);
INSERT INTO "compile_Sample" VALUES(141,1,12,NULL,NULL,NULL,NULL,NULL,0.001362,0.003667,0.005423,NULL,NULL);
INSERT INTO "compile_Sample" VALUES(142,1,12,NULL,NULL,NULL,NULL,NULL,0.001438,0.003604,0.005435,NULL,NULL);
INSERT INTO "compile_Sample" VALUES(143,1,12,NULL,NULL,NULL,NULL,NULL,0.001544,0.003948,0.005955,NULL,NULL);
INSERT INTO "compile_Sample" VALUES(144,1,12,NULL,NULL,NULL,NULL,NULL,0.001469,0.004068,0.005934,NULL,NULL);
INSERT INTO "compile_Sample" VALUES(145,1,12,NULL,NULL,NULL,NULL,NULL,0.001348,0.003542,0.005218,NULL,NULL);
INSERT INTO "compile_Sample" VALUES(146,1,12,NULL,NULL,NULL,NULL,NULL,0.001477,0.00369,0.005514,NULL,NULL);
INSERT INTO "compile_Sample" VALUES(147,1,12,NULL,NULL,NULL,NULL,NULL,0.001444,0.003766,0.005601,NULL,NULL);
INSERT INTO "compile_Sample" VALUES(148,1,12,NULL,NULL,NULL,NULL,NULL,0.001408,0.00351,0.005267,NULL,NULL);
INSERT INTO "compile_Sample" VALUES(149,1,12,NULL,NULL,NULL,NULL,NULL,0.001531,0.003698,0.005601,NULL,NULL);
INSERT INTO "compile_Sample" VALUES(150,1,12,NULL,NULL,NULL,NULL,NULL,0.001393,0.003761,0.005504,NULL,NULL);
INSERT INTO "compile_Sample" VALUES(151,1,12,NULL,NULL,NULL,NULL,NULL,0.001489,0.00387,0.005789,NULL,NULL);
INSERT INTO "compile_Sample" VALUES(152,1,12,NULL,NULL,NULL,NULL,NULL,0.00142,0.003388,0.005183,NULL,NULL);
INSERT INTO "compile_Sample" VALUES(153,1,12,NULL,NULL,NULL,NULL,NULL,0.001419,0.003763,0.005494,NULL,NULL);
INSERT INTO "compile_Sample" VALUES(154,1,12,NULL,NULL,NULL,NULL,NULL,0.001395,0.003389,0.005219,NULL,NULL);
INSERT INTO "compile_Sample" VALUES(155,1,12,NULL,NULL,NULL,NULL,NULL,0.00144,0.003563,0.005365,NULL,NULL);
INSERT INTO "compile_Sample" VALUES(156,1,12,NULL,NULL,NULL,NULL,NULL,0.001397,0.003657,0.005397,NULL,NULL);
INSERT INTO "compile_Sample" VALUES(157,1,12,NULL,NULL,NULL,NULL,NULL,0.001439,0.003576,0.005418,NULL,NULL);
INSERT INTO "compile_Sample" VALUES(158,1,12,NULL,NULL,NULL,NULL,NULL,0.001401,0.003382,0.005261,NULL,NULL);
INSERT INTO "compile_Sample" VALUES(159,1,12,NULL,NULL,NULL,NULL,NULL,0.001443,0.003612,0.005417,NULL,NULL);
INSERT INTO "compile_Sample" VALUES(160,1,12,NULL,NULL,NULL,NULL,NULL,0.001402,0.003379,0.00521,NULL,NULL);
INSERT INTO "compile_Sample" VALUES(161,1,12,NULL,NULL,NULL,NULL,NULL,0.001412,0.003302,0.005083,NULL,NULL);
INSERT INTO "compile_Sample" VALUES(162,1,12,NULL,NULL,NULL,NULL,NULL,0.001443,0.003509,0.00543,NULL,NULL);
INSERT INTO "compile_Sample" VALUES(163,1,12,NULL,NULL,NULL,NULL,NULL,0.001427,0.003521,0.005285,NULL,NULL);
INSERT INTO "compile_Sample" VALUES(164,1,12,NULL,NULL,NULL,NULL,NULL,0.001424,0.003624,0.005426,NULL,NULL);
INSERT INTO "compile_Sample" VALUES(165,1,12,NULL,NULL,NULL,NULL,NULL,0.00143,0.003382,0.005155,NULL,NULL);
INSERT INTO "compile_Sample" VALUES(166,1,12,NULL,NULL,NULL,NULL,NULL,0.001412,0.003657,0.005501,NULL,NULL);
INSERT INTO "compile_Sample" VALUES(167,1,12,NULL,NULL,NULL,NULL,NULL,0.001418,0.00339,0.005267,NULL,NULL);
INSERT INTO "compile_Sample" VALUES(168,1,12,NULL,NULL,NULL,NULL,NULL,0.001435,0.003447,0.005211,NULL,NULL);
INSERT INTO "compile_Sample" VALUES(169,1,12,NULL,NULL,NULL,NULL,NULL,0.001495,0.003934,0.005909,NULL,NULL);
INSERT INTO "compile_Sample" VALUES(170,1,12,NULL,NULL,NULL,NULL,NULL,0.001544,0.005118,0.006985,NULL,NULL);
INSERT INTO "compile_Sample" VALUES(171,1,12,NULL,NULL,NULL,NULL,NULL,0.001589,0.006024,0.008055,NULL,NULL);
INSERT INTO "compile_Sample" VALUES(172,1,12,NULL,NULL,NULL,NULL,NULL,0.001572,0.004137,0.006053,NULL,NULL);
INSERT INTO "compile_Sample" VALUES(173,1,12,NULL,NULL,NULL,NULL,NULL,0.001524,0.003967,0.005816,NULL,NULL);
INSERT INTO "compile_Sample" VALUES(174,1,12,NULL,NULL,NULL,NULL,NULL,0.001455,0.004004,0.005816,NULL,NULL);
INSERT INTO "compile_Sample" VALUES(175,1,12,NULL,NULL,NULL,NULL,NULL,0.001417,0.003709,0.005499,NULL,NULL);
INSERT INTO "compile_Sample" VALUES(176,1,12,NULL,NULL,NULL,NULL,NULL,0.001397,0.003604,0.005398,NULL,NULL);
INSERT INTO "compile_Sample" VALUES(177,1,12,NULL,NULL,NULL,NULL,NULL,0.001446,0.003544,0.005236,NULL,NULL);
INSERT INTO "compile_Sample" VALUES(178,1,12,NULL,NULL,NULL,NULL,NULL,0.001525,0.004272,0.006209,NULL,NULL);
INSERT INTO "compile_Sample" VALUES(179,1,12,NULL,NULL,NULL,NULL,NULL,0.00144,0.003954,0.00572,NULL,NULL);
INSERT INTO "compile_Sample" VALUES(180,1,12,NULL,NULL,NULL,NULL,NULL,0.001428,0.003679,0.00543,NULL,NULL);
INSERT INTO "compile_Sample" VALUES(181,1,12,NULL,NULL,NULL,NULL,NULL,0.001481,0.003855,0.005761,NULL,NULL);
INSERT INTO "compile_Sample" VALUES(182,1,12,NULL,NULL,NULL,NULL,NULL,0.001444,0.003748,0.005544,NULL,NULL);
INSERT INTO "compile_Sample" VALUES(183,1,12,NULL,NULL,NULL,NULL,NULL,0.001445,0.00363,0.005516,NULL,NULL);
INSERT INTO "compile_Sample" VALUES(184,1,12,NULL,NULL,NULL,NULL,NULL,0.001448,0.003743,0.005555,NULL,NULL);
INSERT INTO "compile_Sample" VALUES(185,1,12,NULL,NULL,NULL,NULL,NULL,0.001491,0.003746,0.005583,NULL,NULL);
INSERT INTO "compile_Sample" VALUES(186,1,12,NULL,NULL,NULL,NULL,NULL,0.001427,0.003475,0.005249,NULL,NULL);
INSERT INTO "compile_Sample" VALUES(187,1,12,NULL,NULL,NULL,NULL,NULL,0.001358,0.003549,0.0053,NULL,NULL);
INSERT INTO "compile_Sample" VALUES(188,1,12,NULL,NULL,NULL,NULL,NULL,0.001431,0.003481,0.005244,NULL,NULL);
INSERT INTO "compile_Sample" VALUES(189,1,12,NULL,NULL,NULL,NULL,NULL,0.001485,0.003853,0.005663,NULL,NULL);
INSERT INTO "compile_Sample" VALUES(190,1,12,NULL,NULL,NULL,NULL,NULL,0.001432,0.003594,0.00541,NULL,NULL);
INSERT INTO "compile_Sample" VALUES(191,1,12,NULL,NULL,NULL,NULL,NULL,0.00135,0.003431,0.005243,NULL,NULL);
INSERT INTO "compile_Sample" VALUES(192,1,12,NULL,NULL,NULL,NULL,NULL,0.001429,0.003386,0.005166,NULL,NULL);
INSERT INTO "compile_Sample" VALUES(193,1,12,NULL,NULL,NULL,NULL,NULL,0.001442,0.003689,0.005496,NULL,NULL);
INSERT INTO "compile_Sample" VALUES(194,1,12,NULL,NULL,NULL,NULL,NULL,0.001398,0.003614,0.005378,NULL,NULL);
INSERT INTO "compile_Sample" VALUES(195,1,12,NULL,NULL,NULL,NULL,NULL,0.001491,0.003539,0.005307,NULL,NULL);
INSERT INTO "compile_Sample" VALUES(196,1,12,NULL,NULL,NULL,NULL,NULL,0.001436,0.003506,0.005362,NULL,NULL);
INSERT INTO "compile_Sample" VALUES(197,1,12,NULL,NULL,NULL,NULL,NULL,0.001364,0.003624,0.005345,NULL,NULL);
INSERT INTO "compile_Sample" VALUES(198,1,12,NULL,NULL,NULL,NULL,NULL,0.00139,0.003425,0.005117,NULL,NULL);
INSERT INTO "compile_Sample" VALUES(199,1,12,NULL,NULL,NULL,NULL,NULL,0.001422,0.003527,0.005307,NULL,NULL);
INSERT INTO "compile_Sample" VALUES(200,1,12,NULL,NULL,NULL,NULL,NULL,0.001405,0.003763,0.005508,NULL,NULL);
INSERT INTO "compile_Sample" VALUES(201,1,12,NULL,NULL,NULL,NULL,NULL,0.00145,0.003626,0.005475,NULL,NULL);
INSERT INTO "compile_Sample" VALUES(202,1,12,NULL,NULL,NULL,NULL,NULL,0.001503,0.003605,0.005353,NULL,NULL);
INSERT INTO "compile_Sample" VALUES(203,1,12,NULL,NULL,NULL,NULL,NULL,0.001451,0.003668,0.005444,NULL,NULL);
INSERT INTO "compile_Sample" VALUES(204,1,12,NULL,NULL,NULL,NULL,NULL,0.00141,0.003485,0.005233,NULL,NULL);
INSERT INTO "compile_Sample" VALUES(205,1,12,NULL,NULL,NULL,NULL,NULL,0.002512,0.003949,0.006793,NULL,NULL);
INSERT INTO "compile_Sample" VALUES(206,1,12,NULL,NULL,NULL,NULL,NULL,0.001408,0.003847,0.005647,NULL,NULL);
INSERT INTO "compile_Sample" VALUES(207,1,12,NULL,NULL,NULL,NULL,NULL,0.001438,0.00366,0.005663,NULL,NULL);
INSERT INTO "compile_Sample" VALUES(208,1,12,NULL,NULL,NULL,NULL,NULL,0.001441,0.003433,0.005288,NULL,NULL);
INSERT INTO "compile_Sample" VALUES(209,1,12,NULL,NULL,NULL,NULL,NULL,0.001471,0.004125,0.005964,NULL,NULL);
INSERT INTO "compile_Sample" VALUES(210,1,12,NULL,NULL,NULL,NULL,NULL,0.001425,0.003671,0.005403,NULL,NULL);
INSERT INTO "compile_Sample" VALUES(211,1,12,NULL,NULL,NULL,NULL,NULL,0.001397,0.003302,0.00506,NULL,NULL);
INSERT INTO "compile_Sample" VALUES(212,1,12,NULL,NULL,NULL,NULL,NULL,0.001453,0.003624,0.005362,NULL,NULL);
INSERT INTO "compile_Sample" VALUES(213,1,12,NULL,NULL,NULL,NULL,NULL,0.001427,0.003563,0.005441,NULL,NULL);
INSERT INTO "compile_Sample" VALUES(214,1,12,NULL,NULL,NULL,NULL,NULL,0.001408,0.00356,0.005293,NULL,NULL);
INSERT INTO "compile_Sample" VALUES(215,1,12,NULL,NULL,NULL,NULL,NULL,0.001446,0.003544,0.005296,NULL,NULL);
INSERT INTO "compile_Sample" VALUES(216,1,12,NULL,NULL,NULL,NULL,NULL,0.001432,0.00357,0.005352,NULL,NULL);
INSERT INTO "compile_Sample" VALUES(217,1,12,NULL,NULL,NULL,NULL,NULL,0.001391,0.003353,0.005065,NULL,NULL);
INSERT INTO "compile_Sample" VALUES(218,1,12,NULL,NULL,NULL,NULL,NULL,0.001453,0.003613,0.005383,NULL,NULL);
INSERT INTO "compile_Sample" VALUES(219,1,12,NULL,NULL,NULL,NULL,NULL,0.001424,0.003689,0.005445,NULL,NULL);
INSERT INTO "compile_Sample" VALUES(220,1,12,NULL,NULL,NULL,NULL,NULL,0.001422,0.003489,0.005303,NULL,NULL);
INSERT INTO "compile_Sample" VALUES(221,1,12,NULL,NULL,NULL,NULL,NULL,0.002017,0.005758,0.008242,NULL,NULL);
INSERT INTO "compile_Sample" VALUES(222,1,12,NULL,NULL,NULL,NULL,NULL,0.0018,0.004797,0.007115,NULL,NULL);
INSERT INTO "compile_Sample" VALUES(223,1,12,NULL,NULL,NULL,NULL,NULL,0.001412,0.003466,0.005154,NULL,NULL);
INSERT INTO "compile_Sample" VALUES(224,1,12,NULL,NULL,NULL,NULL,NULL,0.001441,0.003692,0.005475,NULL,NULL);
INSERT INTO "compile_Sample" VALUES(225,1,12,NULL,NULL,NULL,NULL,NULL,0.00153,0.003764,0.005728,NULL,NULL);
INSERT INTO "compile_Sample" VALUES(226,1,12,NULL,NULL,NULL,NULL,NULL,0.001432,0.003533,0.005278,NULL,NULL);
INSERT INTO "compile_Sample" VALUES(227,1,12,NULL,NULL,NULL,NULL,NULL,0.001504,0.003929,0.0061,NULL,NULL);
INSERT INTO "compile_Sample" VALUES(228,1,12,NULL,NULL,NULL,NULL,NULL,0.001475,0.003666,0.005675,NULL,NULL);
INSERT INTO "compile_Sample" VALUES(229,1,12,NULL,NULL,NULL,NULL,NULL,0.001382,0.00339,0.005095,NULL,NULL);
INSERT INTO "compile_Sample" VALUES(230,1,12,NULL,NULL,NULL,NULL,NULL,0.001438,0.003559,0.005354,NULL,NULL);
INSERT INTO "compile_Sample" VALUES(231,1,12,NULL,NULL,NULL,NULL,NULL,0.001434,0.003475,0.005264,NULL,NULL);
INSERT INTO "compile_Sample" VALUES(232,1,12,NULL,NULL,NULL,NULL,NULL,0.001332,0.00316,0.004896,NULL,NULL);
INSERT INTO "compile_Sample" VALUES(233,1,12,NULL,NULL,NULL,NULL,NULL,0.001433,0.003407,0.005123,NULL,NULL);
INSERT INTO "compile_Sample" VALUES(234,1,12,NULL,NULL,NULL,NULL,NULL,0.001414,0.003652,0.005457,NULL,NULL);
INSERT INTO "compile_Sample" VALUES(235,1,12,NULL,NULL,NULL,NULL,NULL,0.00141,0.003544,0.005347,NULL,NULL);
INSERT INTO "compile_Sample" VALUES(236,1,12,NULL,NULL,NULL,NULL,NULL,0.001424,0.003501,0.005367,NULL,NULL);
INSERT INTO "compile_Sample" VALUES(237,1,12,NULL,NULL,NULL,NULL,NULL,0.001422,0.003711,0.005547,NULL,NULL);
INSERT INTO "compile_Sample" VALUES(238,1,13,NULL,NULL,NULL,NULL,NULL,250.474396,19.527341,42.507037,NULL,NULL);
INSERT INTO "compile_Sample" VALUES(239,1,13,NULL,NULL,NULL,NULL,NULL,262.060381,20.144109,43.148937,NULL,NULL);
INSERT INTO "compile_Sample" VALUES(240,1,13,NULL,NULL,NULL,NULL,NULL,263.100606,20.094547,42.06645,NULL,NULL);
INSERT INTO "compile_Sample" VALUES(241,1,14,NULL,NULL,NULL,NULL,NULL,0.244143,0.016343,0.263116,NULL,24924160.0);
INSERT INTO "compile_Sample" VALUES(242,1,14,NULL,NULL,NULL,NULL,NULL,0.2409,0.015257,0.259004,NULL,24924160.0);
INSERT INTO "compile_Sample" VALUES(243,1,14,NULL,NULL,NULL,NULL,NULL,0.242508,0.017202,0.262309,NULL,24928256.0);
INSERT INTO "compile_Sample" VALUES(244,1,15,NULL,NULL,NULL,NULL,NULL,1.229696,0.078086,1.315721,1941840.0,129126400.0);
INSERT INTO "compile_Sample" VALUES(245,1,15,NULL,NULL,NULL,NULL,NULL,1.215951,0.076725,1.300407,1941840.0,129163264.0);
INSERT INTO "compile_Sample" VALUES(246,1,15,NULL,NULL,NULL,NULL,NULL,1.21762,0.084803,1.30443,1941840.0,129019904.0);
INSERT INTO "compile_Sample" VALUES(247,1,16,NULL,NULL,NULL,NULL,NULL,0.047802,0.015505,0.064841,NULL,8925184.0);
INSERT INTO "compile_Sample" VALUES(248,1,16,NULL,NULL,NULL,NULL,NULL,0.046949,0.014092,0.062906,NULL,8925184.0);
INSERT INTO "compile_Sample" VALUES(249,1,16,NULL,NULL,NULL,NULL,NULL,0.048353,0.017823,0.067249,NULL,8925184.0);
INSERT INTO "compile_Sample" VALUES(250,1,16,NULL,NULL,NULL,NULL,NULL,0.046261,0.014088,0.062354,NULL,8925184.0);
INSERT INTO "compile_Sample" VALUES(251,1,16,NULL,NULL,NULL,NULL,NULL,0.050298,0.01922,0.070836,NULL,8925184.0);
INSERT INTO "compile_Sample" VALUES(252,1,16,NULL,NULL,NULL,NULL,NULL,0.047025,0.01462,0.06343,NULL,8925184.0);
INSERT INTO "compile_Sample" VALUES(253,1,16,NULL,NULL,NULL,NULL,NULL,0.046827,0.015349,0.063174,NULL,8925184.0);
INSERT INTO "compile_Sample" VALUES(254,1,16,NULL,NULL,NULL,NULL,NULL,0.049923,0.018381,0.070214,NULL,8925184.0);
INSERT INTO "compile_Sample" VALUES(255,1,16,NULL,NULL,NULL,NULL,NULL,0.046742,0.014098,0.063046,NULL,8925184.0);
INSERT INTO "compile_Sample" VALUES(256,1,16,NULL,NULL,NULL,NULL,NULL,0.046641,0.015331,0.06359,NULL,8925184.0);
INSERT INTO "compile_Sample" VALUES(257,1,16,NULL,NULL,NULL,NULL,NULL,0.046802,0.014069,0.062792,NULL,8925184.0);
INSERT INTO "compile_Sample" VALUES(258,1,17,NULL,NULL,NULL,NULL,NULL,0.106899,0.012812,0.120699,NULL,12009472.0);
INSERT INTO "compile_Sample" VALUES(259,1,17,NULL,NULL,NULL,NULL,NULL,0.1064,0.012626,0.121047,NULL,12009472.0);
INSERT INTO "compile_Sample" VALUES(260,1,17,NULL,NULL,NULL,NULL,NULL,0.105632,0.010826,0.118515,NULL,12009472.0);
INSERT INTO "compile_Sample" VALUES(261,1,17,NULL,NULL,NULL,NULL,NULL,0.108631,0.013366,0.1242,NULL,12009472.0);
INSERT INTO "compile_Sample" VALUES(262,1,17,NULL,NULL,NULL,NULL,NULL,0.107405,0.012484,0.121637,NULL,12009472.0);
INSERT INTO "compile_Sample" VALUES(263,1,18,NULL,NULL,NULL,NULL,NULL,0.445194,0.071151,0.518892,11913824.0,64679936.0);
INSERT INTO "compile_Sample" VALUES(264,1,18,NULL,NULL,NULL,NULL,NULL,0.445851,0.06429,0.517361,11913824.0,64708608.0);
INSERT INTO "compile_Sample" VALUES(265,1,18,NULL,NULL,NULL,NULL,NULL,0.459241,0.066281,0.541253,11913824.0,64688128.0);
INSERT INTO "compile_Sample" VALUES(266,1,19,NULL,NULL,NULL,NULL,NULL,0.021675,0.012586,0.035814,NULL,5038080.0);
INSERT INTO "compile_Sample" VALUES(267,1,19,NULL,NULL,NULL,NULL,NULL,0.02169,0.01223,0.035298,NULL,5038080.0);
INSERT INTO "compile_Sample" VALUES(268,1,19,NULL,NULL,NULL,NULL,NULL,0.02175,0.011547,0.034653,NULL,5029888.0);
INSERT INTO "compile_Sample" VALUES(269,1,19,NULL,NULL,NULL,NULL,NULL,0.021637,0.011666,0.034854,NULL,5038080.0);
INSERT INTO "compile_Sample" VALUES(270,1,19,NULL,NULL,NULL,NULL,NULL,0.021611,0.012199,0.034681,NULL,5038080.0);
INSERT INTO "compile_Sample" VALUES(271,1,19,NULL,NULL,NULL,NULL,NULL,0.021682,0.011568,0.034753,NULL,5038080.0);
INSERT INTO "compile_Sample" VALUES(272,1,19,NULL,NULL,NULL,NULL,NULL,0.02171,0.011855,0.035036,NULL,5038080.0);
INSERT INTO "compile_Sample" VALUES(273,1,19,NULL,NULL,NULL,NULL,NULL,0.021474,0.011536,0.034323,NULL,5029888.0);
INSERT INTO "compile_Sample" VALUES(274,1,19,NULL,NULL,NULL,NULL,NULL,0.022084,0.013964,0.037443,NULL,5029888.0);
INSERT INTO "compile_Sample" VALUES(275,1,19,NULL,NULL,NULL,NULL,NULL,0.021852,0.01181,0.034862,NULL,5038080.0);
INSERT INTO "compile_Sample" VALUES(276,1,19,NULL,NULL,NULL,NULL,NULL,0.021948,0.012029,0.035286,NULL,5029888.0);
INSERT INTO "compile_Sample" VALUES(277,1,19,NULL,NULL,NULL,NULL,NULL,0.022129,0.011602,0.035006,NULL,5038080.0);
INSERT INTO "compile_Sample" VALUES(278,1,19,NULL,NULL,NULL,NULL,NULL,0.021741,0.011559,0.034487,NULL,5038080.0);
INSERT INTO "compile_Sample" VALUES(279,1,19,NULL,NULL,NULL,NULL,NULL,0.021753,0.012013,0.034682,NULL,5038080.0);
INSERT INTO "compile_Sample" VALUES(280,1,19,NULL,NULL,NULL,NULL,NULL,0.021802,0.011961,0.034685,NULL,5033984.0);
INSERT INTO "compile_Sample" VALUES(281,1,19,NULL,NULL,NULL,NULL,NULL,0.021378,0.011737,0.034322,NULL,5038080.0);
INSERT INTO "compile_Sample" VALUES(282,1,19,NULL,NULL,NULL,NULL,NULL,0.021679,0.012039,0.035025,NULL,5038080.0);
INSERT INTO "compile_Sample" VALUES(283,1,19,NULL,NULL,NULL,NULL,NULL,0.021515,0.01172,0.034793,NULL,5029888.0);
INSERT INTO "compile_Sample" VALUES(284,1,19,NULL,NULL,NULL,NULL,NULL,0.021791,0.011891,0.035218,NULL,5038080.0);
INSERT INTO "compile_Sample" VALUES(285,1,19,NULL,NULL,NULL,NULL,NULL,0.021332,0.011725,0.034357,NULL,5029888.0);
INSERT INTO "compile_Sample" VALUES(286,1,19,NULL,NULL,NULL,NULL,NULL,0.021986,0.012065,0.035546,NULL,5038080.0);
INSERT INTO "compile_Sample" VALUES(287,1,19,NULL,NULL,NULL,NULL,NULL,0.021377,0.011744,0.034374,NULL,5038080.0);
INSERT INTO "compile_Sample" VALUES(288,1,19,NULL,NULL,NULL,NULL,NULL,0.021215,0.011571,0.034277,NULL,5038080.0);
INSERT INTO "compile_Sample" VALUES(289,1,19,NULL,NULL,NULL,NULL,NULL,0.021434,0.011697,0.034335,NULL,5038080.0);
INSERT INTO "compile_Sample" VALUES(290,1,20,NULL,NULL,NULL,NULL,NULL,87.707829,22.289575,29.979111,NULL,NULL);
INSERT INTO "compile_Sample" VALUES(291,1,20,NULL,NULL,NULL,NULL,NULL,87.695801,22.218779,30.800589,NULL,NULL);
INSERT INTO "compile_Sample" VALUES(292,1,20,NULL,NULL,NULL,NULL,NULL,88.250349,22.518508,30.678733,NULL,NULL);
INSERT INTO "compile_Sample" VALUES(293,1,21,NULL,NULL,NULL,NULL,NULL,0.330287,0.022246,0.355425,NULL,24248320.0);
INSERT INTO "compile_Sample" VALUES(294,1,21,NULL,NULL,NULL,NULL,NULL,0.337727,0.024061,0.364474,NULL,24248320.0);
INSERT INTO "compile_Sample" VALUES(295,1,21,NULL,NULL,NULL,NULL,NULL,0.335697,0.02254,0.359674,NULL,24248320.0);
INSERT INTO "compile_Sample" VALUES(296,1,22,NULL,NULL,NULL,NULL,NULL,0.001538,0.0045,0.006501,NULL,24924160.0);
INSERT INTO "compile_Sample" VALUES(297,1,22,NULL,NULL,NULL,NULL,NULL,0.001439,0.004101,0.005997,NULL,24928256.0);
INSERT INTO "compile_Sample" VALUES(298,1,22,NULL,NULL,NULL,NULL,NULL,0.001432,0.004066,0.005971,NULL,24928256.0);
INSERT INTO "compile_Sample" VALUES(299,1,8,NULL,NULL,NULL,NULL,NULL,0.001215,0.003489,0.00509,NULL,NULL);
INSERT INTO "compile_Sample" VALUES(300,1,8,NULL,NULL,NULL,NULL,NULL,0.00116,0.003688,0.005233,NULL,NULL);
INSERT INTO "compile_Sample" VALUES(301,1,8,NULL,NULL,NULL,NULL,NULL,0.001185,0.003355,0.005037,NULL,NULL);
INSERT INTO "compile_Sample" VALUES(302,1,8,NULL,NULL,NULL,NULL,NULL,0.001298,0.003276,0.004947,NULL,NULL);
INSERT INTO "compile_Sample" VALUES(303,1,8,NULL,NULL,NULL,NULL,NULL,0.001162,0.003493,0.005002,NULL,NULL);
INSERT INTO "compile_Sample" VALUES(304,1,8,NULL,NULL,NULL,NULL,NULL,0.001306,0.003132,0.004765,NULL,NULL);
INSERT INTO "compile_Sample" VALUES(305,1,8,NULL,NULL,NULL,NULL,NULL,0.001141,0.003373,0.004856,NULL,NULL);
INSERT INTO "compile_Sample" VALUES(306,1,8,NULL,NULL,NULL,NULL,NULL,0.001213,0.003408,0.004992,NULL,NULL);
INSERT INTO "compile_Sample" VALUES(307,1,8,NULL,NULL,NULL,NULL,NULL,0.001308,0.003527,0.005265,NULL,NULL);
INSERT INTO "compile_Sample" VALUES(308,1,8,NULL,NULL,NULL,NULL,NULL,0.00125,0.003127,0.004862,NULL,NULL);
INSERT INTO "compile_Sample" VALUES(309,1,8,NULL,NULL,NULL,NULL,NULL,0.001167,0.003244,0.004713,NULL,NULL);
INSERT INTO "compile_Sample" VALUES(310,1,8,NULL,NULL,NULL,NULL,NULL,0.001181,0.0033,0.004799,NULL,NULL);
INSERT INTO "compile_Sample" VALUES(311,1,8,NULL,NULL,NULL,NULL,NULL,0.001253,0.00316,0.004874,NULL,NULL);
INSERT INTO "compile_Sample" VALUES(312,1,8,NULL,NULL,NULL,NULL,NULL,0.001155,0.003229,0.004674,NULL,NULL);
INSERT INTO "compile_Sample" VALUES(313,1,8,NULL,NULL,NULL,NULL,NULL,0.00123,0.00354,0.005351,NULL,NULL);
INSERT INTO "compile_Sample" VALUES(314,1,8,NULL,NULL,NULL,NULL,NULL,0.001183,0.003512,0.005116,NULL,NULL);
INSERT INTO "compile_Sample" VALUES(315,1,8,NULL,NULL,NULL,NULL,NULL,0.001235,0.003205,0.004831,NULL,NULL);
INSERT INTO "compile_Sample" VALUES(316,1,8,NULL,NULL,NULL,NULL,NULL,0.001202,0.003002,0.004594,NULL,NULL);
INSERT INTO "compile_Sample" VALUES(317,1,8,NULL,NULL,NULL,NULL,NULL,0.00115,0.003411,0.004975,NULL,NULL);
INSERT INTO "compile_Sample" VALUES(318,1,8,NULL,NULL,NULL,NULL,NULL,0.001144,0.003165,0.004595,NULL,NULL);
INSERT INTO "compile_Sample" VALUES(319,1,8,NULL,NULL,NULL,NULL,NULL,0.001194,0.003379,0.004981,NULL,NULL);
INSERT INTO "compile_Sample" VALUES(320,1,8,NULL,NULL,NULL,NULL,NULL,0.001684,0.004846,0.006874,NULL,NULL);
INSERT INTO "compile_Sample" VALUES(321,1,8,NULL,NULL,NULL,NULL,NULL,0.001198,0.003351,0.005078,NULL,NULL);
INSERT INTO "compile_Sample" VALUES(322,1,8,NULL,NULL,NULL,NULL,NULL,0.001165,0.003149,0.004779,NULL,NULL);
INSERT INTO "compile_Sample" VALUES(323,1,8,NULL,NULL,NULL,NULL,NULL,0.001202,0.003684,0.005213,NULL,NULL);
INSERT INTO "compile_Sample" VALUES(324,1,8,NULL,NULL,NULL,NULL,NULL,0.001116,0.003196,0.004636,NULL,NULL);
INSERT INTO "compile_Sample" VALUES(325,1,8,NULL,NULL,NULL,NULL,NULL,0.001182,0.00319,0.004822,NULL,NULL);
INSERT INTO "compile_Sample" VALUES(326,1,8,NULL,NULL,NULL,NULL,NULL,0.001172,0.003324,0.004789,NULL,NULL);
INSERT INTO "compile_Sample" VALUES(327,1,8,NULL,NULL,NULL,NULL,NULL,0.001182,0.00333,0.004811,NULL,NULL);
INSERT INTO "compile_Sample" VALUES(328,1,8,NULL,NULL,NULL,NULL,NULL,0.001181,0.003324,0.004942,NULL,NULL);
INSERT INTO "compile_Sample" VALUES(329,1,8,NULL,NULL,NULL,NULL,NULL,0.001466,0.005257,0.007069,NULL,NULL);
INSERT INTO "compile_Sample" VALUES(330,1,8,NULL,NULL,NULL,NULL,NULL,0.001217,0.003396,0.005,NULL,NULL);
INSERT INTO "compile_Sample" VALUES(331,1,8,NULL,NULL,NULL,NULL,NULL,0.001101,0.003095,0.004521,NULL,NULL);
INSERT INTO "compile_Sample" VALUES(332,1,8,NULL,NULL,NULL,NULL,NULL,0.00119,0.003273,0.004853,NULL,NULL);
INSERT INTO "compile_Sample" VALUES(333,1,8,NULL,NULL,NULL,NULL,NULL,0.001225,0.003551,0.005267,NULL,NULL);
INSERT INTO "compile_Sample" VALUES(334,1,8,NULL,NULL,NULL,NULL,NULL,0.001141,0.003103,0.004801,NULL,NULL);
INSERT INTO "compile_Sample" VALUES(335,1,8,NULL,NULL,NULL,NULL,NULL,0.001208,0.003329,0.004859,NULL,NULL);
INSERT INTO "compile_Sample" VALUES(336,1,8,NULL,NULL,NULL,NULL,NULL,0.001161,0.00312,0.004701,NULL,NULL);
INSERT INTO "compile_Sample" VALUES(337,1,8,NULL,NULL,NULL,NULL,NULL,0.001164,0.00346,0.004958,NULL,NULL);
INSERT INTO "compile_Sample" VALUES(338,1,8,NULL,NULL,NULL,NULL,NULL,0.001258,0.003315,0.004968,NULL,NULL);
INSERT INTO "compile_Sample" VALUES(339,1,8,NULL,NULL,NULL,NULL,NULL,0.001732,0.00516,0.007264,NULL,NULL);
INSERT INTO "compile_Sample" VALUES(340,1,8,NULL,NULL,NULL,NULL,NULL,0.001186,0.003471,0.005122,NULL,NULL);
INSERT INTO "compile_Sample" VALUES(341,1,8,NULL,NULL,NULL,NULL,NULL,0.001208,0.0034,0.005127,NULL,NULL);
INSERT INTO "compile_Sample" VALUES(342,1,8,NULL,NULL,NULL,NULL,NULL,0.001234,0.003258,0.005087,NULL,NULL);
INSERT INTO "compile_Sample" VALUES(343,1,8,NULL,NULL,NULL,NULL,NULL,0.001203,0.003385,0.004981,NULL,NULL);
INSERT INTO "compile_Sample" VALUES(344,1,8,NULL,NULL,NULL,NULL,NULL,0.001166,0.003229,0.004743,NULL,NULL);
INSERT INTO "compile_Sample" VALUES(345,1,8,NULL,NULL,NULL,NULL,NULL,0.001144,0.003178,0.004611,NULL,NULL);
INSERT INTO "compile_Sample" VALUES(346,1,8,NULL,NULL,NULL,NULL,NULL,0.001161,0.003266,0.004746,NULL,NULL);
INSERT INTO "compile_Sample" VALUES(347,1,8,NULL,NULL,NULL,NULL,NULL,0.001174,0.003408,0.004898,NULL,NULL);
INSERT INTO "compile_Sample" VALUES(348,1,8,NULL,NULL,NULL,NULL,NULL,0.001135,0.003236,0.004751,NULL,NULL);
INSERT INTO "compile_Sample" VALUES(349,1,8,NULL,NULL,NULL,NULL,NULL,0.001126,0.003071,0.004614,NULL,NULL);
INSERT INTO "compile_Sample" VALUES(350,1,8,NULL,NULL,NULL,NULL,NULL,0.001199,0.003062,0.004602,NULL,NULL);
INSERT INTO "compile_Sample" VALUES(351,1,8,NULL,NULL,NULL,NULL,NULL,0.001186,0.003487,0.005008,NULL,NULL);
INSERT INTO "compile_Sample" VALUES(352,1,8,NULL,NULL,NULL,NULL,NULL,0.00123,0.00325,0.00484,NULL,NULL);
INSERT INTO "compile_Sample" VALUES(353,1,8,NULL,NULL,NULL,NULL,NULL,0.001233,0.003665,0.005435,NULL,NULL);
INSERT INTO "compile_Sample" VALUES(354,1,8,NULL,NULL,NULL,NULL,NULL,0.001192,0.003577,0.005111,NULL,NULL);
INSERT INTO "compile_Sample" VALUES(355,1,8,NULL,NULL,NULL,NULL,NULL,0.001148,0.003122,0.00461,NULL,NULL);
INSERT INTO "compile_Sample" VALUES(356,1,8,NULL,NULL,NULL,NULL,NULL,0.001127,0.003261,0.00472,NULL,NULL);
INSERT INTO "compile_Sample" VALUES(357,1,8,NULL,NULL,NULL,NULL,NULL,0.00121,0.003092,0.00464,NULL,NULL);
INSERT INTO "compile_Sample" VALUES(358,1,8,NULL,NULL,NULL,NULL,NULL,0.001185,0.003474,0.004959,NULL,NULL);
INSERT INTO "compile_Sample" VALUES(359,1,8,NULL,NULL,NULL,NULL,NULL,0.001155,0.00319,0.004663,NULL,NULL);
INSERT INTO "compile_Sample" VALUES(360,1,8,NULL,NULL,NULL,NULL,NULL,0.001185,0.003205,0.004731,NULL,NULL);
INSERT INTO "compile_Sample" VALUES(361,1,8,NULL,NULL,NULL,NULL,NULL,0.001194,0.003509,0.005046,NULL,NULL);
INSERT INTO "compile_Sample" VALUES(362,1,8,NULL,NULL,NULL,NULL,NULL,0.001227,0.003274,0.004942,NULL,NULL);
INSERT INTO "compile_Sample" VALUES(363,1,8,NULL,NULL,NULL,NULL,NULL,0.001213,0.003382,0.004901,NULL,NULL);
INSERT INTO "compile_Sample" VALUES(364,1,8,NULL,NULL,NULL,NULL,NULL,0.001204,0.003332,0.00485,NULL,NULL);
INSERT INTO "compile_Sample" VALUES(365,1,8,NULL,NULL,NULL,NULL,NULL,0.001194,0.00362,0.005162,NULL,NULL);
INSERT INTO "compile_Sample" VALUES(366,1,8,NULL,NULL,NULL,NULL,NULL,0.001137,0.003296,0.004729,NULL,NULL);
INSERT INTO "compile_Sample" VALUES(367,1,8,NULL,NULL,NULL,NULL,NULL,0.001112,0.003042,0.004576,NULL,NULL);
INSERT INTO "compile_Sample" VALUES(368,1,8,NULL,NULL,NULL,NULL,NULL,0.001181,0.003485,0.004989,NULL,NULL);
INSERT INTO "compile_Sample" VALUES(369,1,8,NULL,NULL,NULL,NULL,NULL,0.001242,0.003251,0.004873,NULL,NULL);
INSERT INTO "compile_Sample" VALUES(370,1,8,NULL,NULL,NULL,NULL,NULL,0.001177,0.003256,0.00486,NULL,NULL);
INSERT INTO "compile_Sample" VALUES(371,1,8,NULL,NULL,NULL,NULL,NULL,0.001168,0.003297,0.004772,NULL,NULL);
INSERT INTO "compile_Sample" VALUES(372,1,8,NULL,NULL,NULL,NULL,NULL,0.001209,0.003396,0.005007,NULL,NULL);
INSERT INTO "compile_Sample" VALUES(373,1,8,NULL,NULL,NULL,NULL,NULL,0.001184,0.00322,0.00472,NULL,NULL);
INSERT INTO "compile_Sample" VALUES(374,1,8,NULL,NULL,NULL,NULL,NULL,0.001331,0.003376,0.004938,NULL,NULL);
INSERT INTO "compile_Sample" VALUES(375,1,8,NULL,NULL,NULL,NULL,NULL,0.001153,0.003578,0.005157,NULL,NULL);
INSERT INTO "compile_Sample" VALUES(376,1,8,NULL,NULL,NULL,NULL,NULL,0.001286,0.003281,0.004986,NULL,NULL);
INSERT INTO "compile_Sample" VALUES(377,1,8,NULL,NULL,NULL,NULL,NULL,0.001172,0.003278,0.004859,NULL,NULL);
INSERT INTO "compile_Sample" VALUES(378,1,8,NULL,NULL,NULL,NULL,NULL,0.001166,0.003091,0.004564,NULL,NULL);
INSERT INTO "compile_Sample" VALUES(379,1,8,NULL,NULL,NULL,NULL,NULL,0.001196,0.003373,0.004895,NULL,NULL);
INSERT INTO "compile_Sample" VALUES(380,1,8,NULL,NULL,NULL,NULL,NULL,0.00117,0.003426,0.004933,NULL,NULL);
INSERT INTO "compile_Sample" VALUES(381,1,8,NULL,NULL,NULL,NULL,NULL,0.001228,0.00328,0.004915,NULL,NULL);
INSERT INTO "compile_Sample" VALUES(382,1,8,NULL,NULL,NULL,NULL,NULL,0.001177,0.003429,0.004926,NULL,NULL);
INSERT INTO "compile_Sample" VALUES(383,1,8,NULL,NULL,NULL,NULL,NULL,0.0011,0.003091,0.004473,NULL,NULL);
INSERT INTO "compile_Sample" VALUES(384,1,8,NULL,NULL,NULL,NULL,NULL,0.00114,0.003205,0.004624,NULL,NULL);
INSERT INTO "compile_Sample" VALUES(385,1,8,NULL,NULL,NULL,NULL,NULL,0.001184,0.003251,0.004747,NULL,NULL);
INSERT INTO "compile_Sample" VALUES(386,1,8,NULL,NULL,NULL,NULL,NULL,0.001157,0.003365,0.004859,NULL,NULL);
INSERT INTO "compile_Sample" VALUES(387,1,8,NULL,NULL,NULL,NULL,NULL,0.001167,0.003381,0.004963,NULL,NULL);
INSERT INTO "compile_Sample" VALUES(388,1,8,NULL,NULL,NULL,NULL,NULL,0.0011,0.003009,0.004359,NULL,NULL);
INSERT INTO "compile_Sample" VALUES(389,1,8,NULL,NULL,NULL,NULL,NULL,0.001223,0.00351,0.005062,NULL,NULL);
INSERT INTO "compile_Sample" VALUES(390,1,8,NULL,NULL,NULL,NULL,NULL,0.001164,0.003448,0.004938,NULL,NULL);
INSERT INTO "compile_Sample" VALUES(391,1,8,NULL,NULL,NULL,NULL,NULL,0.001204,0.003203,0.004857,NULL,NULL);
INSERT INTO "compile_Sample" VALUES(392,1,8,NULL,NULL,NULL,NULL,NULL,0.00128,0.003292,0.005102,NULL,NULL);
INSERT INTO "compile_Sample" VALUES(393,1,8,NULL,NULL,NULL,NULL,NULL,0.00127,0.00336,0.004985,NULL,NULL);
INSERT INTO "compile_Sample" VALUES(394,1,23,NULL,NULL,NULL,NULL,NULL,0.867322,0.038873,0.910946,NULL,73322496.0);
INSERT INTO "compile_Sample" VALUES(395,1,23,NULL,NULL,NULL,NULL,NULL,0.867074,0.041422,0.911873,NULL,73322496.0);
INSERT INTO "compile_Sample" VALUES(396,1,23,NULL,NULL,NULL,NULL,NULL,0.874974,0.04401,0.92107,NULL,73322496.0);
INSERT INTO "compile_Sample" VALUES(397,1,24,NULL,NULL,NULL,NULL,NULL,0.249702,0.02185,0.274285,496144.0,23216128.0);
INSERT INTO "compile_Sample" VALUES(398,1,24,NULL,NULL,NULL,NULL,NULL,0.24857,0.021157,0.272427,496144.0,23216128.0);
INSERT INTO "compile_Sample" VALUES(399,1,24,NULL,NULL,NULL,NULL,NULL,0.249186,0.024177,0.276068,496144.0,23216128.0);
INSERT INTO "compile_Sample" VALUES(400,1,25,NULL,NULL,NULL,NULL,NULL,4.952215,1.41442,2.692375,NULL,NULL);
INSERT INTO "compile_Sample" VALUES(401,1,25,NULL,NULL,NULL,NULL,NULL,4.992465,1.361649,2.594744,NULL,NULL);
INSERT INTO "compile_Sample" VALUES(402,1,25,NULL,NULL,NULL,NULL,NULL,4.916516,1.360747,2.294922,NULL,NULL);
INSERT INTO "compile_Sample" VALUES(403,1,26,NULL,NULL,NULL,NULL,NULL,0.963307,0.05689,1.021882,3543776.0,82288640.0);
INSERT INTO "compile_Sample" VALUES(404,1,26,NULL,NULL,NULL,NULL,NULL,0.947078,0.050679,1.003855,3543776.0,82288640.0);
INSERT INTO "compile_Sample" VALUES(405,1,26,NULL,NULL,NULL,NULL,NULL,0.951975,0.052255,1.007793,3543776.0,82288640.0);
INSERT INTO "compile_Sample" VALUES(406,1,27,NULL,NULL,NULL,NULL,NULL,0.005056,0.010486,0.01652,NULL,3366912.0);
INSERT INTO "compile_Sample" VALUES(407,1,27,NULL,NULL,NULL,NULL,NULL,0.004875,0.010373,0.015584,NULL,3366912.0);
INSERT INTO "compile_Sample" VALUES(408,1,27,NULL,NULL,NULL,NULL,NULL,0.004847,0.009754,0.015546,NULL,3366912.0);
INSERT INTO "compile_Sample" VALUES(409,1,27,NULL,NULL,NULL,NULL,NULL,0.004916,0.009706,0.015481,NULL,3366912.0);
INSERT INTO "compile_Sample" VALUES(410,1,27,NULL,NULL,NULL,NULL,NULL,0.004961,0.009778,0.015997,NULL,3366912.0);
INSERT INTO "compile_Sample" VALUES(411,1,27,NULL,NULL,NULL,NULL,NULL,0.004793,0.009378,0.015222,NULL,3366912.0);
INSERT INTO "compile_Sample" VALUES(412,1,27,NULL,NULL,NULL,NULL,NULL,0.00487,0.009577,0.015386,NULL,3366912.0);
INSERT INTO "compile_Sample" VALUES(413,1,27,NULL,NULL,NULL,NULL,NULL,0.004935,0.009694,0.015782,NULL,3366912.0);
INSERT INTO "compile_Sample" VALUES(414,1,27,NULL,NULL,NULL,NULL,NULL,0.004773,0.00945,0.015307,NULL,3366912.0);
INSERT INTO "compile_Sample" VALUES(415,1,27,NULL,NULL,NULL,NULL,NULL,0.004825,0.009533,0.015221,NULL,3366912.0);
INSERT INTO "compile_Sample" VALUES(416,1,27,NULL,NULL,NULL,NULL,NULL,0.004834,0.009464,0.015347,NULL,3366912.0);
INSERT INTO "compile_Sample" VALUES(417,1,27,NULL,NULL,NULL,NULL,NULL,0.004725,0.009592,0.015175,NULL,3366912.0);
INSERT INTO "compile_Sample" VALUES(418,1,27,NULL,NULL,NULL,NULL,NULL,0.005178,0.010794,0.016931,NULL,3366912.0);
INSERT INTO "compile_Sample" VALUES(419,1,27,NULL,NULL,NULL,NULL,NULL,0.004863,0.009536,0.015306,NULL,3366912.0);
INSERT INTO "compile_Sample" VALUES(420,1,27,NULL,NULL,NULL,NULL,NULL,0.004985,0.009716,0.015909,NULL,3366912.0);
INSERT INTO "compile_Sample" VALUES(421,1,27,NULL,NULL,NULL,NULL,NULL,0.005245,0.010936,0.017194,NULL,3366912.0);
INSERT INTO "compile_Sample" VALUES(422,1,27,NULL,NULL,NULL,NULL,NULL,0.006629,0.012111,0.019849,NULL,3366912.0);
INSERT INTO "compile_Sample" VALUES(423,1,27,NULL,NULL,NULL,NULL,NULL,0.004821,0.009423,0.015462,NULL,3366912.0);
INSERT INTO "compile_Sample" VALUES(424,1,27,NULL,NULL,NULL,NULL,NULL,0.004883,0.009632,0.01552,NULL,3366912.0);
INSERT INTO "compile_Sample" VALUES(425,1,27,NULL,NULL,NULL,NULL,NULL,0.004832,0.00964,0.01556,NULL,3366912.0);
INSERT INTO "compile_Sample" VALUES(426,1,27,NULL,NULL,NULL,NULL,NULL,0.004903,0.009724,0.01561,NULL,3366912.0);
INSERT INTO "compile_Sample" VALUES(427,1,27,NULL,NULL,NULL,NULL,NULL,0.004952,0.009701,0.015681,NULL,3366912.0);
INSERT INTO "compile_Sample" VALUES(428,1,27,NULL,NULL,NULL,NULL,NULL,0.004805,0.009624,0.015316,NULL,3366912.0);
INSERT INTO "compile_Sample" VALUES(429,1,27,NULL,NULL,NULL,NULL,NULL,0.004902,0.009668,0.015605,NULL,3366912.0);
INSERT INTO "compile_Sample" VALUES(430,1,27,NULL,NULL,NULL,NULL,NULL,0.004764,0.009416,0.015119,NULL,3366912.0);
INSERT INTO "compile_Sample" VALUES(431,1,27,NULL,NULL,NULL,NULL,NULL,0.004819,0.009687,0.015697,NULL,3366912.0);
INSERT INTO "compile_Sample" VALUES(432,1,27,NULL,NULL,NULL,NULL,NULL,0.00477,0.009522,0.015307,NULL,3366912.0);
INSERT INTO "compile_Sample" VALUES(433,1,27,NULL,NULL,NULL,NULL,NULL,0.004911,0.009768,0.015601,NULL,3366912.0);
INSERT INTO "compile_Sample" VALUES(434,1,27,NULL,NULL,NULL,NULL,NULL,0.004896,0.009616,0.015503,NULL,3366912.0);
INSERT INTO "compile_Sample" VALUES(435,1,27,NULL,NULL,NULL,NULL,NULL,0.004988,0.009611,0.015602,NULL,3366912.0);
INSERT INTO "compile_Sample" VALUES(436,1,27,NULL,NULL,NULL,NULL,NULL,0.005043,0.010043,0.016079,NULL,3366912.0);
INSERT INTO "compile_Sample" VALUES(437,1,27,NULL,NULL,NULL,NULL,NULL,0.004844,0.009579,0.015356,NULL,3366912.0);
INSERT INTO "compile_Sample" VALUES(438,1,27,NULL,NULL,NULL,NULL,NULL,0.004866,0.00981,0.015676,NULL,3366912.0);
INSERT INTO "compile_Sample" VALUES(439,1,27,NULL,NULL,NULL,NULL,NULL,0.004814,0.009834,0.015602,NULL,3366912.0);
INSERT INTO "compile_Sample" VALUES(440,1,27,NULL,NULL,NULL,NULL,NULL,0.005702,0.011135,0.017904,NULL,3366912.0);
INSERT INTO "compile_Sample" VALUES(441,1,27,NULL,NULL,NULL,NULL,NULL,0.004929,0.009722,0.015641,NULL,3366912.0);
INSERT INTO "compile_Sample" VALUES(442,1,27,NULL,NULL,NULL,NULL,NULL,0.007316,0.012294,0.02093,NULL,3366912.0);
INSERT INTO "compile_Sample" VALUES(443,1,27,NULL,NULL,NULL,NULL,NULL,0.006846,0.012152,0.020151,NULL,3366912.0);
INSERT INTO "compile_Sample" VALUES(444,1,27,NULL,NULL,NULL,NULL,NULL,0.005251,0.009867,0.016358,NULL,3366912.0);
INSERT INTO "compile_Sample" VALUES(445,1,27,NULL,NULL,NULL,NULL,NULL,0.00498,0.009809,0.015832,NULL,3366912.0);
INSERT INTO "compile_Sample" VALUES(446,1,27,NULL,NULL,NULL,NULL,NULL,0.004876,0.009566,0.015555,NULL,3366912.0);
INSERT INTO "compile_Sample" VALUES(447,1,27,NULL,NULL,NULL,NULL,NULL,0.004863,0.009466,0.015237,NULL,3366912.0);
INSERT INTO "compile_Sample" VALUES(448,1,27,NULL,NULL,NULL,NULL,NULL,0.004919,0.009655,0.015549,NULL,3366912.0);
INSERT INTO "compile_Sample" VALUES(449,1,27,NULL,NULL,NULL,NULL,NULL,0.004899,0.009561,0.01557,NULL,3366912.0);
INSERT INTO "compile_Sample" VALUES(450,1,27,NULL,NULL,NULL,NULL,NULL,0.004791,0.009459,0.01532,NULL,3366912.0);
INSERT INTO "compile_Sample" VALUES(451,1,27,NULL,NULL,NULL,NULL,NULL,0.004988,0.009614,0.015471,NULL,3366912.0);
INSERT INTO "compile_Sample" VALUES(452,1,27,NULL,NULL,NULL,NULL,NULL,0.004849,0.009578,0.015407,NULL,3366912.0);
INSERT INTO "compile_Sample" VALUES(453,1,27,NULL,NULL,NULL,NULL,NULL,0.004909,0.009774,0.015905,NULL,3366912.0);
INSERT INTO "compile_Sample" VALUES(454,1,27,NULL,NULL,NULL,NULL,NULL,0.005063,0.011087,0.017316,NULL,3366912.0);
INSERT INTO "compile_Sample" VALUES(455,1,27,NULL,NULL,NULL,NULL,NULL,0.004962,0.00981,0.015595,NULL,3366912.0);
INSERT INTO "compile_Sample" VALUES(456,1,27,NULL,NULL,NULL,NULL,NULL,0.004974,0.009707,0.015803,NULL,3366912.0);
INSERT INTO "compile_Sample" VALUES(457,1,27,NULL,NULL,NULL,NULL,NULL,0.004897,0.009604,0.01561,NULL,3366912.0);
INSERT INTO "compile_Sample" VALUES(458,1,27,NULL,NULL,NULL,NULL,NULL,0.004805,0.009707,0.015269,NULL,3366912.0);
INSERT INTO "compile_Sample" VALUES(459,1,27,NULL,NULL,NULL,NULL,NULL,0.004879,0.009437,0.015336,NULL,3366912.0);
INSERT INTO "compile_Sample" VALUES(460,1,27,NULL,NULL,NULL,NULL,NULL,0.004767,0.009438,0.015084,NULL,3366912.0);
INSERT INTO "compile_Sample" VALUES(461,1,27,NULL,NULL,NULL,NULL,NULL,0.004755,0.009473,0.01519,NULL,3366912.0);
INSERT INTO "compile_Sample" VALUES(462,1,27,NULL,NULL,NULL,NULL,NULL,0.004793,0.009545,0.015207,NULL,3366912.0);
INSERT INTO "compile_Sample" VALUES(463,1,27,NULL,NULL,NULL,NULL,NULL,0.004941,0.009519,0.01568,NULL,3366912.0);
INSERT INTO "compile_Sample" VALUES(464,1,27,NULL,NULL,NULL,NULL,NULL,0.006667,0.012136,0.02017,NULL,3366912.0);
INSERT INTO "compile_Sample" VALUES(465,1,27,NULL,NULL,NULL,NULL,NULL,0.005264,0.011054,0.01738,NULL,3366912.0);
INSERT INTO "compile_Sample" VALUES(466,1,27,NULL,NULL,NULL,NULL,NULL,0.004702,0.009405,0.01505,NULL,3366912.0);
INSERT INTO "compile_Sample" VALUES(467,1,27,NULL,NULL,NULL,NULL,NULL,0.005041,0.009756,0.01581,NULL,3366912.0);
INSERT INTO "compile_Sample" VALUES(468,1,27,NULL,NULL,NULL,NULL,NULL,0.004898,0.009555,0.015421,NULL,3366912.0);
INSERT INTO "compile_Sample" VALUES(469,1,27,NULL,NULL,NULL,NULL,NULL,0.004897,0.009791,0.015608,NULL,3366912.0);
INSERT INTO "compile_Sample" VALUES(470,1,27,NULL,NULL,NULL,NULL,NULL,0.004907,0.009612,0.015463,NULL,3366912.0);
INSERT INTO "compile_Sample" VALUES(471,1,27,NULL,NULL,NULL,NULL,NULL,0.004909,0.009697,0.015569,NULL,3366912.0);
INSERT INTO "compile_Sample" VALUES(472,1,27,NULL,NULL,NULL,NULL,NULL,0.004831,0.009433,0.015224,NULL,3366912.0);
INSERT INTO "compile_Sample" VALUES(473,1,27,NULL,NULL,NULL,NULL,NULL,0.004909,0.009653,0.015636,NULL,3366912.0);
INSERT INTO "compile_Sample" VALUES(474,1,27,NULL,NULL,NULL,NULL,NULL,0.004788,0.009432,0.015261,NULL,3366912.0);
INSERT INTO "compile_Sample" VALUES(475,1,27,NULL,NULL,NULL,NULL,NULL,0.004889,0.009787,0.015665,NULL,3366912.0);
INSERT INTO "compile_Sample" VALUES(476,1,27,NULL,NULL,NULL,NULL,NULL,0.005,0.009678,0.016034,NULL,3366912.0);
INSERT INTO "compile_Sample" VALUES(477,1,27,NULL,NULL,NULL,NULL,NULL,0.005406,0.011359,0.017797,NULL,3366912.0);
INSERT INTO "compile_Sample" VALUES(478,1,27,NULL,NULL,NULL,NULL,NULL,0.004843,0.009767,0.015541,NULL,3366912.0);
INSERT INTO "compile_Sample" VALUES(479,1,27,NULL,NULL,NULL,NULL,NULL,0.004691,0.009592,0.015187,NULL,3366912.0);
INSERT INTO "compile_Sample" VALUES(480,1,27,NULL,NULL,NULL,NULL,NULL,0.004809,0.009537,0.015317,NULL,3366912.0);
INSERT INTO "compile_Sample" VALUES(481,1,27,NULL,NULL,NULL,NULL,NULL,0.004984,0.009533,0.015384,NULL,3366912.0);
INSERT INTO "compile_Sample" VALUES(482,1,27,NULL,NULL,NULL,NULL,NULL,0.006693,0.01218,0.019921,NULL,3366912.0);
INSERT INTO "compile_Sample" VALUES(483,1,27,NULL,NULL,NULL,NULL,NULL,0.004949,0.009905,0.016013,NULL,3366912.0);
INSERT INTO "compile_Sample" VALUES(484,1,27,NULL,NULL,NULL,NULL,NULL,0.004768,0.009419,0.015095,NULL,3366912.0);
INSERT INTO "compile_Sample" VALUES(485,1,27,NULL,NULL,NULL,NULL,NULL,0.004922,0.009931,0.016075,NULL,3366912.0);
INSERT INTO "compile_Sample" VALUES(486,1,27,NULL,NULL,NULL,NULL,NULL,0.006944,0.011728,0.019717,NULL,3366912.0);
INSERT INTO "compile_Sample" VALUES(487,1,27,NULL,NULL,NULL,NULL,NULL,0.004829,0.009565,0.015201,NULL,3366912.0);
INSERT INTO "compile_Sample" VALUES(488,1,27,NULL,NULL,NULL,NULL,NULL,0.005465,0.009865,0.01637,NULL,3366912.0);
INSERT INTO "compile_Sample" VALUES(489,1,27,NULL,NULL,NULL,NULL,NULL,0.004779,0.009738,0.015575,NULL,3366912.0);
INSERT INTO "compile_Sample" VALUES(490,1,27,NULL,NULL,NULL,NULL,NULL,0.004914,0.009977,0.015952,NULL,3366912.0);
INSERT INTO "compile_Sample" VALUES(491,1,27,NULL,NULL,NULL,NULL,NULL,0.007344,0.01227,0.020809,NULL,3366912.0);
INSERT INTO "compile_Sample" VALUES(492,1,27,NULL,NULL,NULL,NULL,NULL,0.005019,0.009842,0.015756,NULL,3366912.0);
INSERT INTO "compile_Sample" VALUES(493,1,27,NULL,NULL,NULL,NULL,NULL,0.004761,0.00957,0.015233,NULL,3366912.0);
INSERT INTO "compile_Sample" VALUES(494,1,27,NULL,NULL,NULL,NULL,NULL,0.004833,0.009461,0.015261,NULL,3366912.0);
INSERT INTO "compile_Sample" VALUES(495,1,27,NULL,NULL,NULL,NULL,NULL,0.004817,0.009425,0.015208,NULL,3366912.0);
INSERT INTO "compile_Sample" VALUES(496,1,27,NULL,NULL,NULL,NULL,NULL,0.004847,0.009707,0.015583,NULL,3366912.0);
INSERT INTO "compile_Sample" VALUES(497,1,27,NULL,NULL,NULL,NULL,NULL,0.004969,0.009759,0.015648,NULL,3366912.0);
INSERT INTO "compile_Sample" VALUES(498,1,27,NULL,NULL,NULL,NULL,NULL,0.004857,0.009722,0.015582,NULL,3366912.0);
INSERT INTO "compile_Sample" VALUES(499,1,27,NULL,NULL,NULL,NULL,NULL,0.004875,0.009718,0.015775,NULL,3366912.0);
INSERT INTO "compile_Sample" VALUES(500,1,27,NULL,NULL,NULL,NULL,NULL,0.006926,0.012043,0.020087,NULL,3366912.0);
INSERT INTO "compile_Sample" VALUES(501,1,27,NULL,NULL,NULL,NULL,NULL,0.004861,0.00944,0.015399,NULL,3366912.0);
INSERT INTO "compile_Sample" VALUES(502,1,27,NULL,NULL,NULL,NULL,NULL,0.004859,0.009595,0.015578,NULL,3366912.0);
INSERT INTO "compile_Sample" VALUES(503,1,27,NULL,NULL,NULL,NULL,NULL,0.004968,0.010028,0.015956,NULL,3366912.0);
INSERT INTO "compile_Sample" VALUES(504,1,27,NULL,NULL,NULL,NULL,NULL,0.004807,0.009847,0.015665,NULL,3366912.0);
INSERT INTO "compile_Sample" VALUES(505,1,28,NULL,NULL,NULL,NULL,NULL,0.002454,0.005007,0.008088,NULL,819200.0);
INSERT INTO "compile_Sample" VALUES(506,1,28,NULL,NULL,NULL,NULL,NULL,0.002683,0.004866,0.008155,NULL,823296.0);
INSERT INTO "compile_Sample" VALUES(507,1,28,NULL,NULL,NULL,NULL,NULL,0.002264,0.004337,0.007298,NULL,819200.0);
INSERT INTO "compile_Sample" VALUES(508,1,28,NULL,NULL,NULL,NULL,NULL,0.002941,0.006148,0.009742,NULL,823296.0);
INSERT INTO "compile_Sample" VALUES(509,1,28,NULL,NULL,NULL,NULL,NULL,0.004129,0.006008,0.01118,NULL,811008.0);
INSERT INTO "compile_Sample" VALUES(510,1,28,NULL,NULL,NULL,NULL,NULL,0.003562,0.006231,0.010745,NULL,819200.0);
INSERT INTO "compile_Sample" VALUES(511,1,28,NULL,NULL,NULL,NULL,NULL,0.002356,0.004416,0.007477,NULL,823296.0);
INSERT INTO "compile_Sample" VALUES(512,1,28,NULL,NULL,NULL,NULL,NULL,0.002318,0.004203,0.007279,NULL,819200.0);
INSERT INTO "compile_Sample" VALUES(513,1,28,NULL,NULL,NULL,NULL,NULL,0.002279,0.004159,0.00726,NULL,823296.0);
INSERT INTO "compile_Sample" VALUES(514,1,28,NULL,NULL,NULL,NULL,NULL,0.002425,0.004068,0.007028,NULL,823296.0);
INSERT INTO "compile_Sample" VALUES(515,1,28,NULL,NULL,NULL,NULL,NULL,0.002296,0.004039,0.007021,NULL,819200.0);
INSERT INTO "compile_Sample" VALUES(516,1,28,NULL,NULL,NULL,NULL,NULL,0.002304,0.003995,0.00689,NULL,815104.0);
INSERT INTO "compile_Sample" VALUES(517,1,28,NULL,NULL,NULL,NULL,NULL,0.002288,0.004163,0.007054,NULL,819200.0);
INSERT INTO "compile_Sample" VALUES(518,1,28,NULL,NULL,NULL,NULL,NULL,0.00229,0.004098,0.007045,NULL,819200.0);
INSERT INTO "compile_Sample" VALUES(519,1,28,NULL,NULL,NULL,NULL,NULL,0.002501,0.00432,0.007638,NULL,819200.0);
INSERT INTO "compile_Sample" VALUES(520,1,28,NULL,NULL,NULL,NULL,NULL,0.002329,0.004415,0.007368,NULL,815104.0);
INSERT INTO "compile_Sample" VALUES(521,1,28,NULL,NULL,NULL,NULL,NULL,0.002376,0.004103,0.007057,NULL,819200.0);
INSERT INTO "compile_Sample" VALUES(522,1,28,NULL,NULL,NULL,NULL,NULL,0.002249,0.004006,0.006827,NULL,819200.0);
INSERT INTO "compile_Sample" VALUES(523,1,28,NULL,NULL,NULL,NULL,NULL,0.002301,0.004316,0.007237,NULL,823296.0);
INSERT INTO "compile_Sample" VALUES(524,1,28,NULL,NULL,NULL,NULL,NULL,0.002402,0.004471,0.007605,NULL,819200.0);
INSERT INTO "compile_Sample" VALUES(525,1,28,NULL,NULL,NULL,NULL,NULL,0.002229,0.00408,0.006844,NULL,819200.0);
INSERT INTO "compile_Sample" VALUES(526,1,28,NULL,NULL,NULL,NULL,NULL,0.002287,0.004087,0.006913,NULL,819200.0);
INSERT INTO "compile_Sample" VALUES(527,1,28,NULL,NULL,NULL,NULL,NULL,0.00231,0.004062,0.007031,NULL,819200.0);
INSERT INTO "compile_Sample" VALUES(528,1,28,NULL,NULL,NULL,NULL,NULL,0.002321,0.004119,0.007221,NULL,819200.0);
INSERT INTO "compile_Sample" VALUES(529,1,28,NULL,NULL,NULL,NULL,NULL,0.002336,0.004181,0.007178,NULL,823296.0);
INSERT INTO "compile_Sample" VALUES(530,1,28,NULL,NULL,NULL,NULL,NULL,0.002235,0.004042,0.006928,NULL,815104.0);
INSERT INTO "compile_Sample" VALUES(531,1,28,NULL,NULL,NULL,NULL,NULL,0.002222,0.004051,0.006902,NULL,819200.0);
INSERT INTO "compile_Sample" VALUES(532,1,28,NULL,NULL,NULL,NULL,NULL,0.003534,0.004793,0.009168,NULL,819200.0);
INSERT INTO "compile_Sample" VALUES(533,1,28,NULL,NULL,NULL,NULL,NULL,0.00237,0.004579,0.00762,NULL,823296.0);
INSERT INTO "compile_Sample" VALUES(534,1,28,NULL,NULL,NULL,NULL,NULL,0.002227,0.004137,0.007186,NULL,823296.0);
INSERT INTO "compile_Sample" VALUES(535,1,28,NULL,NULL,NULL,NULL,NULL,0.002334,0.004069,0.007085,NULL,819200.0);
INSERT INTO "compile_Sample" VALUES(536,1,28,NULL,NULL,NULL,NULL,NULL,0.002232,0.004042,0.006861,NULL,823296.0);
INSERT INTO "compile_Sample" VALUES(537,1,28,NULL,NULL,NULL,NULL,NULL,0.002274,0.004015,0.006946,NULL,819200.0);
INSERT INTO "compile_Sample" VALUES(538,1,28,NULL,NULL,NULL,NULL,NULL,0.002347,0.004369,0.0073,NULL,819200.0);
INSERT INTO "compile_Sample" VALUES(539,1,28,NULL,NULL,NULL,NULL,NULL,0.002365,0.004304,0.007264,NULL,819200.0);
INSERT INTO "compile_Sample" VALUES(540,1,28,NULL,NULL,NULL,NULL,NULL,0.002338,0.004029,0.007096,NULL,819200.0);
INSERT INTO "compile_Sample" VALUES(541,1,28,NULL,NULL,NULL,NULL,NULL,0.002154,0.003987,0.006714,NULL,819200.0);
INSERT INTO "compile_Sample" VALUES(542,1,28,NULL,NULL,NULL,NULL,NULL,0.002275,0.004073,0.006926,NULL,819200.0);
INSERT INTO "compile_Sample" VALUES(543,1,28,NULL,NULL,NULL,NULL,NULL,0.003376,0.004912,0.009068,NULL,819200.0);
INSERT INTO "compile_Sample" VALUES(544,1,28,NULL,NULL,NULL,NULL,NULL,0.003072,0.004566,0.008362,NULL,819200.0);
INSERT INTO "compile_Sample" VALUES(545,1,28,NULL,NULL,NULL,NULL,NULL,0.002334,0.004278,0.007408,NULL,819200.0);
INSERT INTO "compile_Sample" VALUES(546,1,28,NULL,NULL,NULL,NULL,NULL,0.002341,0.004138,0.007187,NULL,819200.0);
INSERT INTO "compile_Sample" VALUES(547,1,28,NULL,NULL,NULL,NULL,NULL,0.002328,0.004181,0.007076,NULL,811008.0);
INSERT INTO "compile_Sample" VALUES(548,1,28,NULL,NULL,NULL,NULL,NULL,0.002256,0.004196,0.007115,NULL,819200.0);
INSERT INTO "compile_Sample" VALUES(549,1,28,NULL,NULL,NULL,NULL,NULL,0.002337,0.004053,0.006965,NULL,811008.0);
INSERT INTO "compile_Sample" VALUES(550,1,28,NULL,NULL,NULL,NULL,NULL,0.002266,0.004166,0.006988,NULL,819200.0);
INSERT INTO "compile_Sample" VALUES(551,1,28,NULL,NULL,NULL,NULL,NULL,0.00231,0.004156,0.007034,NULL,823296.0);
INSERT INTO "compile_Sample" VALUES(552,1,28,NULL,NULL,NULL,NULL,NULL,0.002378,0.004273,0.007636,NULL,819200.0);
INSERT INTO "compile_Sample" VALUES(553,1,28,NULL,NULL,NULL,NULL,NULL,0.002282,0.003995,0.007194,NULL,823296.0);
INSERT INTO "compile_Sample" VALUES(554,1,28,NULL,NULL,NULL,NULL,NULL,0.00238,0.003976,0.007086,NULL,823296.0);
INSERT INTO "compile_Sample" VALUES(555,1,28,NULL,NULL,NULL,NULL,NULL,0.002369,0.004369,0.007503,NULL,823296.0);
INSERT INTO "compile_Sample" VALUES(556,1,28,NULL,NULL,NULL,NULL,NULL,0.002328,0.003993,0.007039,NULL,819200.0);
INSERT INTO "compile_Sample" VALUES(557,1,28,NULL,NULL,NULL,NULL,NULL,0.002241,0.004115,0.006866,NULL,819200.0);
INSERT INTO "compile_Sample" VALUES(558,1,28,NULL,NULL,NULL,NULL,NULL,0.00221,0.004031,0.006855,NULL,819200.0);
INSERT INTO "compile_Sample" VALUES(559,1,28,NULL,NULL,NULL,NULL,NULL,0.002379,0.004199,0.007055,NULL,823296.0);
INSERT INTO "compile_Sample" VALUES(560,1,28,NULL,NULL,NULL,NULL,NULL,0.002275,0.00414,0.007037,NULL,823296.0);
INSERT INTO "compile_Sample" VALUES(561,1,28,NULL,NULL,NULL,NULL,NULL,0.002298,0.003969,0.006867,NULL,823296.0);
INSERT INTO "compile_Sample" VALUES(562,1,28,NULL,NULL,NULL,NULL,NULL,0.002315,0.004269,0.007128,NULL,819200.0);
INSERT INTO "compile_Sample" VALUES(563,1,28,NULL,NULL,NULL,NULL,NULL,0.002291,0.00412,0.007159,NULL,823296.0);
INSERT INTO "compile_Sample" VALUES(564,1,28,NULL,NULL,NULL,NULL,NULL,0.002752,0.004316,0.007695,NULL,823296.0);
INSERT INTO "compile_Sample" VALUES(565,1,28,NULL,NULL,NULL,NULL,NULL,0.002369,0.004298,0.007299,NULL,815104.0);
INSERT INTO "compile_Sample" VALUES(566,1,28,NULL,NULL,NULL,NULL,NULL,0.002316,0.004229,0.00699,NULL,819200.0);
INSERT INTO "compile_Sample" VALUES(567,1,28,NULL,NULL,NULL,NULL,NULL,0.002309,0.004084,0.006952,NULL,823296.0);
INSERT INTO "compile_Sample" VALUES(568,1,28,NULL,NULL,NULL,NULL,NULL,0.002391,0.004513,0.007456,NULL,823296.0);
INSERT INTO "compile_Sample" VALUES(569,1,28,NULL,NULL,NULL,NULL,NULL,0.002314,0.004385,0.00733,NULL,823296.0);
INSERT INTO "compile_Sample" VALUES(570,1,28,NULL,NULL,NULL,NULL,NULL,0.002305,0.004424,0.007413,NULL,811008.0);
INSERT INTO "compile_Sample" VALUES(571,1,28,NULL,NULL,NULL,NULL,NULL,0.002284,0.004155,0.00695,NULL,819200.0);
INSERT INTO "compile_Sample" VALUES(572,1,28,NULL,NULL,NULL,NULL,NULL,0.002333,0.00425,0.007329,NULL,819200.0);
INSERT INTO "compile_Sample" VALUES(573,1,28,NULL,NULL,NULL,NULL,NULL,0.002299,0.004021,0.006948,NULL,819200.0);
INSERT INTO "compile_Sample" VALUES(574,1,28,NULL,NULL,NULL,NULL,NULL,0.002327,0.004194,0.007092,NULL,815104.0);
INSERT INTO "compile_Sample" VALUES(575,1,28,NULL,NULL,NULL,NULL,NULL,0.002397,0.00426,0.007327,NULL,823296.0);
INSERT INTO "compile_Sample" VALUES(576,1,28,NULL,NULL,NULL,NULL,NULL,0.00228,0.004168,0.007073,NULL,819200.0);
INSERT INTO "compile_Sample" VALUES(577,1,28,NULL,NULL,NULL,NULL,NULL,0.00277,0.004604,0.00808,NULL,823296.0);
INSERT INTO "compile_Sample" VALUES(578,1,28,NULL,NULL,NULL,NULL,NULL,0.002584,0.004579,0.007777,NULL,819200.0);
INSERT INTO "compile_Sample" VALUES(579,1,28,NULL,NULL,NULL,NULL,NULL,0.00225,0.004188,0.007189,NULL,815104.0);
INSERT INTO "compile_Sample" VALUES(580,1,28,NULL,NULL,NULL,NULL,NULL,0.002312,0.003922,0.006893,NULL,823296.0);
INSERT INTO "compile_Sample" VALUES(581,1,28,NULL,NULL,NULL,NULL,NULL,0.002265,0.004114,0.006968,NULL,823296.0);
INSERT INTO "compile_Sample" VALUES(582,1,28,NULL,NULL,NULL,NULL,NULL,0.003731,0.005099,0.009693,NULL,819200.0);
INSERT INTO "compile_Sample" VALUES(583,1,28,NULL,NULL,NULL,NULL,NULL,0.002816,0.005851,0.009374,NULL,823296.0);
INSERT INTO "compile_Sample" VALUES(584,1,28,NULL,NULL,NULL,NULL,NULL,0.002803,0.004351,0.007837,NULL,819200.0);
INSERT INTO "compile_Sample" VALUES(585,1,28,NULL,NULL,NULL,NULL,NULL,0.002786,0.004472,0.00791,NULL,811008.0);
INSERT INTO "compile_Sample" VALUES(586,1,28,NULL,NULL,NULL,NULL,NULL,0.003126,0.006042,0.01001,NULL,823296.0);
INSERT INTO "compile_Sample" VALUES(587,1,28,NULL,NULL,NULL,NULL,NULL,0.002254,0.004125,0.007038,NULL,819200.0);
INSERT INTO "compile_Sample" VALUES(588,1,28,NULL,NULL,NULL,NULL,NULL,0.002337,0.004166,0.007042,NULL,811008.0);
INSERT INTO "compile_Sample" VALUES(589,1,28,NULL,NULL,NULL,NULL,NULL,0.002285,0.004178,0.007034,NULL,819200.0);
INSERT INTO "compile_Sample" VALUES(590,1,28,NULL,NULL,NULL,NULL,NULL,0.002261,0.004059,0.006989,NULL,823296.0);
INSERT INTO "compile_Sample" VALUES(591,1,28,NULL,NULL,NULL,NULL,NULL,0.002441,0.00402,0.007096,NULL,819200.0);
INSERT INTO "compile_Sample" VALUES(592,1,28,NULL,NULL,NULL,NULL,NULL,0.002356,0.00423,0.007128,NULL,811008.0);
INSERT INTO "compile_Sample" VALUES(593,1,28,NULL,NULL,NULL,NULL,NULL,0.003758,0.00497,0.0096,NULL,819200.0);
INSERT INTO "compile_Sample" VALUES(594,1,28,NULL,NULL,NULL,NULL,NULL,0.003283,0.004813,0.008932,NULL,819200.0);
INSERT INTO "compile_Sample" VALUES(595,1,28,NULL,NULL,NULL,NULL,NULL,0.002823,0.005855,0.009232,NULL,819200.0);
INSERT INTO "compile_Sample" VALUES(596,1,28,NULL,NULL,NULL,NULL,NULL,0.002321,0.003993,0.006834,NULL,819200.0);
INSERT INTO "compile_Sample" VALUES(597,1,28,NULL,NULL,NULL,NULL,NULL,0.002302,0.004026,0.007024,NULL,823296.0);
INSERT INTO "compile_Sample" VALUES(598,1,28,NULL,NULL,NULL,NULL,NULL,0.002244,0.00421,0.007027,NULL,819200.0);
INSERT INTO "compile_Sample" VALUES(599,1,28,NULL,NULL,NULL,NULL,NULL,0.002224,0.003832,0.006621,NULL,815104.0);
INSERT INTO "compile_Sample" VALUES(600,1,28,NULL,NULL,NULL,NULL,NULL,0.002245,0.003999,0.006805,NULL,819200.0);
INSERT INTO "compile_Sample" VALUES(601,1,28,NULL,NULL,NULL,NULL,NULL,0.002299,0.004066,0.00702,NULL,819200.0);
INSERT INTO "compile_Sample" VALUES(602,1,28,NULL,NULL,NULL,NULL,NULL,0.00342,0.005359,0.009539,NULL,819200.0);
INSERT INTO "compile_Sample" VALUES(603,1,28,NULL,NULL,NULL,NULL,NULL,0.003478,0.005055,0.009353,NULL,819200.0);
INSERT INTO "compile_Sample" VALUES(604,1,28,NULL,NULL,NULL,NULL,NULL,0.002953,0.004612,0.008355,NULL,815104.0);
INSERT INTO "compile_Sample" VALUES(605,1,29,NULL,NULL,NULL,NULL,NULL,319.221856,20.778124,51.401258,NULL,NULL);
INSERT INTO "compile_Sample" VALUES(606,1,29,NULL,NULL,NULL,NULL,NULL,318.909606,20.735332,51.271291,NULL,NULL);
INSERT INTO "compile_Sample" VALUES(607,1,29,NULL,NULL,NULL,NULL,NULL,320.361067,20.748087,51.500317,NULL,NULL);
INSERT INTO "compile_Sample" VALUES(608,1,30,NULL,NULL,NULL,NULL,NULL,0.055262,0.021282,0.078405,224352.0,10055680.0);
INSERT INTO "compile_Sample" VALUES(609,1,30,NULL,NULL,NULL,NULL,NULL,0.054431,0.022277,0.078563,224352.0,10055680.0);
INSERT INTO "compile_Sample" VALUES(610,1,30,NULL,NULL,NULL,NULL,NULL,0.054221,0.020852,0.076847,224352.0,10055680.0);
INSERT INTO "compile_Sample" VALUES(611,1,30,NULL,NULL,NULL,NULL,NULL,0.053833,0.020456,0.076021,NULL,10055680.0);
INSERT INTO "compile_Sample" VALUES(612,1,30,NULL,NULL,NULL,NULL,NULL,0.053694,0.019831,0.075331,NULL,10055680.0);
INSERT INTO "compile_Sample" VALUES(613,1,30,NULL,NULL,NULL,NULL,NULL,0.054061,0.021875,0.076748,NULL,10055680.0);
INSERT INTO "compile_Sample" VALUES(614,1,30,NULL,NULL,NULL,NULL,NULL,0.056246,0.026426,0.08483,NULL,10055680.0);
INSERT INTO "compile_Sample" VALUES(615,1,30,NULL,NULL,NULL,NULL,NULL,0.056211,0.024832,0.082826,NULL,10055680.0);
INSERT INTO "compile_Sample" VALUES(616,1,30,NULL,NULL,NULL,NULL,NULL,0.053661,0.019915,0.075277,NULL,10055680.0);
INSERT INTO "compile_Sample" VALUES(617,1,30,NULL,NULL,NULL,NULL,NULL,0.053956,0.019741,0.075276,NULL,10055680.0);
INSERT INTO "compile_Sample" VALUES(618,1,10,NULL,NULL,NULL,NULL,NULL,NULL,NULL,NULL,NULL,13856768.0);
INSERT INTO "compile_Sample" VALUES(619,1,31,NULL,NULL,NULL,NULL,NULL,0.271443,0.017619,0.291969,NULL,29143040.0);
INSERT INTO "compile_Sample" VALUES(620,1,31,NULL,NULL,NULL,NULL,NULL,0.272207,0.017944,0.292962,NULL,29143040.0);
INSERT INTO "compile_Sample" VALUES(621,1,31,NULL,NULL,NULL,NULL,NULL,0.273962,0.018628,0.295772,NULL,29143040.0);
INSERT INTO "compile_Sample" VALUES(622,1,22,NULL,NULL,NULL,NULL,NULL,0.001647,0.003921,0.006203,NULL,NULL);
INSERT INTO "compile_Sample" VALUES(623,1,22,NULL,NULL,NULL,NULL,NULL,0.002049,0.005629,0.008344,NULL,NULL);
INSERT INTO "compile_Sample" VALUES(624,1,22,NULL,NULL,NULL,NULL,NULL,0.00141,0.004157,0.005927,NULL,NULL);
INSERT INTO "compile_Sample" VALUES(625,1,22,NULL,NULL,NULL,NULL,NULL,0.001325,0.00349,0.005164,NULL,NULL);
INSERT INTO "compile_Sample" VALUES(626,1,22,NULL,NULL,NULL,NULL,NULL,0.001435,0.004676,0.006511,NULL,NULL);
INSERT INTO "compile_Sample" VALUES(627,1,22,NULL,NULL,NULL,NULL,NULL,0.001407,0.004086,0.005813,NULL,NULL);
INSERT INTO "compile_Sample" VALUES(628,1,22,NULL,NULL,NULL,NULL,NULL,0.001406,0.003459,0.005273,NULL,NULL);
INSERT INTO "compile_Sample" VALUES(629,1,22,NULL,NULL,NULL,NULL,NULL,0.001396,0.003688,0.005485,NULL,NULL);
INSERT INTO "compile_Sample" VALUES(630,1,22,NULL,NULL,NULL,NULL,NULL,0.001416,0.003733,0.005593,NULL,NULL);
INSERT INTO "compile_Sample" VALUES(631,1,22,NULL,NULL,NULL,NULL,NULL,0.001352,0.00381,0.005609,NULL,NULL);
INSERT INTO "compile_Sample" VALUES(632,1,22,NULL,NULL,NULL,NULL,NULL,0.00153,0.003542,0.00568,NULL,NULL);
INSERT INTO "compile_Sample" VALUES(633,1,22,NULL,NULL,NULL,NULL,NULL,0.001394,0.003828,0.005592,NULL,NULL);
INSERT INTO "compile_Sample" VALUES(634,1,22,NULL,NULL,NULL,NULL,NULL,0.00139,0.003537,0.005314,NULL,NULL);
INSERT INTO "compile_Sample" VALUES(635,1,22,NULL,NULL,NULL,NULL,NULL,0.001406,0.003678,0.005589,NULL,NULL);
INSERT INTO "compile_Sample" VALUES(636,1,22,NULL,NULL,NULL,NULL,NULL,0.001467,0.003617,0.005555,NULL,NULL);
INSERT INTO "compile_Sample" VALUES(637,1,22,NULL,NULL,NULL,NULL,NULL,0.00149,0.003621,0.005559,NULL,NULL);
INSERT INTO "compile_Sample" VALUES(638,1,22,NULL,NULL,NULL,NULL,NULL,0.001388,0.003557,0.005305,NULL,NULL);
INSERT INTO "compile_Sample" VALUES(639,1,22,NULL,NULL,NULL,NULL,NULL,0.001371,0.003758,0.005545,NULL,NULL);
INSERT INTO "compile_Sample" VALUES(640,1,22,NULL,NULL,NULL,NULL,NULL,0.001321,0.003476,0.00513,NULL,NULL);
INSERT INTO "compile_Sample" VALUES(641,1,22,NULL,NULL,NULL,NULL,NULL,0.001452,0.00359,0.005456,NULL,NULL);
INSERT INTO "compile_Sample" VALUES(642,1,22,NULL,NULL,NULL,NULL,NULL,0.001385,0.003322,0.00515,NULL,NULL);
INSERT INTO "compile_Sample" VALUES(643,1,22,NULL,NULL,NULL,NULL,NULL,0.001506,0.003956,0.006069,NULL,NULL);
INSERT INTO "compile_Sample" VALUES(644,1,22,NULL,NULL,NULL,NULL,NULL,0.001475,0.003638,0.005696,NULL,NULL);
INSERT INTO "compile_Sample" VALUES(645,1,22,NULL,NULL,NULL,NULL,NULL,0.001411,0.003637,0.005497,NULL,NULL);
INSERT INTO "compile_Sample" VALUES(646,1,22,NULL,NULL,NULL,NULL,NULL,0.001328,0.003583,0.005325,NULL,NULL);
INSERT INTO "compile_Sample" VALUES(647,1,22,NULL,NULL,NULL,NULL,NULL,0.001409,0.003559,0.005467,NULL,NULL);
INSERT INTO "compile_Sample" VALUES(648,1,22,NULL,NULL,NULL,NULL,NULL,0.001409,0.003734,0.005576,NULL,NULL);
INSERT INTO "compile_Sample" VALUES(649,1,22,NULL,NULL,NULL,NULL,NULL,0.001366,0.003627,0.00535,NULL,NULL);
INSERT INTO "compile_Sample" VALUES(650,1,22,NULL,NULL,NULL,NULL,NULL,0.001339,0.003591,0.005287,NULL,NULL);
INSERT INTO "compile_Sample" VALUES(651,1,22,NULL,NULL,NULL,NULL,NULL,0.001442,0.003543,0.005379,NULL,NULL);
INSERT INTO "compile_Sample" VALUES(652,1,22,NULL,NULL,NULL,NULL,NULL,0.001396,0.003873,0.005623,NULL,NULL);
INSERT INTO "compile_Sample" VALUES(653,1,22,NULL,NULL,NULL,NULL,NULL,0.001426,0.003726,0.005606,NULL,NULL);
INSERT INTO "compile_Sample" VALUES(654,1,22,NULL,NULL,NULL,NULL,NULL,0.001454,0.003631,0.005619,NULL,NULL);
INSERT INTO "compile_Sample" VALUES(655,1,22,NULL,NULL,NULL,NULL,NULL,0.001451,0.004032,0.005855,NULL,NULL);
INSERT INTO "compile_Sample" VALUES(656,1,22,NULL,NULL,NULL,NULL,NULL,0.001359,0.003559,0.005267,NULL,NULL);
INSERT INTO "compile_Sample" VALUES(657,1,22,NULL,NULL,NULL,NULL,NULL,0.00144,0.003544,0.005419,NULL,NULL);
INSERT INTO "compile_Sample" VALUES(658,1,22,NULL,NULL,NULL,NULL,NULL,0.001429,0.003959,0.005831,NULL,NULL);
INSERT INTO "compile_Sample" VALUES(659,1,22,NULL,NULL,NULL,NULL,NULL,0.001301,0.003296,0.005003,NULL,NULL);
INSERT INTO "compile_Sample" VALUES(660,1,22,NULL,NULL,NULL,NULL,NULL,0.001393,0.003776,0.005705,NULL,NULL);
INSERT INTO "compile_Sample" VALUES(661,1,22,NULL,NULL,NULL,NULL,NULL,0.001403,0.003643,0.005497,NULL,NULL);
INSERT INTO "compile_Sample" VALUES(662,1,22,NULL,NULL,NULL,NULL,NULL,0.001381,0.003528,0.005348,NULL,NULL);
INSERT INTO "compile_Sample" VALUES(663,1,22,NULL,NULL,NULL,NULL,NULL,0.001386,0.003425,0.005225,NULL,NULL);
INSERT INTO "compile_Sample" VALUES(664,1,22,NULL,NULL,NULL,NULL,NULL,0.001429,0.003785,0.005752,NULL,NULL);
INSERT INTO "compile_Sample" VALUES(665,1,22,NULL,NULL,NULL,NULL,NULL,0.001392,0.003415,0.005252,NULL,NULL);
INSERT INTO "compile_Sample" VALUES(666,1,22,NULL,NULL,NULL,NULL,NULL,0.001404,0.003413,0.005237,NULL,NULL);
INSERT INTO "compile_Sample" VALUES(667,1,22,NULL,NULL,NULL,NULL,NULL,0.0014,0.00349,0.005372,NULL,NULL);
INSERT INTO "compile_Sample" VALUES(668,1,22,NULL,NULL,NULL,NULL,NULL,0.001398,0.00359,0.005335,NULL,NULL);
INSERT INTO "compile_Sample" VALUES(669,1,22,NULL,NULL,NULL,NULL,NULL,0.001508,0.003885,0.005734,NULL,NULL);
INSERT INTO "compile_Sample" VALUES(670,1,22,NULL,NULL,NULL,NULL,NULL,0.001427,0.003731,0.005588,NULL,NULL);
INSERT INTO "compile_Sample" VALUES(671,1,22,NULL,NULL,NULL,NULL,NULL,0.001419,0.003851,0.005769,NULL,NULL);
INSERT INTO "compile_Sample" VALUES(672,1,22,NULL,NULL,NULL,NULL,NULL,0.001471,0.003504,0.005428,NULL,NULL);
INSERT INTO "compile_Sample" VALUES(673,1,22,NULL,NULL,NULL,NULL,NULL,0.001474,0.003827,0.005726,NULL,NULL);
INSERT INTO "compile_Sample" VALUES(674,1,22,NULL,NULL,NULL,NULL,NULL,0.001373,0.003679,0.005469,NULL,NULL);
INSERT INTO "compile_Sample" VALUES(675,1,22,NULL,NULL,NULL,NULL,NULL,0.001383,0.003569,0.005396,NULL,NULL);
INSERT INTO "compile_Sample" VALUES(676,1,22,NULL,NULL,NULL,NULL,NULL,0.001441,0.00349,0.005366,NULL,NULL);
INSERT INTO "compile_Sample" VALUES(677,1,22,NULL,NULL,NULL,NULL,NULL,0.001404,0.003856,0.005601,NULL,NULL);
INSERT INTO "compile_Sample" VALUES(678,1,22,NULL,NULL,NULL,NULL,NULL,0.001297,0.00341,0.005099,NULL,NULL);
INSERT INTO "compile_Sample" VALUES(679,1,22,NULL,NULL,NULL,NULL,NULL,0.001406,0.003443,0.005311,NULL,NULL);
INSERT INTO "compile_Sample" VALUES(680,1,22,NULL,NULL,NULL,NULL,NULL,0.001406,0.003754,0.005541,NULL,NULL);
INSERT INTO "compile_Sample" VALUES(681,1,22,NULL,NULL,NULL,NULL,NULL,0.001422,0.003578,0.005416,NULL,NULL);
INSERT INTO "compile_Sample" VALUES(682,1,22,NULL,NULL,NULL,NULL,NULL,0.001361,0.003646,0.005328,NULL,NULL);
INSERT INTO "compile_Sample" VALUES(683,1,22,NULL,NULL,NULL,NULL,NULL,0.001424,0.003616,0.005415,NULL,NULL);
INSERT INTO "compile_Sample" VALUES(684,1,22,NULL,NULL,NULL,NULL,NULL,0.001407,0.003739,0.00555,NULL,NULL);
INSERT INTO "compile_Sample" VALUES(685,1,22,NULL,NULL,NULL,NULL,NULL,0.001391,0.003615,0.005362,NULL,NULL);
INSERT INTO "compile_Sample" VALUES(686,1,22,NULL,NULL,NULL,NULL,NULL,0.00141,0.003837,0.005775,NULL,NULL);
INSERT INTO "compile_Sample" VALUES(687,1,22,NULL,NULL,NULL,NULL,NULL,0.001413,0.003593,0.005526,NULL,NULL);
INSERT INTO "compile_Sample" VALUES(688,1,22,NULL,NULL,NULL,NULL,NULL,0.001456,0.003684,0.005693,NULL,NULL);
INSERT INTO "compile_Sample" VALUES(689,1,22,NULL,NULL,NULL,NULL,NULL,0.001432,0.003495,0.005363,NULL,NULL);
INSERT INTO "compile_Sample" VALUES(690,1,22,NULL,NULL,NULL,NULL,NULL,0.001403,0.003772,0.005546,NULL,NULL);
INSERT INTO "compile_Sample" VALUES(691,1,22,NULL,NULL,NULL,NULL,NULL,0.001457,0.003823,0.005827,NULL,NULL);
INSERT INTO "compile_Sample" VALUES(692,1,22,NULL,NULL,NULL,NULL,NULL,0.001393,0.003727,0.005522,NULL,NULL);
INSERT INTO "compile_Sample" VALUES(693,1,22,NULL,NULL,NULL,NULL,NULL,0.001497,0.00391,0.005732,NULL,NULL);
INSERT INTO "compile_Sample" VALUES(694,1,22,NULL,NULL,NULL,NULL,NULL,0.001409,0.003801,0.005725,NULL,NULL);
INSERT INTO "compile_Sample" VALUES(695,1,22,NULL,NULL,NULL,NULL,NULL,0.001409,0.003301,0.005087,NULL,NULL);
INSERT INTO "compile_Sample" VALUES(696,1,22,NULL,NULL,NULL,NULL,NULL,0.001431,0.003871,0.005738,NULL,NULL);
INSERT INTO "compile_Sample" VALUES(697,1,22,NULL,NULL,NULL,NULL,NULL,0.001417,0.003584,0.005418,NULL,NULL);
INSERT INTO "compile_Sample" VALUES(698,1,22,NULL,NULL,NULL,NULL,NULL,0.001481,0.003942,0.005764,NULL,NULL);
INSERT INTO "compile_Sample" VALUES(699,1,22,NULL,NULL,NULL,NULL,NULL,0.002602,0.006711,0.009869,NULL,NULL);
INSERT INTO "compile_Sample" VALUES(700,1,22,NULL,NULL,NULL,NULL,NULL,0.001818,0.004553,0.006852,NULL,NULL);
INSERT INTO "compile_Sample" VALUES(701,1,22,NULL,NULL,NULL,NULL,NULL,0.001443,0.003801,0.005742,NULL,NULL);
INSERT INTO "compile_Sample" VALUES(702,1,22,NULL,NULL,NULL,NULL,NULL,0.001395,0.003587,0.005301,NULL,NULL);
INSERT INTO "compile_Sample" VALUES(703,1,22,NULL,NULL,NULL,NULL,NULL,0.001439,0.003571,0.005393,NULL,NULL);
INSERT INTO "compile_Sample" VALUES(704,1,22,NULL,NULL,NULL,NULL,NULL,0.001394,0.003742,0.005526,NULL,NULL);
INSERT INTO "compile_Sample" VALUES(705,1,22,NULL,NULL,NULL,NULL,NULL,0.001378,0.003601,0.005367,NULL,NULL);
INSERT INTO "compile_Sample" VALUES(706,1,22,NULL,NULL,NULL,NULL,NULL,0.001401,0.003491,0.005347,NULL,NULL);
INSERT INTO "compile_Sample" VALUES(707,1,22,NULL,NULL,NULL,NULL,NULL,0.001363,0.003666,0.005435,NULL,NULL);
INSERT INTO "compile_Sample" VALUES(708,1,22,NULL,NULL,NULL,NULL,NULL,0.001336,0.003485,0.005263,NULL,NULL);
INSERT INTO "compile_Sample" VALUES(709,1,22,NULL,NULL,NULL,NULL,NULL,0.001331,0.003318,0.005088,NULL,NULL);
INSERT INTO "compile_Sample" VALUES(710,1,22,NULL,NULL,NULL,NULL,NULL,0.001402,0.003781,0.005552,NULL,NULL);
INSERT INTO "compile_Sample" VALUES(711,1,22,NULL,NULL,NULL,NULL,NULL,0.001347,0.003507,0.005257,NULL,NULL);
INSERT INTO "compile_Sample" VALUES(712,1,22,NULL,NULL,NULL,NULL,NULL,0.001382,0.003556,0.005302,NULL,NULL);
INSERT INTO "compile_Sample" VALUES(713,1,22,NULL,NULL,NULL,NULL,NULL,0.001371,0.003328,0.00514,NULL,NULL);
INSERT INTO "compile_Sample" VALUES(714,1,22,NULL,NULL,NULL,NULL,NULL,0.001413,0.003696,0.0055,NULL,NULL);
INSERT INTO "compile_Sample" VALUES(715,1,22,NULL,NULL,NULL,NULL,NULL,0.001306,0.003434,0.00514,NULL,NULL);
INSERT INTO "compile_Sample" VALUES(716,1,22,NULL,NULL,NULL,NULL,NULL,0.001352,0.003342,0.005033,NULL,NULL);
INSERT INTO "compile_Sample" VALUES(717,1,22,NULL,NULL,NULL,NULL,NULL,0.001404,0.003629,0.005371,NULL,NULL);
INSERT INTO "compile_Sample" VALUES(718,1,22,NULL,NULL,NULL,NULL,NULL,0.001504,0.003631,0.005571,NULL,NULL);
INSERT INTO "compile_Sample" VALUES(719,1,32,NULL,NULL,NULL,NULL,NULL,0.001283,0.004196,0.005951,NULL,5038080.0);
INSERT INTO "compile_Sample" VALUES(720,1,32,NULL,NULL,NULL,NULL,NULL,0.001242,0.003984,0.00565,NULL,5038080.0);
INSERT INTO "compile_Sample" VALUES(721,1,32,NULL,NULL,NULL,NULL,NULL,0.00123,0.003806,0.005435,NULL,5038080.0);
INSERT INTO "compile_Sample" VALUES(722,1,32,NULL,NULL,NULL,NULL,NULL,0.001332,0.003695,0.005565,NULL,5029888.0);
INSERT INTO "compile_Sample" VALUES(723,1,32,NULL,NULL,NULL,NULL,NULL,0.001193,0.003365,0.004949,NULL,5038080.0);
INSERT INTO "compile_Sample" VALUES(724,1,32,NULL,NULL,NULL,NULL,NULL,0.001222,0.00361,0.005234,NULL,5029888.0);
INSERT INTO "compile_Sample" VALUES(725,1,32,NULL,NULL,NULL,NULL,NULL,0.00118,0.003355,0.004888,NULL,5029888.0);
INSERT INTO "compile_Sample" VALUES(726,1,32,NULL,NULL,NULL,NULL,NULL,0.001214,0.003347,0.004915,NULL,5038080.0);
INSERT INTO "compile_Sample" VALUES(727,1,32,NULL,NULL,NULL,NULL,NULL,0.00125,0.003637,0.005267,NULL,5029888.0);
INSERT INTO "compile_Sample" VALUES(728,1,32,NULL,NULL,NULL,NULL,NULL,0.001222,0.004218,0.0058,NULL,5038080.0);
INSERT INTO "compile_Sample" VALUES(729,1,32,NULL,NULL,NULL,NULL,NULL,0.001217,0.003815,0.005216,NULL,5038080.0);
INSERT INTO "compile_Sample" VALUES(730,1,32,NULL,NULL,NULL,NULL,NULL,0.001237,0.004114,0.00579,NULL,5038080.0);
INSERT INTO "compile_Sample" VALUES(731,1,32,NULL,NULL,NULL,NULL,NULL,0.001274,0.003521,0.005093,NULL,5038080.0);
INSERT INTO "compile_Sample" VALUES(732,1,32,NULL,NULL,NULL,NULL,NULL,0.00124,0.003462,0.005171,NULL,5038080.0);
INSERT INTO "compile_Sample" VALUES(733,1,32,NULL,NULL,NULL,NULL,NULL,0.001221,0.003266,0.004867,NULL,5038080.0);
INSERT INTO "compile_Sample" VALUES(734,1,32,NULL,NULL,NULL,NULL,NULL,0.001186,0.00364,0.005274,NULL,5033984.0);
INSERT INTO "compile_Sample" VALUES(735,1,32,NULL,NULL,NULL,NULL,NULL,0.001237,0.003408,0.005081,NULL,5038080.0);
INSERT INTO "compile_Sample" VALUES(736,1,32,NULL,NULL,NULL,NULL,NULL,0.001178,0.003401,0.004865,NULL,5038080.0);
INSERT INTO "compile_Sample" VALUES(737,1,32,NULL,NULL,NULL,NULL,NULL,0.001221,0.00345,0.005017,NULL,5038080.0);
INSERT INTO "compile_Sample" VALUES(738,1,32,NULL,NULL,NULL,NULL,NULL,0.001189,0.003469,0.005051,NULL,5038080.0);
INSERT INTO "compile_Sample" VALUES(739,1,32,NULL,NULL,NULL,NULL,NULL,0.001135,0.003164,0.004626,NULL,5038080.0);
INSERT INTO "compile_Sample" VALUES(740,1,32,NULL,NULL,NULL,NULL,NULL,0.001232,0.003265,0.004852,NULL,5033984.0);
INSERT INTO "compile_Sample" VALUES(741,1,32,NULL,NULL,NULL,NULL,NULL,0.001803,0.005912,0.008238,NULL,5038080.0);
INSERT INTO "compile_Sample" VALUES(742,1,32,NULL,NULL,NULL,NULL,NULL,0.001324,0.00371,0.005502,NULL,5038080.0);
INSERT INTO "compile_Sample" VALUES(743,1,32,NULL,NULL,NULL,NULL,NULL,0.001173,0.003623,0.005119,NULL,NULL);
INSERT INTO "compile_Sample" VALUES(744,1,32,NULL,NULL,NULL,NULL,NULL,0.002128,0.005374,0.007938,NULL,NULL);
INSERT INTO "compile_Sample" VALUES(745,1,32,NULL,NULL,NULL,NULL,NULL,0.001225,0.003379,0.005082,NULL,NULL);
INSERT INTO "compile_Sample" VALUES(746,1,32,NULL,NULL,NULL,NULL,NULL,0.001321,0.004016,0.0057,NULL,NULL);
INSERT INTO "compile_Sample" VALUES(747,1,32,NULL,NULL,NULL,NULL,NULL,0.001303,0.00352,0.005196,NULL,NULL);
INSERT INTO "compile_Sample" VALUES(748,1,32,NULL,NULL,NULL,NULL,NULL,0.001205,0.003647,0.005209,NULL,NULL);
INSERT INTO "compile_Sample" VALUES(749,1,32,NULL,NULL,NULL,NULL,NULL,0.001207,0.003502,0.005029,NULL,NULL);
INSERT INTO "compile_Sample" VALUES(750,1,32,NULL,NULL,NULL,NULL,NULL,0.001225,0.003457,0.005009,NULL,NULL);
INSERT INTO "compile_Sample" VALUES(751,1,32,NULL,NULL,NULL,NULL,NULL,0.00127,0.003523,0.005276,NULL,NULL);
INSERT INTO "compile_Sample" VALUES(752,1,32,NULL,NULL,NULL,NULL,NULL,0.001214,0.00328,0.004821,NULL,NULL);
INSERT INTO "compile_Sample" VALUES(753,1,32,NULL,NULL,NULL,NULL,NULL,0.001195,0.003637,0.005196,NULL,NULL);
INSERT INTO "compile_Sample" VALUES(754,1,32,NULL,NULL,NULL,NULL,NULL,0.001182,0.003175,0.004802,NULL,NULL);
INSERT INTO "compile_Sample" VALUES(755,1,32,NULL,NULL,NULL,NULL,NULL,0.001199,0.003406,0.005138,NULL,NULL);
INSERT INTO "compile_Sample" VALUES(756,1,32,NULL,NULL,NULL,NULL,NULL,0.001209,0.00354,0.0051,NULL,NULL);
INSERT INTO "compile_Sample" VALUES(757,1,32,NULL,NULL,NULL,NULL,NULL,0.001281,0.003528,0.005178,NULL,NULL);
INSERT INTO "compile_Sample" VALUES(758,1,32,NULL,NULL,NULL,NULL,NULL,0.001383,0.004406,0.006407,NULL,NULL);
INSERT INTO "compile_Sample" VALUES(759,1,32,NULL,NULL,NULL,NULL,NULL,0.001506,0.008468,0.010614,NULL,NULL);
INSERT INTO "compile_Sample" VALUES(760,1,32,NULL,NULL,NULL,NULL,NULL,0.001357,0.008174,0.010045,NULL,NULL);
INSERT INTO "compile_Sample" VALUES(761,1,32,NULL,NULL,NULL,NULL,NULL,0.001243,0.004015,0.005638,NULL,NULL);
INSERT INTO "compile_Sample" VALUES(762,1,32,NULL,NULL,NULL,NULL,NULL,0.001188,0.003794,0.005324,NULL,NULL);
INSERT INTO "compile_Sample" VALUES(763,1,32,NULL,NULL,NULL,NULL,NULL,0.001197,0.003446,0.005076,NULL,NULL);
INSERT INTO "compile_Sample" VALUES(764,1,32,NULL,NULL,NULL,NULL,NULL,0.00122,0.003534,0.005118,NULL,NULL);
INSERT INTO "compile_Sample" VALUES(765,1,32,NULL,NULL,NULL,NULL,NULL,0.001328,0.003374,0.005067,NULL,NULL);
INSERT INTO "compile_Sample" VALUES(766,1,32,NULL,NULL,NULL,NULL,NULL,0.001222,0.003626,0.005244,NULL,NULL);
INSERT INTO "compile_Sample" VALUES(767,1,32,NULL,NULL,NULL,NULL,NULL,0.001212,0.003599,0.005184,NULL,NULL);
INSERT INTO "compile_Sample" VALUES(768,1,32,NULL,NULL,NULL,NULL,NULL,0.00121,0.003325,0.004875,NULL,NULL);
INSERT INTO "compile_Sample" VALUES(769,1,32,NULL,NULL,NULL,NULL,NULL,0.001219,0.00333,0.00505,NULL,NULL);
INSERT INTO "compile_Sample" VALUES(770,1,32,NULL,NULL,NULL,NULL,NULL,0.001203,0.003203,0.004739,NULL,NULL);
INSERT INTO "compile_Sample" VALUES(771,1,32,NULL,NULL,NULL,NULL,NULL,0.001163,0.003608,0.005122,NULL,NULL);
INSERT INTO "compile_Sample" VALUES(772,1,32,NULL,NULL,NULL,NULL,NULL,0.001231,0.00347,0.005262,NULL,NULL);
INSERT INTO "compile_Sample" VALUES(773,1,32,NULL,NULL,NULL,NULL,NULL,0.001279,0.003379,0.004991,NULL,NULL);
INSERT INTO "compile_Sample" VALUES(774,1,32,NULL,NULL,NULL,NULL,NULL,0.001203,0.003836,0.005347,NULL,NULL);
INSERT INTO "compile_Sample" VALUES(775,1,32,NULL,NULL,NULL,NULL,NULL,0.001329,0.003599,0.005706,NULL,NULL);
INSERT INTO "compile_Sample" VALUES(776,1,32,NULL,NULL,NULL,NULL,NULL,0.001202,0.003765,0.005333,NULL,NULL);
INSERT INTO "compile_Sample" VALUES(777,1,32,NULL,NULL,NULL,NULL,NULL,0.00122,0.003661,0.005232,NULL,NULL);
INSERT INTO "compile_Sample" VALUES(778,1,32,NULL,NULL,NULL,NULL,NULL,0.001209,0.003469,0.005183,NULL,NULL);
INSERT INTO "compile_Sample" VALUES(779,1,32,NULL,NULL,NULL,NULL,NULL,0.001191,0.003248,0.004786,NULL,NULL);
INSERT INTO "compile_Sample" VALUES(780,1,32,NULL,NULL,NULL,NULL,NULL,0.001282,0.003552,0.0052,NULL,NULL);
INSERT INTO "compile_Sample" VALUES(781,1,32,NULL,NULL,NULL,NULL,NULL,0.001218,0.003722,0.005351,NULL,NULL);
INSERT INTO "compile_Sample" VALUES(782,1,32,NULL,NULL,NULL,NULL,NULL,0.001234,0.0038,0.005361,NULL,NULL);
INSERT INTO "compile_Sample" VALUES(783,1,32,NULL,NULL,NULL,NULL,NULL,0.001208,0.00352,0.005127,NULL,NULL);
INSERT INTO "compile_Sample" VALUES(784,1,32,NULL,NULL,NULL,NULL,NULL,0.001215,0.003561,0.005209,NULL,NULL);
INSERT INTO "compile_Sample" VALUES(785,1,32,NULL,NULL,NULL,NULL,NULL,0.00125,0.003584,0.005169,NULL,NULL);
INSERT INTO "compile_Sample" VALUES(786,1,32,NULL,NULL,NULL,NULL,NULL,0.001259,0.003571,0.005223,NULL,NULL);
INSERT INTO "compile_Sample" VALUES(787,1,32,NULL,NULL,NULL,NULL,NULL,0.00122,0.003612,0.005136,NULL,NULL);
INSERT INTO "compile_Sample" VALUES(788,1,32,NULL,NULL,NULL,NULL,NULL,0.001223,0.003474,0.005159,NULL,NULL);
INSERT INTO "compile_Sample" VALUES(789,1,32,NULL,NULL,NULL,NULL,NULL,0.001207,0.003406,0.004963,NULL,NULL);
INSERT INTO "compile_Sample" VALUES(790,1,32,NULL,NULL,NULL,NULL,NULL,0.001244,0.003477,0.005079,NULL,NULL);
INSERT INTO "compile_Sample" VALUES(791,1,32,NULL,NULL,NULL,NULL,NULL,0.001269,0.003784,0.005314,NULL,NULL);
INSERT INTO "compile_Sample" VALUES(792,1,32,NULL,NULL,NULL,NULL,NULL,0.001191,0.003348,0.004877,NULL,NULL);
INSERT INTO "compile_Sample" VALUES(793,1,32,NULL,NULL,NULL,NULL,NULL,0.00123,0.003379,0.005064,NULL,NULL);
INSERT INTO "compile_Sample" VALUES(794,1,32,NULL,NULL,NULL,NULL,NULL,0.001204,0.003647,0.005259,NULL,NULL);
INSERT INTO "compile_Sample" VALUES(795,1,32,NULL,NULL,NULL,NULL,NULL,0.001145,0.00327,0.004725,NULL,NULL);
INSERT INTO "compile_Sample" VALUES(796,1,32,NULL,NULL,NULL,NULL,NULL,0.001139,0.00319,0.004764,NULL,NULL);
INSERT INTO "compile_Sample" VALUES(797,1,32,NULL,NULL,NULL,NULL,NULL,0.001219,0.003486,0.005065,NULL,NULL);
INSERT INTO "compile_Sample" VALUES(798,1,32,NULL,NULL,NULL,NULL,NULL,0.001202,0.003383,0.005199,NULL,NULL);
INSERT INTO "compile_Sample" VALUES(799,1,32,NULL,NULL,NULL,NULL,NULL,0.001223,0.003586,0.00536,NULL,NULL);
INSERT INTO "compile_Sample" VALUES(800,1,32,NULL,NULL,NULL,NULL,NULL,0.001227,0.003612,0.005278,NULL,NULL);
INSERT INTO "compile_Sample" VALUES(801,1,32,NULL,NULL,NULL,NULL,NULL,0.001195,0.003422,0.004891,NULL,NULL);
INSERT INTO "compile_Sample" VALUES(802,1,32,NULL,NULL,NULL,NULL,NULL,0.0012,0.003197,0.004709,NULL,NULL);
INSERT INTO "compile_Sample" VALUES(803,1,32,NULL,NULL,NULL,NULL,NULL,0.00121,0.003451,0.004989,NULL,NULL);
INSERT INTO "compile_Sample" VALUES(804,1,32,NULL,NULL,NULL,NULL,NULL,0.001217,0.003539,0.005111,NULL,NULL);
INSERT INTO "compile_Sample" VALUES(805,1,32,NULL,NULL,NULL,NULL,NULL,0.001257,0.003493,0.005287,NULL,NULL);
INSERT INTO "compile_Sample" VALUES(806,1,32,NULL,NULL,NULL,NULL,NULL,0.00124,0.003402,0.005079,NULL,NULL);
INSERT INTO "compile_Sample" VALUES(807,1,32,NULL,NULL,NULL,NULL,NULL,0.001218,0.003506,0.005067,NULL,NULL);
INSERT INTO "compile_Sample" VALUES(808,1,32,NULL,NULL,NULL,NULL,NULL,0.001223,0.003526,0.005251,NULL,NULL);
INSERT INTO "compile_Sample" VALUES(809,1,32,NULL,NULL,NULL,NULL,NULL,0.001184,0.003357,0.004833,NULL,NULL);
INSERT INTO "compile_Sample" VALUES(810,1,32,NULL,NULL,NULL,NULL,NULL,0.001455,0.003915,0.005787,NULL,NULL);
INSERT INTO "compile_Sample" VALUES(811,1,32,NULL,NULL,NULL,NULL,NULL,0.001278,0.004025,0.005673,NULL,NULL);
INSERT INTO "compile_Sample" VALUES(812,1,32,NULL,NULL,NULL,NULL,NULL,0.00121,0.003537,0.005156,NULL,NULL);
INSERT INTO "compile_Sample" VALUES(813,1,32,NULL,NULL,NULL,NULL,NULL,0.001661,0.004762,0.006902,NULL,NULL);
INSERT INTO "compile_Sample" VALUES(814,1,32,NULL,NULL,NULL,NULL,NULL,0.001324,0.003731,0.005477,NULL,NULL);
INSERT INTO "compile_Sample" VALUES(815,1,32,NULL,NULL,NULL,NULL,NULL,0.001186,0.003134,0.004645,NULL,NULL);
INSERT INTO "compile_Sample" VALUES(816,1,32,NULL,NULL,NULL,NULL,NULL,0.001335,0.003642,0.005181,NULL,NULL);
INSERT INTO "compile_Sample" VALUES(817,1,32,NULL,NULL,NULL,NULL,NULL,0.001201,0.003608,0.005217,NULL,NULL);
INSERT INTO "compile_Sample" VALUES(818,1,32,NULL,NULL,NULL,NULL,NULL,0.0012,0.003193,0.004746,NULL,NULL);
INSERT INTO "compile_Sample" VALUES(819,1,33,NULL,NULL,NULL,NULL,NULL,2.246929,1.035625,12.404279,NULL,NULL);
INSERT INTO "compile_Sample" VALUES(820,1,33,NULL,NULL,NULL,NULL,NULL,1.911548,0.688408,1.589373,NULL,NULL);
INSERT INTO "compile_Sample" VALUES(821,1,33,NULL,NULL,NULL,NULL,NULL,1.901512,0.692506,1.609767,NULL,NULL);
INSERT INTO "compile_Sample" VALUES(822,1,34,NULL,NULL,NULL,NULL,NULL,0.002591,0.004657,0.007853,NULL,823296.0);
INSERT INTO "compile_Sample" VALUES(823,1,34,NULL,NULL,NULL,NULL,NULL,0.002617,0.004459,0.007835,NULL,823296.0);
INSERT INTO "compile_Sample" VALUES(824,1,34,NULL,NULL,NULL,NULL,NULL,0.002574,0.004344,0.007779,NULL,819200.0);
INSERT INTO "compile_Sample" VALUES(825,1,34,NULL,NULL,NULL,NULL,NULL,0.002543,0.004115,0.00746,NULL,823296.0);
INSERT INTO "compile_Sample" VALUES(826,1,34,NULL,NULL,NULL,NULL,NULL,0.002776,0.004919,0.008443,NULL,823296.0);
INSERT INTO "compile_Sample" VALUES(827,1,34,NULL,NULL,NULL,NULL,NULL,0.002582,0.004544,0.007585,NULL,823296.0);
INSERT INTO "compile_Sample" VALUES(828,1,34,NULL,NULL,NULL,NULL,NULL,0.002492,0.004202,0.007236,NULL,819200.0);
INSERT INTO "compile_Sample" VALUES(829,1,34,NULL,NULL,NULL,NULL,NULL,0.002672,0.004219,0.007382,NULL,823296.0);
INSERT INTO "compile_Sample" VALUES(830,1,34,NULL,NULL,NULL,NULL,NULL,0.002577,0.004297,0.007464,NULL,806912.0);
INSERT INTO "compile_Sample" VALUES(831,1,34,NULL,NULL,NULL,NULL,NULL,0.00254,0.004247,0.007412,NULL,823296.0);
INSERT INTO "compile_Sample" VALUES(832,1,34,NULL,NULL,NULL,NULL,NULL,0.002571,0.004068,0.00726,NULL,819200.0);
INSERT INTO "compile_Sample" VALUES(833,1,34,NULL,NULL,NULL,NULL,NULL,0.002467,0.004102,0.007162,NULL,819200.0);
INSERT INTO "compile_Sample" VALUES(834,1,34,NULL,NULL,NULL,NULL,NULL,0.002471,0.004077,0.007211,NULL,823296.0);
INSERT INTO "compile_Sample" VALUES(835,1,34,NULL,NULL,NULL,NULL,NULL,0.002528,0.00403,0.007329,NULL,823296.0);
INSERT INTO "compile_Sample" VALUES(836,1,34,NULL,NULL,NULL,NULL,NULL,0.002557,0.004154,0.007265,NULL,819200.0);
INSERT INTO "compile_Sample" VALUES(837,1,34,NULL,NULL,NULL,NULL,NULL,0.002583,0.004197,0.007736,NULL,823296.0);
INSERT INTO "compile_Sample" VALUES(838,1,34,NULL,NULL,NULL,NULL,NULL,0.002569,0.004184,0.007373,NULL,819200.0);
INSERT INTO "compile_Sample" VALUES(839,1,34,NULL,NULL,NULL,NULL,NULL,0.003422,0.004806,0.009111,NULL,815104.0);
INSERT INTO "compile_Sample" VALUES(840,1,34,NULL,NULL,NULL,NULL,NULL,0.002514,0.004147,0.007275,NULL,823296.0);
INSERT INTO "compile_Sample" VALUES(841,1,34,NULL,NULL,NULL,NULL,NULL,0.002483,0.00411,0.007128,NULL,819200.0);
INSERT INTO "compile_Sample" VALUES(842,1,34,NULL,NULL,NULL,NULL,NULL,0.004764,0.007085,0.012549,NULL,819200.0);
INSERT INTO "compile_Sample" VALUES(843,1,34,NULL,NULL,NULL,NULL,NULL,0.002686,0.004314,0.007862,NULL,815104.0);
INSERT INTO "compile_Sample" VALUES(844,1,34,NULL,NULL,NULL,NULL,NULL,0.002492,0.004115,0.007118,NULL,819200.0);
INSERT INTO "compile_Sample" VALUES(845,1,34,NULL,NULL,NULL,NULL,NULL,0.002569,0.004125,0.007386,NULL,823296.0);
INSERT INTO "compile_Sample" VALUES(846,1,34,NULL,NULL,NULL,NULL,NULL,0.002506,0.00409,0.007187,NULL,823296.0);
INSERT INTO "compile_Sample" VALUES(847,1,34,NULL,NULL,NULL,NULL,NULL,0.00271,0.004444,0.007832,NULL,819200.0);
INSERT INTO "compile_Sample" VALUES(848,1,34,NULL,NULL,NULL,NULL,NULL,0.002511,0.004307,0.007321,NULL,819200.0);
INSERT INTO "compile_Sample" VALUES(849,1,34,NULL,NULL,NULL,NULL,NULL,0.002542,0.004006,0.007193,NULL,819200.0);
INSERT INTO "compile_Sample" VALUES(850,1,34,NULL,NULL,NULL,NULL,NULL,0.00268,0.004148,0.00734,NULL,819200.0);
INSERT INTO "compile_Sample" VALUES(851,1,34,NULL,NULL,NULL,NULL,NULL,0.002519,0.004089,0.007228,NULL,823296.0);
INSERT INTO "compile_Sample" VALUES(852,1,34,NULL,NULL,NULL,NULL,NULL,0.002603,0.0043,0.007741,NULL,819200.0);
INSERT INTO "compile_Sample" VALUES(853,1,34,NULL,NULL,NULL,NULL,NULL,0.002578,0.004238,0.007583,NULL,815104.0);
INSERT INTO "compile_Sample" VALUES(854,1,34,NULL,NULL,NULL,NULL,NULL,0.00248,0.004064,0.007111,NULL,823296.0);
INSERT INTO "compile_Sample" VALUES(855,1,34,NULL,NULL,NULL,NULL,NULL,0.004938,0.006602,0.012324,NULL,823296.0);
INSERT INTO "compile_Sample" VALUES(856,1,34,NULL,NULL,NULL,NULL,NULL,0.002568,0.004169,0.007393,NULL,823296.0);
INSERT INTO "compile_Sample" VALUES(857,1,34,NULL,NULL,NULL,NULL,NULL,0.002618,0.004473,0.007796,NULL,823296.0);
INSERT INTO "compile_Sample" VALUES(858,1,34,NULL,NULL,NULL,NULL,NULL,0.002536,0.004131,0.007214,NULL,823296.0);
INSERT INTO "compile_Sample" VALUES(859,1,34,NULL,NULL,NULL,NULL,NULL,0.003324,0.004746,0.008614,NULL,819200.0);
INSERT INTO "compile_Sample" VALUES(860,1,34,NULL,NULL,NULL,NULL,NULL,0.00248,0.004132,0.007267,NULL,819200.0);
INSERT INTO "compile_Sample" VALUES(861,1,34,NULL,NULL,NULL,NULL,NULL,0.00256,0.004097,0.007291,NULL,819200.0);
INSERT INTO "compile_Sample" VALUES(862,1,34,NULL,NULL,NULL,NULL,NULL,0.00255,0.004132,0.007197,NULL,823296.0);
INSERT INTO "compile_Sample" VALUES(863,1,34,NULL,NULL,NULL,NULL,NULL,0.002611,0.004169,0.00745,NULL,823296.0);
INSERT INTO "compile_Sample" VALUES(864,1,34,NULL,NULL,NULL,NULL,NULL,0.002505,0.004216,0.007259,NULL,819200.0);
INSERT INTO "compile_Sample" VALUES(865,1,34,NULL,NULL,NULL,NULL,NULL,0.002585,0.004185,0.007464,NULL,819200.0);
INSERT INTO "compile_Sample" VALUES(866,1,34,NULL,NULL,NULL,NULL,NULL,0.002482,0.004355,0.007576,NULL,802816.0);
INSERT INTO "compile_Sample" VALUES(867,1,34,NULL,NULL,NULL,NULL,NULL,0.002625,0.004401,0.007832,NULL,798720.0);
INSERT INTO "compile_Sample" VALUES(868,1,34,NULL,NULL,NULL,NULL,NULL,0.002608,0.004247,0.007449,NULL,815104.0);
INSERT INTO "compile_Sample" VALUES(869,1,34,NULL,NULL,NULL,NULL,NULL,0.002558,0.004223,0.007468,NULL,819200.0);
INSERT INTO "compile_Sample" VALUES(870,1,34,NULL,NULL,NULL,NULL,NULL,0.002556,0.004209,0.007256,NULL,819200.0);
INSERT INTO "compile_Sample" VALUES(871,1,34,NULL,NULL,NULL,NULL,NULL,0.002668,0.004266,0.007662,NULL,823296.0);
INSERT INTO "compile_Sample" VALUES(872,1,34,NULL,NULL,NULL,NULL,NULL,0.002566,0.004218,0.007374,NULL,819200.0);
INSERT INTO "compile_Sample" VALUES(873,1,34,NULL,NULL,NULL,NULL,NULL,0.002507,0.004345,0.007504,NULL,819200.0);
INSERT INTO "compile_Sample" VALUES(874,1,34,NULL,NULL,NULL,NULL,NULL,0.003044,0.004367,0.008266,NULL,823296.0);
INSERT INTO "compile_Sample" VALUES(875,1,34,NULL,NULL,NULL,NULL,NULL,0.003602,0.00485,0.009274,NULL,819200.0);
INSERT INTO "compile_Sample" VALUES(876,1,34,NULL,NULL,NULL,NULL,NULL,0.002507,0.00404,0.00731,NULL,815104.0);
INSERT INTO "compile_Sample" VALUES(877,1,34,NULL,NULL,NULL,NULL,NULL,0.002683,0.005176,0.008448,NULL,823296.0);
INSERT INTO "compile_Sample" VALUES(878,1,34,NULL,NULL,NULL,NULL,NULL,0.002487,0.004152,0.007298,NULL,819200.0);
INSERT INTO "compile_Sample" VALUES(879,1,34,NULL,NULL,NULL,NULL,NULL,0.002516,0.004238,0.007335,NULL,819200.0);
INSERT INTO "compile_Sample" VALUES(880,1,34,NULL,NULL,NULL,NULL,NULL,0.002611,0.004204,0.007451,NULL,819200.0);
INSERT INTO "compile_Sample" VALUES(881,1,34,NULL,NULL,NULL,NULL,NULL,0.002553,0.00424,0.007315,NULL,819200.0);
INSERT INTO "compile_Sample" VALUES(882,1,34,NULL,NULL,NULL,NULL,NULL,0.002479,0.004051,0.007149,NULL,819200.0);
INSERT INTO "compile_Sample" VALUES(883,1,34,NULL,NULL,NULL,NULL,NULL,0.002906,0.006208,0.009786,NULL,823296.0);
INSERT INTO "compile_Sample" VALUES(884,1,34,NULL,NULL,NULL,NULL,NULL,0.002541,0.004236,0.00745,NULL,823296.0);
INSERT INTO "compile_Sample" VALUES(885,1,34,NULL,NULL,NULL,NULL,NULL,0.002522,0.004043,0.007053,NULL,823296.0);
INSERT INTO "compile_Sample" VALUES(886,1,34,NULL,NULL,NULL,NULL,NULL,0.002696,0.004229,0.007535,NULL,823296.0);
INSERT INTO "compile_Sample" VALUES(887,1,34,NULL,NULL,NULL,NULL,NULL,0.00258,0.004249,0.007445,NULL,819200.0);
INSERT INTO "compile_Sample" VALUES(888,1,34,NULL,NULL,NULL,NULL,NULL,0.002576,0.004344,0.007625,NULL,823296.0);
INSERT INTO "compile_Sample" VALUES(889,1,34,NULL,NULL,NULL,NULL,NULL,0.002591,0.004216,0.007748,NULL,819200.0);
INSERT INTO "compile_Sample" VALUES(890,1,34,NULL,NULL,NULL,NULL,NULL,0.002618,0.004489,0.007961,NULL,819200.0);
INSERT INTO "compile_Sample" VALUES(891,1,34,NULL,NULL,NULL,NULL,NULL,0.002595,0.004267,0.007676,NULL,823296.0);
INSERT INTO "compile_Sample" VALUES(892,1,34,NULL,NULL,NULL,NULL,NULL,0.002978,0.004374,0.007934,NULL,819200.0);
INSERT INTO "compile_Sample" VALUES(893,1,34,NULL,NULL,NULL,NULL,NULL,0.00261,0.004437,0.007842,NULL,819200.0);
INSERT INTO "compile_Sample" VALUES(894,1,34,NULL,NULL,NULL,NULL,NULL,0.002645,0.00426,0.007602,NULL,819200.0);
INSERT INTO "compile_Sample" VALUES(895,1,34,NULL,NULL,NULL,NULL,NULL,0.002849,0.004368,0.007889,NULL,819200.0);
INSERT INTO "compile_Sample" VALUES(896,1,34,NULL,NULL,NULL,NULL,NULL,0.002555,0.004125,0.007403,NULL,819200.0);
INSERT INTO "compile_Sample" VALUES(897,1,34,NULL,NULL,NULL,NULL,NULL,0.002567,0.004183,0.007449,NULL,823296.0);
INSERT INTO "compile_Sample" VALUES(898,1,34,NULL,NULL,NULL,NULL,NULL,0.002477,0.003979,0.007042,NULL,823296.0);
INSERT INTO "compile_Sample" VALUES(899,1,34,NULL,NULL,NULL,NULL,NULL,0.00257,0.004241,0.007442,NULL,819200.0);
INSERT INTO "compile_Sample" VALUES(900,1,34,NULL,NULL,NULL,NULL,NULL,0.002561,0.004202,0.007569,NULL,823296.0);
INSERT INTO "compile_Sample" VALUES(901,1,34,NULL,NULL,NULL,NULL,NULL,0.002613,0.00439,0.00774,NULL,819200.0);
INSERT INTO "compile_Sample" VALUES(902,1,34,NULL,NULL,NULL,NULL,NULL,0.002505,0.004154,0.007215,NULL,819200.0);
INSERT INTO "compile_Sample" VALUES(903,1,34,NULL,NULL,NULL,NULL,NULL,0.002852,0.004479,0.00817,NULL,823296.0);
INSERT INTO "compile_Sample" VALUES(904,1,34,NULL,NULL,NULL,NULL,NULL,0.003274,0.009691,0.013925,NULL,823296.0);
INSERT INTO "compile_Sample" VALUES(905,1,34,NULL,NULL,NULL,NULL,NULL,0.002626,0.008609,0.011981,NULL,823296.0);
INSERT INTO "compile_Sample" VALUES(906,1,34,NULL,NULL,NULL,NULL,NULL,0.002713,0.004472,0.007769,NULL,823296.0);
INSERT INTO "compile_Sample" VALUES(907,1,34,NULL,NULL,NULL,NULL,NULL,0.002528,0.004482,0.007619,NULL,815104.0);
INSERT INTO "compile_Sample" VALUES(908,1,34,NULL,NULL,NULL,NULL,NULL,0.002495,0.004259,0.007317,NULL,819200.0);
INSERT INTO "compile_Sample" VALUES(909,1,34,NULL,NULL,NULL,NULL,NULL,0.002575,0.004097,0.00723,NULL,819200.0);
INSERT INTO "compile_Sample" VALUES(910,1,34,NULL,NULL,NULL,NULL,NULL,0.002565,0.004245,0.007446,NULL,819200.0);
INSERT INTO "compile_Sample" VALUES(911,1,34,NULL,NULL,NULL,NULL,NULL,0.002553,0.004026,0.00726,NULL,819200.0);
INSERT INTO "compile_Sample" VALUES(912,1,34,NULL,NULL,NULL,NULL,NULL,0.00257,0.004344,0.007453,NULL,823296.0);
INSERT INTO "compile_Sample" VALUES(913,1,34,NULL,NULL,NULL,NULL,NULL,0.002544,0.004174,0.007287,NULL,819200.0);
INSERT INTO "compile_Sample" VALUES(914,1,34,NULL,NULL,NULL,NULL,NULL,0.002729,0.004493,0.007966,NULL,823296.0);
INSERT INTO "compile_Sample" VALUES(915,1,34,NULL,NULL,NULL,NULL,NULL,0.002692,0.00452,0.007902,NULL,823296.0);
INSERT INTO "compile_Sample" VALUES(916,1,34,NULL,NULL,NULL,NULL,NULL,0.002584,0.004204,0.007505,NULL,823296.0);
INSERT INTO "compile_Sample" VALUES(917,1,34,NULL,NULL,NULL,NULL,NULL,0.002573,0.004205,0.007421,NULL,819200.0);
INSERT INTO "compile_Sample" VALUES(918,1,34,NULL,NULL,NULL,NULL,NULL,0.00255,0.004215,0.007311,NULL,823296.0);
INSERT INTO "compile_Sample" VALUES(919,1,34,NULL,NULL,NULL,NULL,NULL,0.003998,0.005271,0.009942,NULL,819200.0);
INSERT INTO "compile_Sample" VALUES(920,1,34,NULL,NULL,NULL,NULL,NULL,0.003541,0.006034,0.010258,NULL,819200.0);
INSERT INTO "compile_Sample" VALUES(921,1,34,NULL,NULL,NULL,NULL,NULL,0.002583,0.004226,0.00751,NULL,819200.0);
INSERT INTO "compile_Sample" VALUES(922,1,27,NULL,NULL,NULL,NULL,NULL,NULL,NULL,NULL,NULL,3366912.0);
INSERT INTO "compile_Sample" VALUES(923,1,35,NULL,NULL,NULL,NULL,NULL,64.338966,20.635714,36.46104,NULL,NULL);
INSERT INTO "compile_Sample" VALUES(924,1,35,NULL,NULL,NULL,NULL,NULL,65.813645,20.73893,26.602438,NULL,NULL);
INSERT INTO "compile_Sample" VALUES(925,1,35,NULL,NULL,NULL,NULL,NULL,65.460386,20.857841,26.513836,NULL,NULL);
INSERT INTO "compile_Sample" VALUES(926,2,36,NULL,NULL,NULL,NULL,NULL,0.002876,0.007174,0.012734,NULL,NULL);
INSERT INTO "compile_Sample" VALUES(927,2,36,NULL,NULL,NULL,NULL,NULL,0.002982,0.006833,0.012737,NULL,NULL);
INSERT INTO "compile_Sample" VALUES(928,2,36,NULL,NULL,NULL,NULL,NULL,0.002824,0.006332,0.01178,NULL,NULL);
INSERT INTO "compile_Sample" VALUES(929,2,36,NULL,NULL,NULL,NULL,NULL,0.00285,0.006421,0.01195,NULL,NULL);
INSERT INTO "compile_Sample" VALUES(930,2,36,NULL,NULL,NULL,NULL,NULL,0.002784,0.005982,0.011352,NULL,NULL);
INSERT INTO "compile_Sample" VALUES(931,2,36,NULL,NULL,NULL,NULL,NULL,0.002862,0.006127,0.011482,NULL,NULL);
INSERT INTO "compile_Sample" VALUES(932,2,36,NULL,NULL,NULL,NULL,NULL,0.002933,0.006072,0.011613,NULL,NULL);
INSERT INTO "compile_Sample" VALUES(933,2,36,NULL,NULL,NULL,NULL,NULL,0.002935,0.006294,0.011822,NULL,NULL);
INSERT INTO "compile_Sample" VALUES(934,2,36,NULL,NULL,NULL,NULL,NULL,0.002968,0.00683,0.01268,NULL,NULL);
INSERT INTO "compile_Sample" VALUES(935,2,36,NULL,NULL,NULL,NULL,NULL,0.00294,0.007111,0.012916,NULL,NULL);
INSERT INTO "compile_Sample" VALUES(936,2,36,NULL,NULL,NULL,NULL,NULL,0.002933,0.006458,0.012198,NULL,NULL);
INSERT INTO "compile_Sample" VALUES(937,2,36,NULL,NULL,NULL,NULL,NULL,0.002919,0.006443,0.012184,NULL,NULL);
INSERT INTO "compile_Sample" VALUES(938,2,36,NULL,NULL,NULL,NULL,NULL,0.003007,0.00603,0.011781,NULL,NULL);
INSERT INTO "compile_Sample" VALUES(939,2,36,NULL,NULL,NULL,NULL,NULL,0.002822,0.005907,0.011313,NULL,NULL);
INSERT INTO "compile_Sample" VALUES(940,2,36,NULL,NULL,NULL,NULL,NULL,0.002734,0.005682,0.010873,NULL,NULL);
INSERT INTO "compile_Sample" VALUES(941,2,36,NULL,NULL,NULL,NULL,NULL,0.002745,0.005469,0.010677,NULL,NULL);
INSERT INTO "compile_Sample" VALUES(942,2,36,NULL,NULL,NULL,NULL,NULL,0.00276,0.005535,0.01083,NULL,NULL);
INSERT INTO "compile_Sample" VALUES(943,2,36,NULL,NULL,NULL,NULL,NULL,0.002775,0.005612,0.010884,NULL,NULL);
INSERT INTO "compile_Sample" VALUES(944,2,36,NULL,NULL,NULL,NULL,NULL,0.002916,0.006214,0.01187,NULL,NULL);
INSERT INTO "compile_Sample" VALUES(945,2,36,NULL,NULL,NULL,NULL,NULL,0.002774,0.006059,0.01142,NULL,NULL);
INSERT INTO "compile_Sample" VALUES(946,2,36,NULL,NULL,NULL,NULL,NULL,0.002796,0.006075,0.011328,NULL,NULL);
INSERT INTO "compile_Sample" VALUES(947,2,36,NULL,NULL,NULL,NULL,NULL,0.002792,0.005899,0.011301,NULL,NULL);
INSERT INTO "compile_Sample" VALUES(948,2,36,NULL,NULL,NULL,NULL,NULL,0.002787,0.005809,0.011116,NULL,NULL);
INSERT INTO "compile_Sample" VALUES(949,2,36,NULL,NULL,NULL,NULL,NULL,0.002739,0.005578,0.010882,NULL,NULL);
INSERT INTO "compile_Sample" VALUES(950,2,36,NULL,NULL,NULL,NULL,NULL,0.00278,0.005607,0.010902,NULL,NULL);
INSERT INTO "compile_Sample" VALUES(951,2,36,NULL,NULL,NULL,NULL,NULL,0.002792,0.005578,0.010933,NULL,NULL);
INSERT INTO "compile_Sample" VALUES(952,2,36,NULL,NULL,NULL,NULL,NULL,0.002862,0.005913,0.011385,NULL,NULL);
INSERT INTO "compile_Sample" VALUES(953,2,36,NULL,NULL,NULL,NULL,NULL,0.003125,0.00613,0.01173,NULL,NULL);
INSERT INTO "compile_Sample" VALUES(954,2,36,NULL,NULL,NULL,NULL,NULL,0.002873,0.006222,0.011928,NULL,NULL);
INSERT INTO "compile_Sample" VALUES(955,2,36,NULL,NULL,NULL,NULL,NULL,0.003212,0.006639,0.012782,NULL,NULL);
INSERT INTO "compile_Sample" VALUES(956,2,36,NULL,NULL,NULL,NULL,NULL,0.002862,0.006099,0.0117,NULL,NULL);
INSERT INTO "compile_Sample" VALUES(957,2,36,NULL,NULL,NULL,NULL,NULL,0.002791,0.006325,0.011661,NULL,NULL);
INSERT INTO "compile_Sample" VALUES(958,2,36,NULL,NULL,NULL,NULL,NULL,0.002905,0.00641,0.011832,NULL,NULL);
INSERT INTO "compile_Sample" VALUES(959,2,36,NULL,NULL,NULL,NULL,NULL,0.002987,0.006357,0.012133,NULL,NULL);
INSERT INTO "compile_Sample" VALUES(960,2,36,NULL,NULL,NULL,NULL,NULL,0.002812,0.006373,0.011704,NULL,NULL);
INSERT INTO "compile_Sample" VALUES(961,2,36,NULL,NULL,NULL,NULL,NULL,0.002897,0.006371,0.011977,NULL,NULL);
INSERT INTO "compile_Sample" VALUES(962,2,36,NULL,NULL,NULL,NULL,NULL,0.002856,0.006019,0.011552,NULL,NULL);
INSERT INTO "compile_Sample" VALUES(963,2,36,NULL,NULL,NULL,NULL,NULL,0.003158,0.006733,0.012809,NULL,NULL);
INSERT INTO "compile_Sample" VALUES(964,2,36,NULL,NULL,NULL,NULL,NULL,0.002904,0.006876,0.012545,NULL,NULL);
INSERT INTO "compile_Sample" VALUES(965,2,36,NULL,NULL,NULL,NULL,NULL,0.002807,0.006434,0.011817,NULL,NULL);
INSERT INTO "compile_Sample" VALUES(966,2,36,NULL,NULL,NULL,NULL,NULL,0.002857,0.006191,0.011733,NULL,NULL);
INSERT INTO "compile_Sample" VALUES(967,2,36,NULL,NULL,NULL,NULL,NULL,0.002987,0.00636,0.011929,NULL,NULL);
INSERT INTO "compile_Sample" VALUES(968,2,36,NULL,NULL,NULL,NULL,NULL,0.002852,0.006773,0.012181,NULL,NULL);
INSERT INTO "compile_Sample" VALUES(969,2,36,NULL,NULL,NULL,NULL,NULL,0.002878,0.006312,0.011986,NULL,NULL);
INSERT INTO "compile_Sample" VALUES(970,2,36,NULL,NULL,NULL,NULL,NULL,0.002801,0.006047,0.011532,NULL,NULL);
INSERT INTO "compile_Sample" VALUES(971,2,36,NULL,NULL,NULL,NULL,NULL,0.002825,0.005962,0.011515,NULL,NULL);
INSERT INTO "compile_Sample" VALUES(972,2,36,NULL,NULL,NULL,NULL,NULL,0.002956,0.006266,0.012193,NULL,NULL);
INSERT INTO "compile_Sample" VALUES(973,2,36,NULL,NULL,NULL,NULL,NULL,0.002917,0.006678,0.01245,NULL,NULL);
INSERT INTO "compile_Sample" VALUES(974,2,36,NULL,NULL,NULL,NULL,NULL,0.002727,0.006081,0.011393,NULL,NULL);
INSERT INTO "compile_Sample" VALUES(975,2,36,NULL,NULL,NULL,NULL,NULL,0.002879,0.006038,0.011489,NULL,NULL);
INSERT INTO "compile_Sample" VALUES(976,2,36,NULL,NULL,NULL,NULL,NULL,0.002858,0.006241,0.011668,NULL,NULL);
INSERT INTO "compile_Sample" VALUES(977,2,36,NULL,NULL,NULL,NULL,NULL,0.00295,0.006303,0.012016,NULL,NULL);
INSERT INTO "compile_Sample" VALUES(978,2,36,NULL,NULL,NULL,NULL,NULL,0.002896,0.00686,0.012337,NULL,NULL);
INSERT INTO "compile_Sample" VALUES(979,2,36,NULL,NULL,NULL,NULL,NULL,0.002871,0.006186,0.011742,NULL,NULL);
INSERT INTO "compile_Sample" VALUES(980,2,36,NULL,NULL,NULL,NULL,NULL,0.002887,0.006193,0.011788,NULL,NULL);
INSERT INTO "compile_Sample" VALUES(981,2,36,NULL,NULL,NULL,NULL,NULL,0.00299,0.006874,0.012616,NULL,NULL);
INSERT INTO "compile_Sample" VALUES(982,2,36,NULL,NULL,NULL,NULL,NULL,0.002931,0.006974,0.012633,NULL,NULL);
INSERT INTO "compile_Sample" VALUES(983,2,36,NULL,NULL,NULL,NULL,NULL,0.002819,0.006012,0.011528,NULL,NULL);
INSERT INTO "compile_Sample" VALUES(984,2,36,NULL,NULL,NULL,NULL,NULL,0.002852,0.006058,0.011576,NULL,NULL);
INSERT INTO "compile_Sample" VALUES(985,2,36,NULL,NULL,NULL,NULL,NULL,0.0028,0.006229,0.011526,NULL,NULL);
INSERT INTO "compile_Sample" VALUES(986,2,36,NULL,NULL,NULL,NULL,NULL,0.002954,0.006647,0.01238,NULL,NULL);
INSERT INTO "compile_Sample" VALUES(987,2,36,NULL,NULL,NULL,NULL,NULL,0.002858,0.006161,0.01174,NULL,NULL);
INSERT INTO "compile_Sample" VALUES(988,2,36,NULL,NULL,NULL,NULL,NULL,0.002762,0.005965,0.011112,NULL,NULL);
INSERT INTO "compile_Sample" VALUES(989,2,36,NULL,NULL,NULL,NULL,NULL,0.003628,0.007054,0.013298,NULL,NULL);
INSERT INTO "compile_Sample" VALUES(990,2,36,NULL,NULL,NULL,NULL,NULL,0.002924,0.006448,0.011903,NULL,NULL);
INSERT INTO "compile_Sample" VALUES(991,2,36,NULL,NULL,NULL,NULL,NULL,0.002932,0.006969,0.012732,NULL,NULL);
INSERT INTO "compile_Sample" VALUES(992,2,36,NULL,NULL,NULL,NULL,NULL,0.002903,0.006692,0.01212,NULL,NULL);
INSERT INTO "compile_Sample" VALUES(993,2,36,NULL,NULL,NULL,NULL,NULL,0.003433,0.006554,0.013187,NULL,NULL);
INSERT INTO "compile_Sample" VALUES(994,2,36,NULL,NULL,NULL,NULL,NULL,0.002816,0.006222,0.011749,NULL,NULL);
INSERT INTO "compile_Sample" VALUES(995,2,36,NULL,NULL,NULL,NULL,NULL,0.002705,0.006094,0.011344,NULL,NULL);
INSERT INTO "compile_Sample" VALUES(996,2,36,NULL,NULL,NULL,NULL,NULL,0.002756,0.00556,0.010938,NULL,NULL);
INSERT INTO "compile_Sample" VALUES(997,2,36,NULL,NULL,NULL,NULL,NULL,0.003629,0.00644,0.012749,NULL,NULL);
INSERT INTO "compile_Sample" VALUES(998,2,36,NULL,NULL,NULL,NULL,NULL,0.00291,0.006791,0.012579,NULL,NULL);
INSERT INTO "compile_Sample" VALUES(999,2,36,NULL,NULL,NULL,NULL,NULL,0.00303,0.007217,0.013289,NULL,NULL);
INSERT INTO "compile_Sample" VALUES(1000,2,36,NULL,NULL,NULL,NULL,NULL,0.003152,0.006854,0.012589,NULL,NULL);
INSERT INTO "compile_Sample" VALUES(1001,2,36,NULL,NULL,NULL,NULL,NULL,0.002895,0.006822,0.012178,NULL,NULL);
INSERT INTO "compile_Sample" VALUES(1002,2,36,NULL,NULL,NULL,NULL,NULL,0.002908,0.006367,0.012116,NULL,NULL);
INSERT INTO "compile_Sample" VALUES(1003,2,36,NULL,NULL,NULL,NULL,NULL,0.002893,0.006614,0.012166,NULL,NULL);
INSERT INTO "compile_Sample" VALUES(1004,2,36,NULL,NULL,NULL,NULL,NULL,0.002806,0.006121,0.011576,NULL,NULL);
INSERT INTO "compile_Sample" VALUES(1005,2,36,NULL,NULL,NULL,NULL,NULL,0.002852,0.00619,0.011732,NULL,NULL);
INSERT INTO "compile_Sample" VALUES(1006,2,36,NULL,NULL,NULL,NULL,NULL,0.002769,0.006354,0.011665,NULL,NULL);
INSERT INTO "compile_Sample" VALUES(1007,2,36,NULL,NULL,NULL,NULL,NULL,0.002868,0.006252,0.011813,NULL,NULL);
INSERT INTO "compile_Sample" VALUES(1008,2,36,NULL,NULL,NULL,NULL,NULL,0.002884,0.006008,0.011815,NULL,NULL);
INSERT INTO "compile_Sample" VALUES(1009,2,36,NULL,NULL,NULL,NULL,NULL,0.003475,0.007359,0.013682,NULL,NULL);
INSERT INTO "compile_Sample" VALUES(1010,2,36,NULL,NULL,NULL,NULL,NULL,0.00285,0.006817,0.011966,NULL,NULL);
INSERT INTO "compile_Sample" VALUES(1011,2,36,NULL,NULL,NULL,NULL,NULL,0.002788,0.006005,0.011422,NULL,NULL);
INSERT INTO "compile_Sample" VALUES(1012,2,36,NULL,NULL,NULL,NULL,NULL,0.002927,0.006242,0.012073,NULL,NULL);
INSERT INTO "compile_Sample" VALUES(1013,2,36,NULL,NULL,NULL,NULL,NULL,0.002814,0.006311,0.011821,NULL,NULL);
INSERT INTO "compile_Sample" VALUES(1014,2,36,NULL,NULL,NULL,NULL,NULL,0.002857,0.006194,0.011669,NULL,NULL);
INSERT INTO "compile_Sample" VALUES(1015,2,36,NULL,NULL,NULL,NULL,NULL,0.002874,0.006419,0.012084,NULL,NULL);
INSERT INTO "compile_Sample" VALUES(1016,2,36,NULL,NULL,NULL,NULL,NULL,0.002887,0.006565,0.01204,NULL,NULL);
INSERT INTO "compile_Sample" VALUES(1017,2,36,NULL,NULL,NULL,NULL,NULL,0.002939,0.006264,0.012186,NULL,NULL);
INSERT INTO "compile_Sample" VALUES(1018,2,36,NULL,NULL,NULL,NULL,NULL,0.00277,0.00643,0.011834,NULL,NULL);
INSERT INTO "compile_Sample" VALUES(1019,2,36,NULL,NULL,NULL,NULL,NULL,0.00286,0.006163,0.011765,NULL,NULL);
INSERT INTO "compile_Sample" VALUES(1020,2,36,NULL,NULL,NULL,NULL,NULL,0.002834,0.00621,0.011749,NULL,NULL);
INSERT INTO "compile_Sample" VALUES(1021,2,36,NULL,NULL,NULL,NULL,NULL,0.002948,0.006727,0.012657,NULL,NULL);
INSERT INTO "compile_Sample" VALUES(1022,2,36,NULL,NULL,NULL,NULL,NULL,0.002805,0.006248,0.011817,NULL,NULL);
INSERT INTO "compile_Sample" VALUES(1023,2,36,NULL,NULL,NULL,NULL,NULL,0.002828,0.00617,0.01166,NULL,NULL);
INSERT INTO "compile_Sample" VALUES(1024,2,36,NULL,NULL,NULL,NULL,NULL,0.002863,0.00633,0.011913,NULL,NULL);
INSERT INTO "compile_Sample" VALUES(1025,2,36,NULL,NULL,NULL,NULL,NULL,0.002846,0.006515,0.011871,NULL,NULL);
INSERT INTO "compile_Sample" VALUES(1026,2,37,NULL,NULL,NULL,NULL,NULL,0.002883,0.006459,0.0122,NULL,NULL);
INSERT INTO "compile_Sample" VALUES(1027,2,37,NULL,NULL,NULL,NULL,NULL,0.002916,0.006487,0.011985,NULL,NULL);
INSERT INTO "compile_Sample" VALUES(1028,2,37,NULL,NULL,NULL,NULL,NULL,0.003039,0.006833,0.01279,NULL,NULL);
INSERT INTO "compile_Sample" VALUES(1029,2,37,NULL,NULL,NULL,NULL,NULL,0.002992,0.006794,0.012625,NULL,NULL);
INSERT INTO "compile_Sample" VALUES(1030,2,37,NULL,NULL,NULL,NULL,NULL,0.00292,0.006632,0.01229,NULL,NULL);
INSERT INTO "compile_Sample" VALUES(1031,2,37,NULL,NULL,NULL,NULL,NULL,0.003105,0.006845,0.012564,NULL,NULL);
INSERT INTO "compile_Sample" VALUES(1032,2,37,NULL,NULL,NULL,NULL,NULL,0.003011,0.007096,0.012986,NULL,NULL);
INSERT INTO "compile_Sample" VALUES(1033,2,37,NULL,NULL,NULL,NULL,NULL,0.002818,0.006368,0.011647,NULL,NULL);
INSERT INTO "compile_Sample" VALUES(1034,2,37,NULL,NULL,NULL,NULL,NULL,0.002832,0.006174,0.011574,NULL,NULL);
INSERT INTO "compile_Sample" VALUES(1035,2,37,NULL,NULL,NULL,NULL,NULL,0.002895,0.006398,0.011669,NULL,NULL);
INSERT INTO "compile_Sample" VALUES(1036,2,37,NULL,NULL,NULL,NULL,NULL,0.002994,0.006875,0.012406,NULL,NULL);
INSERT INTO "compile_Sample" VALUES(1037,2,37,NULL,NULL,NULL,NULL,NULL,0.002935,0.007163,0.012652,NULL,NULL);
INSERT INTO "compile_Sample" VALUES(1038,2,37,NULL,NULL,NULL,NULL,NULL,0.002823,0.006152,0.011649,NULL,NULL);
INSERT INTO "compile_Sample" VALUES(1039,2,37,NULL,NULL,NULL,NULL,NULL,0.00303,0.006285,0.012169,NULL,NULL);
INSERT INTO "compile_Sample" VALUES(1040,2,37,NULL,NULL,NULL,NULL,NULL,0.003042,0.006792,0.012446,NULL,NULL);
INSERT INTO "compile_Sample" VALUES(1041,2,37,NULL,NULL,NULL,NULL,NULL,0.00292,0.006514,0.012128,NULL,NULL);
INSERT INTO "compile_Sample" VALUES(1042,2,37,NULL,NULL,NULL,NULL,NULL,0.002833,0.006061,0.011426,NULL,NULL);
INSERT INTO "compile_Sample" VALUES(1043,2,37,NULL,NULL,NULL,NULL,NULL,0.003141,0.006427,0.012208,NULL,NULL);
INSERT INTO "compile_Sample" VALUES(1044,2,37,NULL,NULL,NULL,NULL,NULL,0.002915,0.006656,0.011911,NULL,NULL);
INSERT INTO "compile_Sample" VALUES(1045,2,37,NULL,NULL,NULL,NULL,NULL,0.003105,0.006532,0.012576,NULL,NULL);
INSERT INTO "compile_Sample" VALUES(1046,2,37,NULL,NULL,NULL,NULL,NULL,0.002988,0.006848,0.012713,NULL,NULL);
INSERT INTO "compile_Sample" VALUES(1047,2,37,NULL,NULL,NULL,NULL,NULL,0.002928,0.006466,0.012204,NULL,NULL);
INSERT INTO "compile_Sample" VALUES(1048,2,37,NULL,NULL,NULL,NULL,NULL,0.003026,0.006683,0.012434,NULL,NULL);
INSERT INTO "compile_Sample" VALUES(1049,2,37,NULL,NULL,NULL,NULL,NULL,0.002969,0.006472,0.01215,NULL,NULL);
INSERT INTO "compile_Sample" VALUES(1050,2,37,NULL,NULL,NULL,NULL,NULL,0.002879,0.006267,0.011801,NULL,NULL);
INSERT INTO "compile_Sample" VALUES(1051,2,37,NULL,NULL,NULL,NULL,NULL,0.00306,0.006567,0.012329,NULL,NULL);
INSERT INTO "compile_Sample" VALUES(1052,2,37,NULL,NULL,NULL,NULL,NULL,0.002881,0.00652,0.012174,NULL,NULL);
INSERT INTO "compile_Sample" VALUES(1053,2,37,NULL,NULL,NULL,NULL,NULL,0.002857,0.00644,0.011796,NULL,NULL);
INSERT INTO "compile_Sample" VALUES(1054,2,37,NULL,NULL,NULL,NULL,NULL,0.003095,0.006525,0.012658,NULL,NULL);
INSERT INTO "compile_Sample" VALUES(1055,2,37,NULL,NULL,NULL,NULL,NULL,0.002874,0.006628,0.012193,NULL,NULL);
INSERT INTO "compile_Sample" VALUES(1056,2,37,NULL,NULL,NULL,NULL,NULL,0.002815,0.006202,0.011603,NULL,NULL);
INSERT INTO "compile_Sample" VALUES(1057,2,37,NULL,NULL,NULL,NULL,NULL,0.002873,0.00629,0.011869,NULL,NULL);
INSERT INTO "compile_Sample" VALUES(1058,2,37,NULL,NULL,NULL,NULL,NULL,0.002867,0.005946,0.011493,NULL,NULL);
INSERT INTO "compile_Sample" VALUES(1059,2,37,NULL,NULL,NULL,NULL,NULL,0.00296,0.006638,0.012149,NULL,NULL);
INSERT INTO "compile_Sample" VALUES(1060,2,37,NULL,NULL,NULL,NULL,NULL,0.002945,0.006377,0.012084,NULL,NULL);
INSERT INTO "compile_Sample" VALUES(1061,2,37,NULL,NULL,NULL,NULL,NULL,0.002859,0.006158,0.011474,NULL,NULL);
INSERT INTO "compile_Sample" VALUES(1062,2,37,NULL,NULL,NULL,NULL,NULL,0.002964,0.006428,0.011959,NULL,NULL);
INSERT INTO "compile_Sample" VALUES(1063,2,37,NULL,NULL,NULL,NULL,NULL,0.003098,0.006648,0.012789,NULL,NULL);
INSERT INTO "compile_Sample" VALUES(1064,2,37,NULL,NULL,NULL,NULL,NULL,0.002882,0.006588,0.012106,NULL,NULL);
INSERT INTO "compile_Sample" VALUES(1065,2,37,NULL,NULL,NULL,NULL,NULL,0.002792,0.006113,0.011516,NULL,NULL);
INSERT INTO "compile_Sample" VALUES(1066,2,37,NULL,NULL,NULL,NULL,NULL,0.002872,0.006091,0.011618,NULL,NULL);
INSERT INTO "compile_Sample" VALUES(1067,2,37,NULL,NULL,NULL,NULL,NULL,0.002884,0.006007,0.0117,NULL,NULL);
INSERT INTO "compile_Sample" VALUES(1068,2,37,NULL,NULL,NULL,NULL,NULL,0.002888,0.006635,0.012206,NULL,NULL);
INSERT INTO "compile_Sample" VALUES(1069,2,37,NULL,NULL,NULL,NULL,NULL,0.002882,0.006332,0.011894,NULL,NULL);
INSERT INTO "compile_Sample" VALUES(1070,2,37,NULL,NULL,NULL,NULL,NULL,0.002873,0.006505,0.011797,NULL,NULL);
INSERT INTO "compile_Sample" VALUES(1071,2,37,NULL,NULL,NULL,NULL,NULL,0.002975,0.006406,0.012067,NULL,NULL);
INSERT INTO "compile_Sample" VALUES(1072,2,37,NULL,NULL,NULL,NULL,NULL,0.003003,0.006943,0.012403,NULL,NULL);
INSERT INTO "compile_Sample" VALUES(1073,2,37,NULL,NULL,NULL,NULL,NULL,0.00303,0.006682,0.012362,NULL,NULL);
INSERT INTO "compile_Sample" VALUES(1074,2,37,NULL,NULL,NULL,NULL,NULL,0.002856,0.005904,0.011386,NULL,NULL);
INSERT INTO "compile_Sample" VALUES(1075,2,37,NULL,NULL,NULL,NULL,NULL,0.002909,0.006419,0.011914,NULL,NULL);
INSERT INTO "compile_Sample" VALUES(1076,2,37,NULL,NULL,NULL,NULL,NULL,0.002989,0.006302,0.01209,NULL,NULL);
INSERT INTO "compile_Sample" VALUES(1077,2,37,NULL,NULL,NULL,NULL,NULL,0.002932,0.006661,0.012264,NULL,NULL);
INSERT INTO "compile_Sample" VALUES(1078,2,37,NULL,NULL,NULL,NULL,NULL,0.002871,0.006712,0.011969,NULL,NULL);
INSERT INTO "compile_Sample" VALUES(1079,2,37,NULL,NULL,NULL,NULL,NULL,0.002904,0.006045,0.011655,NULL,NULL);
INSERT INTO "compile_Sample" VALUES(1080,2,37,NULL,NULL,NULL,NULL,NULL,0.00296,0.006318,0.011973,NULL,NULL);
INSERT INTO "compile_Sample" VALUES(1081,2,37,NULL,NULL,NULL,NULL,NULL,0.003012,0.006636,0.012421,NULL,NULL);
INSERT INTO "compile_Sample" VALUES(1082,2,37,NULL,NULL,NULL,NULL,NULL,0.002851,0.006443,0.011855,NULL,NULL);
INSERT INTO "compile_Sample" VALUES(1083,2,37,NULL,NULL,NULL,NULL,NULL,0.002819,0.006289,0.011371,NULL,NULL);
INSERT INTO "compile_Sample" VALUES(1084,2,37,NULL,NULL,NULL,NULL,NULL,0.002876,0.006431,0.011672,NULL,NULL);
INSERT INTO "compile_Sample" VALUES(1085,2,37,NULL,NULL,NULL,NULL,NULL,0.003009,0.006372,0.011968,NULL,NULL);
INSERT INTO "compile_Sample" VALUES(1086,2,37,NULL,NULL,NULL,NULL,NULL,0.002933,0.006418,0.012084,NULL,NULL);
INSERT INTO "compile_Sample" VALUES(1087,2,37,NULL,NULL,NULL,NULL,NULL,0.002895,0.0062,0.01206,NULL,NULL);
INSERT INTO "compile_Sample" VALUES(1088,2,37,NULL,NULL,NULL,NULL,NULL,0.002866,0.006295,0.011802,NULL,NULL);
INSERT INTO "compile_Sample" VALUES(1089,2,37,NULL,NULL,NULL,NULL,NULL,0.002913,0.006665,0.012354,NULL,NULL);
INSERT INTO "compile_Sample" VALUES(1090,2,37,NULL,NULL,NULL,NULL,NULL,0.002974,0.006664,0.012132,NULL,NULL);
INSERT INTO "compile_Sample" VALUES(1091,2,37,NULL,NULL,NULL,NULL,NULL,0.002937,0.006854,0.012306,NULL,NULL);
INSERT INTO "compile_Sample" VALUES(1092,2,37,NULL,NULL,NULL,NULL,NULL,0.00311,0.006774,0.012728,NULL,NULL);
INSERT INTO "compile_Sample" VALUES(1093,2,37,NULL,NULL,NULL,NULL,NULL,0.00293,0.006712,0.012353,NULL,NULL);
INSERT INTO "compile_Sample" VALUES(1094,2,37,NULL,NULL,NULL,NULL,NULL,0.002944,0.006996,0.01243,NULL,NULL);
INSERT INTO "compile_Sample" VALUES(1095,2,37,NULL,NULL,NULL,NULL,NULL,0.002942,0.006711,0.012379,NULL,NULL);
INSERT INTO "compile_Sample" VALUES(1096,2,37,NULL,NULL,NULL,NULL,NULL,0.00297,0.00654,0.01218,NULL,NULL);
INSERT INTO "compile_Sample" VALUES(1097,2,37,NULL,NULL,NULL,NULL,NULL,0.00281,0.006026,0.011346,NULL,NULL);
INSERT INTO "compile_Sample" VALUES(1098,2,37,NULL,NULL,NULL,NULL,NULL,0.002789,0.00598,0.011287,NULL,NULL);
INSERT INTO "compile_Sample" VALUES(1099,2,37,NULL,NULL,NULL,NULL,NULL,0.003054,0.006151,0.012113,NULL,NULL);
INSERT INTO "compile_Sample" VALUES(1100,2,37,NULL,NULL,NULL,NULL,NULL,0.00294,0.006762,0.012513,NULL,NULL);
INSERT INTO "compile_Sample" VALUES(1101,2,37,NULL,NULL,NULL,NULL,NULL,0.002942,0.006542,0.012111,NULL,NULL);
INSERT INTO "compile_Sample" VALUES(1102,2,37,NULL,NULL,NULL,NULL,NULL,0.002831,0.0063,0.011814,NULL,NULL);
INSERT INTO "compile_Sample" VALUES(1103,2,37,NULL,NULL,NULL,NULL,NULL,0.002845,0.006229,0.011634,NULL,NULL);
INSERT INTO "compile_Sample" VALUES(1104,2,37,NULL,NULL,NULL,NULL,NULL,0.002934,0.006228,0.011862,NULL,NULL);
INSERT INTO "compile_Sample" VALUES(1105,2,37,NULL,NULL,NULL,NULL,NULL,0.003027,0.006331,0.012263,NULL,NULL);
INSERT INTO "compile_Sample" VALUES(1106,2,37,NULL,NULL,NULL,NULL,NULL,0.002898,0.006282,0.011886,NULL,NULL);
INSERT INTO "compile_Sample" VALUES(1107,2,37,NULL,NULL,NULL,NULL,NULL,0.002838,0.006118,0.011545,NULL,NULL);
INSERT INTO "compile_Sample" VALUES(1108,2,37,NULL,NULL,NULL,NULL,NULL,0.002912,0.006197,0.011811,NULL,NULL);
INSERT INTO "compile_Sample" VALUES(1109,2,37,NULL,NULL,NULL,NULL,NULL,0.003008,0.00684,0.012319,NULL,NULL);
INSERT INTO "compile_Sample" VALUES(1110,2,37,NULL,NULL,NULL,NULL,NULL,0.002951,0.006411,0.012192,NULL,NULL);
INSERT INTO "compile_Sample" VALUES(1111,2,37,NULL,NULL,NULL,NULL,NULL,0.003109,0.006851,0.012548,NULL,NULL);
INSERT INTO "compile_Sample" VALUES(1112,2,37,NULL,NULL,NULL,NULL,NULL,0.002854,0.006767,0.012074,NULL,NULL);
INSERT INTO "compile_Sample" VALUES(1113,2,37,NULL,NULL,NULL,NULL,NULL,0.003029,0.006468,0.012311,NULL,NULL);
INSERT INTO "compile_Sample" VALUES(1114,2,37,NULL,NULL,NULL,NULL,NULL,0.003028,0.006796,0.012721,NULL,NULL);
INSERT INTO "compile_Sample" VALUES(1115,2,37,NULL,NULL,NULL,NULL,NULL,0.002879,0.006692,0.012283,NULL,NULL);
INSERT INTO "compile_Sample" VALUES(1116,2,37,NULL,NULL,NULL,NULL,NULL,0.002903,0.006407,0.011993,NULL,NULL);
INSERT INTO "compile_Sample" VALUES(1117,2,37,NULL,NULL,NULL,NULL,NULL,0.003176,0.007083,0.013015,NULL,NULL);
INSERT INTO "compile_Sample" VALUES(1118,2,37,NULL,NULL,NULL,NULL,NULL,0.002944,0.006867,0.012602,NULL,NULL);
INSERT INTO "compile_Sample" VALUES(1119,2,37,NULL,NULL,NULL,NULL,NULL,0.002875,0.006578,0.012069,NULL,NULL);
INSERT INTO "compile_Sample" VALUES(1120,2,37,NULL,NULL,NULL,NULL,NULL,0.003008,0.00664,0.012085,NULL,NULL);
INSERT INTO "compile_Sample" VALUES(1121,2,37,NULL,NULL,NULL,NULL,NULL,0.00286,0.006399,0.011807,NULL,NULL);
INSERT INTO "compile_Sample" VALUES(1122,2,37,NULL,NULL,NULL,NULL,NULL,0.002828,0.00607,0.01157,NULL,NULL);
INSERT INTO "compile_Sample" VALUES(1123,2,37,NULL,NULL,NULL,NULL,NULL,0.002908,0.006766,0.012185,NULL,NULL);
INSERT INTO "compile_Sample" VALUES(1124,2,37,NULL,NULL,NULL,NULL,NULL,0.002928,0.006108,0.011802,NULL,NULL);
INSERT INTO "compile_Sample" VALUES(1125,2,37,NULL,NULL,NULL,NULL,NULL,0.002952,0.006374,0.012121,NULL,NULL);
INSERT INTO "compile_Sample" VALUES(1126,2,28,NULL,NULL,NULL,NULL,NULL,0.002865,0.006682,0.012215,NULL,NULL);
INSERT INTO "compile_Sample" VALUES(1127,2,28,NULL,NULL,NULL,NULL,NULL,0.002944,0.006308,0.012067,NULL,NULL);
INSERT INTO "compile_Sample" VALUES(1128,2,28,NULL,NULL,NULL,NULL,NULL,0.003001,0.006922,0.012663,NULL,NULL);
INSERT INTO "compile_Sample" VALUES(1129,2,28,NULL,NULL,NULL,NULL,NULL,0.002818,0.006294,0.011686,NULL,NULL);
INSERT INTO "compile_Sample" VALUES(1130,2,28,NULL,NULL,NULL,NULL,NULL,0.002898,0.006208,0.011785,NULL,NULL);
INSERT INTO "compile_Sample" VALUES(1131,2,28,NULL,NULL,NULL,NULL,NULL,0.00299,0.00633,0.012022,NULL,NULL);
INSERT INTO "compile_Sample" VALUES(1132,2,28,NULL,NULL,NULL,NULL,NULL,0.002965,0.006804,0.012584,NULL,NULL);
INSERT INTO "compile_Sample" VALUES(1133,2,28,NULL,NULL,NULL,NULL,NULL,0.002889,0.006552,0.012217,NULL,NULL);
INSERT INTO "compile_Sample" VALUES(1134,2,28,NULL,NULL,NULL,NULL,NULL,0.002854,0.006275,0.011694,NULL,NULL);
INSERT INTO "compile_Sample" VALUES(1135,2,28,NULL,NULL,NULL,NULL,NULL,0.002876,0.006226,0.011926,NULL,NULL);
INSERT INTO "compile_Sample" VALUES(1136,2,28,NULL,NULL,NULL,NULL,NULL,0.002953,0.006882,0.012174,NULL,NULL);
INSERT INTO "compile_Sample" VALUES(1137,2,28,NULL,NULL,NULL,NULL,NULL,0.002798,0.00601,0.01134,NULL,NULL);
INSERT INTO "compile_Sample" VALUES(1138,2,28,NULL,NULL,NULL,NULL,NULL,0.002831,0.005774,0.011302,NULL,NULL);
INSERT INTO "compile_Sample" VALUES(1139,2,28,NULL,NULL,NULL,NULL,NULL,0.00289,0.006497,0.011834,NULL,NULL);
INSERT INTO "compile_Sample" VALUES(1140,2,28,NULL,NULL,NULL,NULL,NULL,0.003007,0.00662,0.012483,NULL,NULL);
INSERT INTO "compile_Sample" VALUES(1141,2,28,NULL,NULL,NULL,NULL,NULL,0.002947,0.006958,0.012688,NULL,NULL);
INSERT INTO "compile_Sample" VALUES(1142,2,28,NULL,NULL,NULL,NULL,NULL,0.003013,0.006801,0.012638,NULL,NULL);
INSERT INTO "compile_Sample" VALUES(1143,2,28,NULL,NULL,NULL,NULL,NULL,0.002944,0.006382,0.012059,NULL,NULL);
INSERT INTO "compile_Sample" VALUES(1144,2,28,NULL,NULL,NULL,NULL,NULL,0.002862,0.006145,0.011614,NULL,NULL);
INSERT INTO "compile_Sample" VALUES(1145,2,28,NULL,NULL,NULL,NULL,NULL,0.002875,0.00647,0.011796,NULL,NULL);
INSERT INTO "compile_Sample" VALUES(1146,2,28,NULL,NULL,NULL,NULL,NULL,0.002959,0.006574,0.012372,NULL,NULL);
INSERT INTO "compile_Sample" VALUES(1147,2,28,NULL,NULL,NULL,NULL,NULL,0.00292,0.006569,0.0122,NULL,NULL);
INSERT INTO "compile_Sample" VALUES(1148,2,28,NULL,NULL,NULL,NULL,NULL,0.002818,0.006446,0.011456,NULL,NULL);
INSERT INTO "compile_Sample" VALUES(1149,2,28,NULL,NULL,NULL,NULL,NULL,0.00306,0.006724,0.012781,NULL,NULL);
INSERT INTO "compile_Sample" VALUES(1150,2,28,NULL,NULL,NULL,NULL,NULL,0.00302,0.007188,0.012858,NULL,NULL);
INSERT INTO "compile_Sample" VALUES(1151,2,28,NULL,NULL,NULL,NULL,NULL,0.003,0.006597,0.012572,NULL,NULL);
INSERT INTO "compile_Sample" VALUES(1152,2,28,NULL,NULL,NULL,NULL,NULL,0.002866,0.006587,0.012135,NULL,NULL);
INSERT INTO "compile_Sample" VALUES(1153,2,28,NULL,NULL,NULL,NULL,NULL,0.002893,0.006743,0.01202,NULL,NULL);
INSERT INTO "compile_Sample" VALUES(1154,2,28,NULL,NULL,NULL,NULL,NULL,0.002882,0.006234,0.011689,NULL,NULL);
INSERT INTO "compile_Sample" VALUES(1155,2,28,NULL,NULL,NULL,NULL,NULL,0.002942,0.006589,0.012159,NULL,NULL);
INSERT INTO "compile_Sample" VALUES(1156,2,28,NULL,NULL,NULL,NULL,NULL,0.002865,0.006461,0.011872,NULL,NULL);
INSERT INTO "compile_Sample" VALUES(1157,2,28,NULL,NULL,NULL,NULL,NULL,0.002867,0.006303,0.011678,NULL,NULL);
INSERT INTO "compile_Sample" VALUES(1158,2,28,NULL,NULL,NULL,NULL,NULL,0.00311,0.006747,0.012702,NULL,NULL);
INSERT INTO "compile_Sample" VALUES(1159,2,28,NULL,NULL,NULL,NULL,NULL,0.002925,0.0072,0.01277,NULL,NULL);
INSERT INTO "compile_Sample" VALUES(1160,2,28,NULL,NULL,NULL,NULL,NULL,0.002906,0.006313,0.011913,NULL,NULL);
INSERT INTO "compile_Sample" VALUES(1161,2,28,NULL,NULL,NULL,NULL,NULL,0.002854,0.006353,0.011658,NULL,NULL);
INSERT INTO "compile_Sample" VALUES(1162,2,28,NULL,NULL,NULL,NULL,NULL,0.002942,0.006447,0.012109,NULL,NULL);
INSERT INTO "compile_Sample" VALUES(1163,2,28,NULL,NULL,NULL,NULL,NULL,0.002886,0.006589,0.01219,NULL,NULL);
INSERT INTO "compile_Sample" VALUES(1164,2,28,NULL,NULL,NULL,NULL,NULL,0.002879,0.006222,0.011732,NULL,NULL);
INSERT INTO "compile_Sample" VALUES(1165,2,28,NULL,NULL,NULL,NULL,NULL,0.002905,0.006492,0.011878,NULL,NULL);
INSERT INTO "compile_Sample" VALUES(1166,2,28,NULL,NULL,NULL,NULL,NULL,0.002881,0.006538,0.011837,NULL,NULL);
INSERT INTO "compile_Sample" VALUES(1167,2,28,NULL,NULL,NULL,NULL,NULL,0.002969,0.006359,0.012096,NULL,NULL);
INSERT INTO "compile_Sample" VALUES(1168,2,28,NULL,NULL,NULL,NULL,NULL,0.002951,0.006671,0.012385,NULL,NULL);
INSERT INTO "compile_Sample" VALUES(1169,2,28,NULL,NULL,NULL,NULL,NULL,0.002965,0.006348,0.012078,NULL,NULL);
INSERT INTO "compile_Sample" VALUES(1170,2,28,NULL,NULL,NULL,NULL,NULL,0.002936,0.006321,0.01205,NULL,NULL);
INSERT INTO "compile_Sample" VALUES(1171,2,28,NULL,NULL,NULL,NULL,NULL,0.002921,0.00648,0.012138,NULL,NULL);
INSERT INTO "compile_Sample" VALUES(1172,2,28,NULL,NULL,NULL,NULL,NULL,0.002903,0.006344,0.011927,NULL,NULL);
INSERT INTO "compile_Sample" VALUES(1173,2,28,NULL,NULL,NULL,NULL,NULL,0.003002,0.006252,0.012043,NULL,NULL);
INSERT INTO "compile_Sample" VALUES(1174,2,28,NULL,NULL,NULL,NULL,NULL,0.002823,0.006184,0.011657,NULL,NULL);
INSERT INTO "compile_Sample" VALUES(1175,2,28,NULL,NULL,NULL,NULL,NULL,0.002856,0.006134,0.011648,NULL,NULL);
INSERT INTO "compile_Sample" VALUES(1176,2,28,NULL,NULL,NULL,NULL,NULL,0.00294,0.006691,0.012178,NULL,NULL);
INSERT INTO "compile_Sample" VALUES(1177,2,28,NULL,NULL,NULL,NULL,NULL,0.002958,0.006809,0.012503,NULL,NULL);
INSERT INTO "compile_Sample" VALUES(1178,2,28,NULL,NULL,NULL,NULL,NULL,0.002786,0.006073,0.011517,NULL,NULL);
INSERT INTO "compile_Sample" VALUES(1179,2,28,NULL,NULL,NULL,NULL,NULL,0.003033,0.006314,0.012344,NULL,NULL);
INSERT INTO "compile_Sample" VALUES(1180,2,28,NULL,NULL,NULL,NULL,NULL,0.003008,0.007107,0.013065,NULL,NULL);
INSERT INTO "compile_Sample" VALUES(1181,2,28,NULL,NULL,NULL,NULL,NULL,0.003022,0.006904,0.012832,NULL,NULL);
INSERT INTO "compile_Sample" VALUES(1182,2,28,NULL,NULL,NULL,NULL,NULL,0.00302,0.006832,0.012815,NULL,NULL);
INSERT INTO "compile_Sample" VALUES(1183,2,28,NULL,NULL,NULL,NULL,NULL,0.003051,0.006997,0.013,NULL,NULL);
INSERT INTO "compile_Sample" VALUES(1184,2,28,NULL,NULL,NULL,NULL,NULL,0.00292,0.006849,0.012487,NULL,NULL);
INSERT INTO "compile_Sample" VALUES(1185,2,28,NULL,NULL,NULL,NULL,NULL,0.003029,0.006977,0.012952,NULL,NULL);
INSERT INTO "compile_Sample" VALUES(1186,2,28,NULL,NULL,NULL,NULL,NULL,0.00316,0.007389,0.01338,NULL,NULL);
INSERT INTO "compile_Sample" VALUES(1187,2,28,NULL,NULL,NULL,NULL,NULL,0.003276,0.007441,0.013665,NULL,NULL);
INSERT INTO "compile_Sample" VALUES(1188,2,28,NULL,NULL,NULL,NULL,NULL,0.003026,0.00691,0.012833,NULL,NULL);
INSERT INTO "compile_Sample" VALUES(1189,2,28,NULL,NULL,NULL,NULL,NULL,0.003241,0.007216,0.013562,NULL,NULL);
INSERT INTO "compile_Sample" VALUES(1190,2,28,NULL,NULL,NULL,NULL,NULL,0.002959,0.007109,0.01286,NULL,NULL);
INSERT INTO "compile_Sample" VALUES(1191,2,28,NULL,NULL,NULL,NULL,NULL,0.002962,0.006726,0.012639,NULL,NULL);
INSERT INTO "compile_Sample" VALUES(1192,2,28,NULL,NULL,NULL,NULL,NULL,0.002996,0.00709,0.012868,NULL,NULL);
INSERT INTO "compile_Sample" VALUES(1193,2,28,NULL,NULL,NULL,NULL,NULL,0.00362,0.008683,0.015607,NULL,NULL);
INSERT INTO "compile_Sample" VALUES(1194,2,28,NULL,NULL,NULL,NULL,NULL,0.00304,0.007358,0.013282,NULL,NULL);
INSERT INTO "compile_Sample" VALUES(1195,2,28,NULL,NULL,NULL,NULL,NULL,0.003007,0.006994,0.012954,NULL,NULL);
INSERT INTO "compile_Sample" VALUES(1196,2,28,NULL,NULL,NULL,NULL,NULL,0.003066,0.007199,0.01317,NULL,NULL);
INSERT INTO "compile_Sample" VALUES(1197,2,28,NULL,NULL,NULL,NULL,NULL,0.002972,0.006808,0.012685,NULL,NULL);
INSERT INTO "compile_Sample" VALUES(1198,2,28,NULL,NULL,NULL,NULL,NULL,0.002907,0.006583,0.012325,NULL,NULL);
INSERT INTO "compile_Sample" VALUES(1199,2,28,NULL,NULL,NULL,NULL,NULL,0.003102,0.006946,0.012921,NULL,NULL);
INSERT INTO "compile_Sample" VALUES(1200,2,28,NULL,NULL,NULL,NULL,NULL,0.002998,0.007149,0.012784,NULL,NULL);
INSERT INTO "compile_Sample" VALUES(1201,2,28,NULL,NULL,NULL,NULL,NULL,0.00302,0.007112,0.0132,NULL,NULL);
INSERT INTO "compile_Sample" VALUES(1202,2,28,NULL,NULL,NULL,NULL,NULL,0.002944,0.007004,0.012902,NULL,NULL);
INSERT INTO "compile_Sample" VALUES(1203,2,28,NULL,NULL,NULL,NULL,NULL,0.002904,0.006755,0.012534,NULL,NULL);
INSERT INTO "compile_Sample" VALUES(1204,2,28,NULL,NULL,NULL,NULL,NULL,0.002954,0.006817,0.012688,NULL,NULL);
INSERT INTO "compile_Sample" VALUES(1205,2,28,NULL,NULL,NULL,NULL,NULL,0.003027,0.006713,0.012577,NULL,NULL);
INSERT INTO "compile_Sample" VALUES(1206,2,28,NULL,NULL,NULL,NULL,NULL,0.002818,0.006105,0.011473,NULL,NULL);
INSERT INTO "compile_Sample" VALUES(1207,2,28,NULL,NULL,NULL,NULL,NULL,0.002918,0.006148,0.011812,NULL,NULL);
INSERT INTO "compile_Sample" VALUES(1208,2,28,NULL,NULL,NULL,NULL,NULL,0.002838,0.006168,0.011596,NULL,NULL);
INSERT INTO "compile_Sample" VALUES(1209,2,28,NULL,NULL,NULL,NULL,NULL,0.00281,0.005813,0.011341,NULL,NULL);
INSERT INTO "compile_Sample" VALUES(1210,2,28,NULL,NULL,NULL,NULL,NULL,0.002958,0.007095,0.01255,NULL,NULL);
INSERT INTO "compile_Sample" VALUES(1211,2,28,NULL,NULL,NULL,NULL,NULL,0.002997,0.006749,0.012634,NULL,NULL);
INSERT INTO "compile_Sample" VALUES(1212,2,28,NULL,NULL,NULL,NULL,NULL,0.002841,0.006629,0.011954,NULL,NULL);
INSERT INTO "compile_Sample" VALUES(1213,2,28,NULL,NULL,NULL,NULL,NULL,0.002848,0.006269,0.011677,NULL,NULL);
INSERT INTO "compile_Sample" VALUES(1214,2,28,NULL,NULL,NULL,NULL,NULL,0.002887,0.006274,0.011828,NULL,NULL);
INSERT INTO "compile_Sample" VALUES(1215,2,28,NULL,NULL,NULL,NULL,NULL,0.002943,0.006567,0.01218,NULL,NULL);
INSERT INTO "compile_Sample" VALUES(1216,2,28,NULL,NULL,NULL,NULL,NULL,0.002843,0.006119,0.011633,NULL,NULL);
INSERT INTO "compile_Sample" VALUES(1217,2,28,NULL,NULL,NULL,NULL,NULL,0.002778,0.005944,0.011182,NULL,NULL);
INSERT INTO "compile_Sample" VALUES(1218,2,28,NULL,NULL,NULL,NULL,NULL,0.002854,0.006003,0.011483,NULL,NULL);
INSERT INTO "compile_Sample" VALUES(1219,2,28,NULL,NULL,NULL,NULL,NULL,0.002888,0.006262,0.011896,NULL,NULL);
INSERT INTO "compile_Sample" VALUES(1220,2,28,NULL,NULL,NULL,NULL,NULL,0.003035,0.007299,0.013079,NULL,NULL);
INSERT INTO "compile_Sample" VALUES(1221,2,28,NULL,NULL,NULL,NULL,NULL,0.002906,0.006434,0.012095,NULL,NULL);
INSERT INTO "compile_Sample" VALUES(1222,2,28,NULL,NULL,NULL,NULL,NULL,0.002912,0.006247,0.011868,NULL,NULL);
INSERT INTO "compile_Sample" VALUES(1223,2,28,NULL,NULL,NULL,NULL,NULL,0.002911,0.006221,0.012048,NULL,NULL);
INSERT INTO "compile_Sample" VALUES(1224,2,28,NULL,NULL,NULL,NULL,NULL,0.002928,0.006933,0.012515,NULL,NULL);
INSERT INTO "compile_Sample" VALUES(1225,2,28,NULL,NULL,NULL,NULL,NULL,0.002819,0.006171,0.011757,NULL,NULL);
INSERT INTO "compile_Sample" VALUES(1226,2,38,NULL,NULL,NULL,NULL,NULL,0.002934,0.008428,0.015945,NULL,NULL);
INSERT INTO "compile_Sample" VALUES(1227,2,38,NULL,NULL,NULL,NULL,NULL,0.002801,0.005214,0.010298,NULL,NULL);
INSERT INTO "compile_Sample" VALUES(1228,2,38,NULL,NULL,NULL,NULL,NULL,0.002794,0.005382,0.010474,NULL,NULL);
INSERT INTO "compile_Sample" VALUES(1229,2,38,NULL,NULL,NULL,NULL,NULL,0.002941,0.005833,0.01103,NULL,NULL);
INSERT INTO "compile_Sample" VALUES(1230,2,38,NULL,NULL,NULL,NULL,NULL,0.002891,0.005733,0.011156,NULL,NULL);
INSERT INTO "compile_Sample" VALUES(1231,2,38,NULL,NULL,NULL,NULL,NULL,0.002867,0.005676,0.010766,NULL,NULL);
INSERT INTO "compile_Sample" VALUES(1232,2,38,NULL,NULL,NULL,NULL,NULL,0.002903,0.005667,0.011074,NULL,NULL);
INSERT INTO "compile_Sample" VALUES(1233,2,38,NULL,NULL,NULL,NULL,NULL,0.002941,0.006531,0.012162,NULL,NULL);
INSERT INTO "compile_Sample" VALUES(1234,2,38,NULL,NULL,NULL,NULL,NULL,0.002814,0.006383,0.011605,NULL,NULL);
INSERT INTO "compile_Sample" VALUES(1235,2,38,NULL,NULL,NULL,NULL,NULL,0.002904,0.006283,0.011562,NULL,NULL);
INSERT INTO "compile_Sample" VALUES(1236,2,38,NULL,NULL,NULL,NULL,NULL,0.003096,0.006982,0.012969,NULL,NULL);
INSERT INTO "compile_Sample" VALUES(1237,2,38,NULL,NULL,NULL,NULL,NULL,0.002936,0.006411,0.011963,NULL,NULL);
INSERT INTO "compile_Sample" VALUES(1238,2,38,NULL,NULL,NULL,NULL,NULL,0.002793,0.005843,0.011132,NULL,NULL);
INSERT INTO "compile_Sample" VALUES(1239,2,38,NULL,NULL,NULL,NULL,NULL,0.002781,0.005719,0.010926,NULL,NULL);
INSERT INTO "compile_Sample" VALUES(1240,2,38,NULL,NULL,NULL,NULL,NULL,0.002814,0.005723,0.011021,NULL,NULL);
INSERT INTO "compile_Sample" VALUES(1241,2,38,NULL,NULL,NULL,NULL,NULL,0.002849,0.005996,0.011239,NULL,NULL);
INSERT INTO "compile_Sample" VALUES(1242,2,38,NULL,NULL,NULL,NULL,NULL,0.003136,0.00697,0.012827,NULL,NULL);
INSERT INTO "compile_Sample" VALUES(1243,2,38,NULL,NULL,NULL,NULL,NULL,0.002911,0.006413,0.011963,NULL,NULL);
INSERT INTO "compile_Sample" VALUES(1244,2,38,NULL,NULL,NULL,NULL,NULL,0.002923,0.006441,0.011865,NULL,NULL);
INSERT INTO "compile_Sample" VALUES(1245,2,38,NULL,NULL,NULL,NULL,NULL,0.002905,0.006627,0.011965,NULL,NULL);
INSERT INTO "compile_Sample" VALUES(1246,2,38,NULL,NULL,NULL,NULL,NULL,0.002895,0.006392,0.011836,NULL,NULL);
INSERT INTO "compile_Sample" VALUES(1247,2,38,NULL,NULL,NULL,NULL,NULL,0.002883,0.006195,0.011755,NULL,NULL);
INSERT INTO "compile_Sample" VALUES(1248,2,38,NULL,NULL,NULL,NULL,NULL,0.00287,0.00645,0.012036,NULL,NULL);
INSERT INTO "compile_Sample" VALUES(1249,2,38,NULL,NULL,NULL,NULL,NULL,0.002884,0.006423,0.012027,NULL,NULL);
INSERT INTO "compile_Sample" VALUES(1250,2,38,NULL,NULL,NULL,NULL,NULL,0.00287,0.006544,0.012114,NULL,NULL);
INSERT INTO "compile_Sample" VALUES(1251,2,38,NULL,NULL,NULL,NULL,NULL,0.003028,0.006823,0.01266,NULL,NULL);
INSERT INTO "compile_Sample" VALUES(1252,2,38,NULL,NULL,NULL,NULL,NULL,0.002856,0.006589,0.012154,NULL,NULL);
INSERT INTO "compile_Sample" VALUES(1253,2,38,NULL,NULL,NULL,NULL,NULL,0.002767,0.006047,0.011388,NULL,NULL);
INSERT INTO "compile_Sample" VALUES(1254,2,38,NULL,NULL,NULL,NULL,NULL,0.002788,0.00588,0.011193,NULL,NULL);
INSERT INTO "compile_Sample" VALUES(1255,2,38,NULL,NULL,NULL,NULL,NULL,0.002923,0.006281,0.012022,NULL,NULL);
INSERT INTO "compile_Sample" VALUES(1256,2,38,NULL,NULL,NULL,NULL,NULL,0.002905,0.006303,0.012024,NULL,NULL);
INSERT INTO "compile_Sample" VALUES(1257,2,38,NULL,NULL,NULL,NULL,NULL,0.002938,0.006551,0.012221,NULL,NULL);
INSERT INTO "compile_Sample" VALUES(1258,2,38,NULL,NULL,NULL,NULL,NULL,0.002816,0.006047,0.011487,NULL,NULL);
INSERT INTO "compile_Sample" VALUES(1259,2,38,NULL,NULL,NULL,NULL,NULL,0.003002,0.00657,0.012527,NULL,NULL);
INSERT INTO "compile_Sample" VALUES(1260,2,38,NULL,NULL,NULL,NULL,NULL,0.002992,0.006975,0.012915,NULL,NULL);
INSERT INTO "compile_Sample" VALUES(1261,2,38,NULL,NULL,NULL,NULL,NULL,0.00291,0.006823,0.01225,NULL,NULL);
INSERT INTO "compile_Sample" VALUES(1262,2,38,NULL,NULL,NULL,NULL,NULL,0.002838,0.00643,0.011793,NULL,NULL);
INSERT INTO "compile_Sample" VALUES(1263,2,38,NULL,NULL,NULL,NULL,NULL,0.002968,0.006798,0.012448,NULL,NULL);
INSERT INTO "compile_Sample" VALUES(1264,2,38,NULL,NULL,NULL,NULL,NULL,0.002872,0.006408,0.012021,NULL,NULL);
INSERT INTO "compile_Sample" VALUES(1265,2,38,NULL,NULL,NULL,NULL,NULL,0.002915,0.006534,0.01207,NULL,NULL);
INSERT INTO "compile_Sample" VALUES(1266,2,38,NULL,NULL,NULL,NULL,NULL,0.002953,0.006568,0.012232,NULL,NULL);
INSERT INTO "compile_Sample" VALUES(1267,2,38,NULL,NULL,NULL,NULL,NULL,0.002771,0.006061,0.011479,NULL,NULL);
INSERT INTO "compile_Sample" VALUES(1268,2,38,NULL,NULL,NULL,NULL,NULL,0.002758,0.005987,0.011156,NULL,NULL);
INSERT INTO "compile_Sample" VALUES(1269,2,38,NULL,NULL,NULL,NULL,NULL,0.002942,0.007108,0.012777,NULL,NULL);
INSERT INTO "compile_Sample" VALUES(1270,2,38,NULL,NULL,NULL,NULL,NULL,0.002832,0.006513,0.011999,NULL,NULL);
INSERT INTO "compile_Sample" VALUES(1271,2,38,NULL,NULL,NULL,NULL,NULL,0.002882,0.006089,0.011633,NULL,NULL);
INSERT INTO "compile_Sample" VALUES(1272,2,38,NULL,NULL,NULL,NULL,NULL,0.002965,0.006804,0.012351,NULL,NULL);
INSERT INTO "compile_Sample" VALUES(1273,2,38,NULL,NULL,NULL,NULL,NULL,0.002919,0.006744,0.012188,NULL,NULL);
INSERT INTO "compile_Sample" VALUES(1274,2,38,NULL,NULL,NULL,NULL,NULL,0.00286,0.006134,0.011637,NULL,NULL);
INSERT INTO "compile_Sample" VALUES(1275,2,38,NULL,NULL,NULL,NULL,NULL,0.00287,0.006274,0.011911,NULL,NULL);
INSERT INTO "compile_Sample" VALUES(1276,2,38,NULL,NULL,NULL,NULL,NULL,0.002863,0.006556,0.01217,NULL,NULL);
INSERT INTO "compile_Sample" VALUES(1277,2,38,NULL,NULL,NULL,NULL,NULL,0.002948,0.006081,0.01163,NULL,NULL);
INSERT INTO "compile_Sample" VALUES(1278,2,38,NULL,NULL,NULL,NULL,NULL,0.003014,0.006674,0.012358,NULL,NULL);
INSERT INTO "compile_Sample" VALUES(1279,2,38,NULL,NULL,NULL,NULL,NULL,0.002869,0.006601,0.012121,NULL,NULL);
INSERT INTO "compile_Sample" VALUES(1280,2,38,NULL,NULL,NULL,NULL,NULL,0.00299,0.006837,0.012321,NULL,NULL);
INSERT INTO "compile_Sample" VALUES(1281,2,38,NULL,NULL,NULL,NULL,NULL,0.002903,0.006966,0.012265,NULL,NULL);
INSERT INTO "compile_Sample" VALUES(1282,2,38,NULL,NULL,NULL,NULL,NULL,0.002843,0.006402,0.011779,NULL,NULL);
INSERT INTO "compile_Sample" VALUES(1283,2,38,NULL,NULL,NULL,NULL,NULL,0.002866,0.006142,0.011719,NULL,NULL);
INSERT INTO "compile_Sample" VALUES(1284,2,38,NULL,NULL,NULL,NULL,NULL,0.002858,0.00632,0.011917,NULL,NULL);
INSERT INTO "compile_Sample" VALUES(1285,2,38,NULL,NULL,NULL,NULL,NULL,0.002835,0.006119,0.011581,NULL,NULL);
INSERT INTO "compile_Sample" VALUES(1286,2,38,NULL,NULL,NULL,NULL,NULL,0.002802,0.006001,0.011534,NULL,NULL);
INSERT INTO "compile_Sample" VALUES(1287,2,38,NULL,NULL,NULL,NULL,NULL,0.002986,0.006791,0.012544,NULL,NULL);
INSERT INTO "compile_Sample" VALUES(1288,2,38,NULL,NULL,NULL,NULL,NULL,0.003055,0.007079,0.012887,NULL,NULL);
INSERT INTO "compile_Sample" VALUES(1289,2,38,NULL,NULL,NULL,NULL,NULL,0.00284,0.006409,0.011889,NULL,NULL);
INSERT INTO "compile_Sample" VALUES(1290,2,38,NULL,NULL,NULL,NULL,NULL,0.002798,0.005885,0.011283,NULL,NULL);
INSERT INTO "compile_Sample" VALUES(1291,2,38,NULL,NULL,NULL,NULL,NULL,0.002845,0.006253,0.011555,NULL,NULL);
INSERT INTO "compile_Sample" VALUES(1292,2,38,NULL,NULL,NULL,NULL,NULL,0.002833,0.006278,0.011464,NULL,NULL);
INSERT INTO "compile_Sample" VALUES(1293,2,38,NULL,NULL,NULL,NULL,NULL,0.00294,0.006618,0.012384,NULL,NULL);
INSERT INTO "compile_Sample" VALUES(1294,2,38,NULL,NULL,NULL,NULL,NULL,0.002775,0.006774,0.012231,NULL,NULL);
INSERT INTO "compile_Sample" VALUES(1295,2,38,NULL,NULL,NULL,NULL,NULL,0.002846,0.006073,0.011641,NULL,NULL);
INSERT INTO "compile_Sample" VALUES(1296,2,38,NULL,NULL,NULL,NULL,NULL,0.002925,0.006308,0.012006,NULL,NULL);
INSERT INTO "compile_Sample" VALUES(1297,2,38,NULL,NULL,NULL,NULL,NULL,0.003007,0.007011,0.012919,NULL,NULL);
INSERT INTO "compile_Sample" VALUES(1298,2,38,NULL,NULL,NULL,NULL,NULL,0.002881,0.006575,0.012159,NULL,NULL);
INSERT INTO "compile_Sample" VALUES(1299,2,38,NULL,NULL,NULL,NULL,NULL,0.002865,0.006341,0.011911,NULL,NULL);
INSERT INTO "compile_Sample" VALUES(1300,2,38,NULL,NULL,NULL,NULL,NULL,0.002856,0.006086,0.01161,NULL,NULL);
INSERT INTO "compile_Sample" VALUES(1301,2,38,NULL,NULL,NULL,NULL,NULL,0.002803,0.006142,0.011502,NULL,NULL);
INSERT INTO "compile_Sample" VALUES(1302,2,38,NULL,NULL,NULL,NULL,NULL,0.002876,0.006239,0.011807,NULL,NULL);
INSERT INTO "compile_Sample" VALUES(1303,2,38,NULL,NULL,NULL,NULL,NULL,0.002728,0.005796,0.011126,NULL,NULL);
INSERT INTO "compile_Sample" VALUES(1304,2,38,NULL,NULL,NULL,NULL,NULL,0.002825,0.005639,0.011067,NULL,NULL);
INSERT INTO "compile_Sample" VALUES(1305,2,38,NULL,NULL,NULL,NULL,NULL,0.002824,0.006118,0.011478,NULL,NULL);
INSERT INTO "compile_Sample" VALUES(1306,2,38,NULL,NULL,NULL,NULL,NULL,0.002925,0.006499,0.012196,NULL,NULL);
INSERT INTO "compile_Sample" VALUES(1307,2,38,NULL,NULL,NULL,NULL,NULL,0.002832,0.006471,0.011828,NULL,NULL);
INSERT INTO "compile_Sample" VALUES(1308,2,38,NULL,NULL,NULL,NULL,NULL,0.002944,0.006393,0.012133,NULL,NULL);
INSERT INTO "compile_Sample" VALUES(1309,2,38,NULL,NULL,NULL,NULL,NULL,0.002843,0.006258,0.011778,NULL,NULL);
INSERT INTO "compile_Sample" VALUES(1310,2,38,NULL,NULL,NULL,NULL,NULL,0.002882,0.006366,0.011823,NULL,NULL);
INSERT INTO "compile_Sample" VALUES(1311,2,38,NULL,NULL,NULL,NULL,NULL,0.002837,0.006339,0.011782,NULL,NULL);
INSERT INTO "compile_Sample" VALUES(1312,2,38,NULL,NULL,NULL,NULL,NULL,0.002923,0.006388,0.012022,NULL,NULL);
INSERT INTO "compile_Sample" VALUES(1313,2,38,NULL,NULL,NULL,NULL,NULL,0.002798,0.006057,0.011527,NULL,NULL);
INSERT INTO "compile_Sample" VALUES(1314,2,38,NULL,NULL,NULL,NULL,NULL,0.002978,0.006613,0.012351,NULL,NULL);
INSERT INTO "compile_Sample" VALUES(1315,2,38,NULL,NULL,NULL,NULL,NULL,0.002949,0.006669,0.012428,NULL,NULL);
INSERT INTO "compile_Sample" VALUES(1316,2,38,NULL,NULL,NULL,NULL,NULL,0.002922,0.006485,0.012209,NULL,NULL);
INSERT INTO "compile_Sample" VALUES(1317,2,38,NULL,NULL,NULL,NULL,NULL,0.002856,0.006826,0.012024,NULL,NULL);
INSERT INTO "compile_Sample" VALUES(1318,2,38,NULL,NULL,NULL,NULL,NULL,0.002898,0.006224,0.011856,NULL,NULL);
INSERT INTO "compile_Sample" VALUES(1319,2,38,NULL,NULL,NULL,NULL,NULL,0.00291,0.006554,0.012015,NULL,NULL);
INSERT INTO "compile_Sample" VALUES(1320,2,38,NULL,NULL,NULL,NULL,NULL,0.002811,0.006245,0.011745,NULL,NULL);
INSERT INTO "compile_Sample" VALUES(1321,2,38,NULL,NULL,NULL,NULL,NULL,0.002769,0.00593,0.011281,NULL,NULL);
INSERT INTO "compile_Sample" VALUES(1322,2,38,NULL,NULL,NULL,NULL,NULL,0.002779,0.005871,0.011109,NULL,NULL);
INSERT INTO "compile_Sample" VALUES(1323,2,38,NULL,NULL,NULL,NULL,NULL,0.002986,0.006364,0.012141,NULL,NULL);
INSERT INTO "compile_Sample" VALUES(1324,2,38,NULL,NULL,NULL,NULL,NULL,0.002981,0.006799,0.012592,NULL,NULL);
INSERT INTO "compile_Sample" VALUES(1325,2,38,NULL,NULL,NULL,NULL,NULL,0.00293,0.006767,0.012216,NULL,NULL);
INSERT INTO "compile_Sample" VALUES(1326,3,36,NULL,NULL,NULL,NULL,NULL,0.002883,0.006557,0.012244,NULL,831488.0);
INSERT INTO "compile_Sample" VALUES(1327,3,36,NULL,NULL,NULL,NULL,NULL,0.002926,0.006374,0.011901,NULL,761856.0);
INSERT INTO "compile_Sample" VALUES(1328,3,36,NULL,NULL,NULL,NULL,NULL,0.002986,0.006986,0.012698,NULL,704512.0);
INSERT INTO "compile_Sample" VALUES(1329,3,36,NULL,NULL,NULL,NULL,NULL,0.00307,0.007453,0.013323,NULL,724992.0);
INSERT INTO "compile_Sample" VALUES(1330,3,36,NULL,NULL,NULL,NULL,NULL,0.002918,0.006817,0.012371,NULL,716800.0);
INSERT INTO "compile_Sample" VALUES(1331,3,36,NULL,NULL,NULL,NULL,NULL,0.003014,0.006273,0.012046,NULL,708608.0);
INSERT INTO "compile_Sample" VALUES(1332,3,36,NULL,NULL,NULL,NULL,NULL,0.002898,0.006307,0.011932,NULL,733184.0);
INSERT INTO "compile_Sample" VALUES(1333,3,36,NULL,NULL,NULL,NULL,NULL,0.002869,0.006291,0.011701,NULL,724992.0);
INSERT INTO "compile_Sample" VALUES(1334,3,36,NULL,NULL,NULL,NULL,NULL,0.00289,0.006357,0.011902,NULL,737280.0);
INSERT INTO "compile_Sample" VALUES(1335,3,36,NULL,NULL,NULL,NULL,NULL,0.002958,0.006058,0.011813,NULL,749568.0);
INSERT INTO "compile_Sample" VALUES(1336,3,36,NULL,NULL,NULL,NULL,NULL,0.002749,0.005539,0.010864,NULL,761856.0);
INSERT INTO "compile_Sample" VALUES(1337,3,36,NULL,NULL,NULL,NULL,NULL,0.003065,0.007056,0.01293,NULL,729088.0);
INSERT INTO "compile_Sample" VALUES(1338,3,36,NULL,NULL,NULL,NULL,NULL,0.002896,0.006813,0.012446,NULL,815104.0);
INSERT INTO "compile_Sample" VALUES(1339,3,36,NULL,NULL,NULL,NULL,NULL,0.002981,0.006815,0.01237,NULL,757760.0);
INSERT INTO "compile_Sample" VALUES(1340,3,36,NULL,NULL,NULL,NULL,NULL,0.002852,0.006606,0.011994,NULL,774144.0);
INSERT INTO "compile_Sample" VALUES(1341,3,36,NULL,NULL,NULL,NULL,NULL,0.002889,0.006632,0.012087,NULL,753664.0);
INSERT INTO "compile_Sample" VALUES(1342,3,36,NULL,NULL,NULL,NULL,NULL,0.002851,0.006142,0.011744,NULL,778240.0);
INSERT INTO "compile_Sample" VALUES(1343,3,36,NULL,NULL,NULL,NULL,NULL,0.00291,0.006305,0.011808,NULL,741376.0);
INSERT INTO "compile_Sample" VALUES(1344,3,36,NULL,NULL,NULL,NULL,NULL,0.002815,0.005919,0.011303,NULL,749568.0);
INSERT INTO "compile_Sample" VALUES(1345,3,36,NULL,NULL,NULL,NULL,NULL,0.002957,0.006023,0.011672,NULL,745472.0);
INSERT INTO "compile_Sample" VALUES(1346,3,36,NULL,NULL,NULL,NULL,NULL,0.002849,0.006067,0.011848,NULL,724992.0);
INSERT INTO "compile_Sample" VALUES(1347,3,36,NULL,NULL,NULL,NULL,NULL,0.002917,0.006924,0.012479,NULL,724992.0);
INSERT INTO "compile_Sample" VALUES(1348,3,36,NULL,NULL,NULL,NULL,NULL,0.002945,0.00643,0.012186,NULL,716800.0);
INSERT INTO "compile_Sample" VALUES(1349,3,36,NULL,NULL,NULL,NULL,NULL,0.002838,0.006426,0.011936,NULL,782336.0);
INSERT INTO "compile_Sample" VALUES(1350,3,36,NULL,NULL,NULL,NULL,NULL,0.002849,0.006338,0.011869,NULL,688128.0);
INSERT INTO "compile_Sample" VALUES(1351,3,36,NULL,NULL,NULL,NULL,NULL,0.002843,0.006355,0.011599,NULL,745472.0);
INSERT INTO "compile_Sample" VALUES(1352,3,36,NULL,NULL,NULL,NULL,NULL,0.002888,0.006061,0.011798,NULL,733184.0);
INSERT INTO "compile_Sample" VALUES(1353,3,36,NULL,NULL,NULL,NULL,NULL,0.002705,0.005771,0.011028,NULL,745472.0);
INSERT INTO "compile_Sample" VALUES(1354,3,36,NULL,NULL,NULL,NULL,NULL,0.002839,0.005857,0.011351,NULL,761856.0);
INSERT INTO "compile_Sample" VALUES(1355,3,36,NULL,NULL,NULL,NULL,NULL,0.002716,0.006057,0.011216,NULL,774144.0);
INSERT INTO "compile_Sample" VALUES(1356,3,36,NULL,NULL,NULL,NULL,NULL,0.003129,0.007194,0.013155,NULL,729088.0);
INSERT INTO "compile_Sample" VALUES(1357,3,36,NULL,NULL,NULL,NULL,NULL,0.002856,0.006449,0.012031,NULL,745472.0);
INSERT INTO "compile_Sample" VALUES(1358,3,36,NULL,NULL,NULL,NULL,NULL,0.002851,0.006554,0.011982,NULL,688128.0);
INSERT INTO "compile_Sample" VALUES(1359,3,36,NULL,NULL,NULL,NULL,NULL,0.00289,0.006567,0.012073,NULL,700416.0);
INSERT INTO "compile_Sample" VALUES(1360,3,36,NULL,NULL,NULL,NULL,NULL,0.002862,0.006373,0.011942,NULL,757760.0);
INSERT INTO "compile_Sample" VALUES(1361,3,36,NULL,NULL,NULL,NULL,NULL,0.002778,0.006137,0.011496,NULL,753664.0);
INSERT INTO "compile_Sample" VALUES(1362,3,36,NULL,NULL,NULL,NULL,NULL,0.002906,0.006034,0.011713,NULL,757760.0);
INSERT INTO "compile_Sample" VALUES(1363,3,36,NULL,NULL,NULL,NULL,NULL,0.002926,0.00639,0.012173,NULL,761856.0);
INSERT INTO "compile_Sample" VALUES(1364,3,36,NULL,NULL,NULL,NULL,NULL,0.002876,0.006624,0.012001,NULL,749568.0);
INSERT INTO "compile_Sample" VALUES(1365,3,36,NULL,NULL,NULL,NULL,NULL,0.003036,0.007046,0.012902,NULL,696320.0);
INSERT INTO "compile_Sample" VALUES(1366,3,36,NULL,NULL,NULL,NULL,NULL,0.002882,0.006793,0.012144,NULL,741376.0);
INSERT INTO "compile_Sample" VALUES(1367,3,36,NULL,NULL,NULL,NULL,NULL,0.002879,0.006674,0.012168,NULL,720896.0);
INSERT INTO "compile_Sample" VALUES(1368,3,36,NULL,NULL,NULL,NULL,NULL,0.002809,0.006168,0.011565,NULL,737280.0);
INSERT INTO "compile_Sample" VALUES(1369,3,36,NULL,NULL,NULL,NULL,NULL,0.002772,0.005812,0.011194,NULL,737280.0);
INSERT INTO "compile_Sample" VALUES(1370,3,36,NULL,NULL,NULL,NULL,NULL,0.002906,0.006209,0.011674,NULL,704512.0);
INSERT INTO "compile_Sample" VALUES(1371,3,36,NULL,NULL,NULL,NULL,NULL,0.002911,0.006619,0.012146,NULL,802816.0);
INSERT INTO "compile_Sample" VALUES(1372,3,36,NULL,NULL,NULL,NULL,NULL,0.002966,0.006321,0.012092,NULL,753664.0);
INSERT INTO "compile_Sample" VALUES(1373,3,36,NULL,NULL,NULL,NULL,NULL,0.002898,0.0064,0.01197,NULL,733184.0);
INSERT INTO "compile_Sample" VALUES(1374,3,36,NULL,NULL,NULL,NULL,NULL,0.003098,0.006805,0.012863,NULL,708608.0);
INSERT INTO "compile_Sample" VALUES(1375,3,36,NULL,NULL,NULL,NULL,NULL,0.002943,0.007143,0.012796,NULL,720896.0);
INSERT INTO "compile_Sample" VALUES(1376,3,36,NULL,NULL,NULL,NULL,NULL,0.002807,0.006247,0.01166,NULL,774144.0);
INSERT INTO "compile_Sample" VALUES(1377,3,36,NULL,NULL,NULL,NULL,NULL,0.002858,0.005934,0.011441,NULL,679936.0);
INSERT INTO "compile_Sample" VALUES(1378,3,36,NULL,NULL,NULL,NULL,NULL,0.002855,0.006275,0.011552,NULL,745472.0);
INSERT INTO "compile_Sample" VALUES(1379,3,36,NULL,NULL,NULL,NULL,NULL,0.002887,0.006627,0.011896,NULL,733184.0);
INSERT INTO "compile_Sample" VALUES(1380,3,36,NULL,NULL,NULL,NULL,NULL,0.002956,0.006561,0.012133,NULL,720896.0);
INSERT INTO "compile_Sample" VALUES(1381,3,36,NULL,NULL,NULL,NULL,NULL,0.002898,0.006192,0.0118,NULL,737280.0);
INSERT INTO "compile_Sample" VALUES(1382,3,36,NULL,NULL,NULL,NULL,NULL,0.002905,0.006287,0.011988,NULL,737280.0);
INSERT INTO "compile_Sample" VALUES(1383,3,36,NULL,NULL,NULL,NULL,NULL,0.003058,0.006928,0.012654,NULL,753664.0);
INSERT INTO "compile_Sample" VALUES(1384,3,36,NULL,NULL,NULL,NULL,NULL,0.002857,0.006824,0.0124,NULL,733184.0);
INSERT INTO "compile_Sample" VALUES(1385,3,36,NULL,NULL,NULL,NULL,NULL,0.003153,0.006501,0.012601,NULL,782336.0);
INSERT INTO "compile_Sample" VALUES(1386,3,36,NULL,NULL,NULL,NULL,NULL,0.002915,0.006821,0.012635,NULL,724992.0);
INSERT INTO "compile_Sample" VALUES(1387,3,36,NULL,NULL,NULL,NULL,NULL,0.002902,0.007059,0.012582,NULL,757760.0);
INSERT INTO "compile_Sample" VALUES(1388,3,36,NULL,NULL,NULL,NULL,NULL,0.002982,0.006496,0.012151,NULL,700416.0);
INSERT INTO "compile_Sample" VALUES(1389,3,36,NULL,NULL,NULL,NULL,NULL,0.002836,0.006244,0.011738,NULL,770048.0);
INSERT INTO "compile_Sample" VALUES(1390,3,36,NULL,NULL,NULL,NULL,NULL,0.00284,0.006408,0.011666,NULL,741376.0);
INSERT INTO "compile_Sample" VALUES(1391,3,36,NULL,NULL,NULL,NULL,NULL,0.002895,0.006128,0.011698,NULL,720896.0);
INSERT INTO "compile_Sample" VALUES(1392,3,36,NULL,NULL,NULL,NULL,NULL,0.00296,0.006482,0.012187,NULL,729088.0);
INSERT INTO "compile_Sample" VALUES(1393,3,36,NULL,NULL,NULL,NULL,NULL,0.002955,0.00684,0.012468,NULL,737280.0);
INSERT INTO "compile_Sample" VALUES(1394,3,36,NULL,NULL,NULL,NULL,NULL,0.002878,0.006529,0.011835,NULL,716800.0);
INSERT INTO "compile_Sample" VALUES(1395,3,36,NULL,NULL,NULL,NULL,NULL,0.002857,0.006536,0.011831,NULL,733184.0);
INSERT INTO "compile_Sample" VALUES(1396,3,36,NULL,NULL,NULL,NULL,NULL,0.002996,0.006833,0.012337,NULL,716800.0);
INSERT INTO "compile_Sample" VALUES(1397,3,36,NULL,NULL,NULL,NULL,NULL,0.002895,0.006212,0.011788,NULL,733184.0);
INSERT INTO "compile_Sample" VALUES(1398,3,36,NULL,NULL,NULL,NULL,NULL,0.003009,0.0069,0.012683,NULL,753664.0);
INSERT INTO "compile_Sample" VALUES(1399,3,36,NULL,NULL,NULL,NULL,NULL,0.0028,0.006391,0.011608,NULL,729088.0);
INSERT INTO "compile_Sample" VALUES(1400,3,36,NULL,NULL,NULL,NULL,NULL,0.002882,0.006089,0.011598,NULL,757760.0);
INSERT INTO "compile_Sample" VALUES(1401,3,36,NULL,NULL,NULL,NULL,NULL,0.003002,0.006847,0.01247,NULL,778240.0);
INSERT INTO "compile_Sample" VALUES(1402,3,36,NULL,NULL,NULL,NULL,NULL,0.002832,0.006498,0.011983,NULL,774144.0);
INSERT INTO "compile_Sample" VALUES(1403,3,36,NULL,NULL,NULL,NULL,NULL,0.002749,0.006257,0.011284,NULL,708608.0);
INSERT INTO "compile_Sample" VALUES(1404,3,36,NULL,NULL,NULL,NULL,NULL,0.003012,0.006348,0.012274,NULL,782336.0);
INSERT INTO "compile_Sample" VALUES(1405,3,36,NULL,NULL,NULL,NULL,NULL,0.002921,0.006426,0.012055,NULL,765952.0);
INSERT INTO "compile_Sample" VALUES(1406,3,36,NULL,NULL,NULL,NULL,NULL,0.002856,0.0063,0.011734,NULL,753664.0);
INSERT INTO "compile_Sample" VALUES(1407,3,36,NULL,NULL,NULL,NULL,NULL,0.00293,0.006382,0.011909,NULL,806912.0);
INSERT INTO "compile_Sample" VALUES(1408,3,36,NULL,NULL,NULL,NULL,NULL,0.002841,0.006153,0.01158,NULL,741376.0);
INSERT INTO "compile_Sample" VALUES(1409,3,36,NULL,NULL,NULL,NULL,NULL,0.002766,0.006117,0.011241,NULL,765952.0);
INSERT INTO "compile_Sample" VALUES(1410,3,36,NULL,NULL,NULL,NULL,NULL,0.002949,0.006347,0.012008,NULL,790528.0);
INSERT INTO "compile_Sample" VALUES(1411,3,36,NULL,NULL,NULL,NULL,NULL,0.002915,0.006824,0.012512,NULL,720896.0);
INSERT INTO "compile_Sample" VALUES(1412,3,36,NULL,NULL,NULL,NULL,NULL,0.002915,0.006586,0.012238,NULL,749568.0);
INSERT INTO "compile_Sample" VALUES(1413,3,36,NULL,NULL,NULL,NULL,NULL,0.002898,0.006735,0.012138,NULL,741376.0);
INSERT INTO "compile_Sample" VALUES(1414,3,36,NULL,NULL,NULL,NULL,NULL,0.002821,0.006009,0.011375,NULL,782336.0);
INSERT INTO "compile_Sample" VALUES(1415,3,36,NULL,NULL,NULL,NULL,NULL,0.002805,0.005906,0.011283,NULL,774144.0);
INSERT INTO "compile_Sample" VALUES(1416,3,36,NULL,NULL,NULL,NULL,NULL,0.002994,0.006729,0.012164,NULL,704512.0);
INSERT INTO "compile_Sample" VALUES(1417,3,36,NULL,NULL,NULL,NULL,NULL,0.002823,0.006311,0.011705,NULL,753664.0);
INSERT INTO "compile_Sample" VALUES(1418,3,36,NULL,NULL,NULL,NULL,NULL,0.002836,0.006356,0.011564,NULL,770048.0);
INSERT INTO "compile_Sample" VALUES(1419,3,36,NULL,NULL,NULL,NULL,NULL,0.002879,0.00631,0.011766,NULL,770048.0);
INSERT INTO "compile_Sample" VALUES(1420,3,36,NULL,NULL,NULL,NULL,NULL,0.002956,0.006628,0.012354,NULL,786432.0);
INSERT INTO "compile_Sample" VALUES(1421,3,36,NULL,NULL,NULL,NULL,NULL,0.003006,0.006817,0.012404,NULL,761856.0);
INSERT INTO "compile_Sample" VALUES(1422,3,36,NULL,NULL,NULL,NULL,NULL,0.002819,0.006578,0.011977,NULL,778240.0);
INSERT INTO "compile_Sample" VALUES(1423,3,36,NULL,NULL,NULL,NULL,NULL,0.002889,0.006613,0.012033,NULL,741376.0);
INSERT INTO "compile_Sample" VALUES(1424,3,36,NULL,NULL,NULL,NULL,NULL,0.002913,0.006308,0.011891,NULL,802816.0);
INSERT INTO "compile_Sample" VALUES(1425,3,36,NULL,NULL,NULL,NULL,NULL,0.002981,0.006484,0.012154,NULL,757760.0);
INSERT INTO "compile_Sample" VALUES(1426,3,37,NULL,NULL,NULL,NULL,NULL,0.003049,0.00659,0.01246,NULL,708608.0);
INSERT INTO "compile_Sample" VALUES(1427,3,37,NULL,NULL,NULL,NULL,NULL,0.002912,0.006485,0.01206,NULL,724992.0);
INSERT INTO "compile_Sample" VALUES(1428,3,37,NULL,NULL,NULL,NULL,NULL,0.002924,0.006532,0.01204,NULL,757760.0);
INSERT INTO "compile_Sample" VALUES(1429,3,37,NULL,NULL,NULL,NULL,NULL,0.002967,0.006695,0.012405,NULL,782336.0);
INSERT INTO "compile_Sample" VALUES(1430,3,37,NULL,NULL,NULL,NULL,NULL,0.00293,0.006354,0.011813,NULL,815104.0);
INSERT INTO "compile_Sample" VALUES(1431,3,37,NULL,NULL,NULL,NULL,NULL,0.003029,0.006802,0.012331,NULL,757760.0);
INSERT INTO "compile_Sample" VALUES(1432,3,37,NULL,NULL,NULL,NULL,NULL,0.002949,0.007068,0.012672,NULL,741376.0);
INSERT INTO "compile_Sample" VALUES(1433,3,37,NULL,NULL,NULL,NULL,NULL,0.00294,0.006509,0.012275,NULL,704512.0);
INSERT INTO "compile_Sample" VALUES(1434,3,37,NULL,NULL,NULL,NULL,NULL,0.002922,0.006568,0.012202,NULL,712704.0);
INSERT INTO "compile_Sample" VALUES(1435,3,37,NULL,NULL,NULL,NULL,NULL,0.002852,0.006414,0.011739,NULL,745472.0);
INSERT INTO "compile_Sample" VALUES(1436,3,37,NULL,NULL,NULL,NULL,NULL,0.002911,0.006436,0.012053,NULL,761856.0);
INSERT INTO "compile_Sample" VALUES(1437,3,37,NULL,NULL,NULL,NULL,NULL,0.002998,0.006558,0.012242,NULL,798720.0);
INSERT INTO "compile_Sample" VALUES(1438,3,37,NULL,NULL,NULL,NULL,NULL,0.002866,0.005984,0.011567,NULL,802816.0);
INSERT INTO "compile_Sample" VALUES(1439,3,37,NULL,NULL,NULL,NULL,NULL,0.003069,0.006467,0.012311,NULL,729088.0);
INSERT INTO "compile_Sample" VALUES(1440,3,37,NULL,NULL,NULL,NULL,NULL,0.003101,0.006774,0.012976,NULL,778240.0);
INSERT INTO "compile_Sample" VALUES(1441,3,37,NULL,NULL,NULL,NULL,NULL,0.002992,0.007135,0.012857,NULL,724992.0);
INSERT INTO "compile_Sample" VALUES(1442,3,37,NULL,NULL,NULL,NULL,NULL,0.002844,0.006399,0.011925,NULL,712704.0);
INSERT INTO "compile_Sample" VALUES(1443,3,37,NULL,NULL,NULL,NULL,NULL,0.002791,0.006114,0.011379,NULL,753664.0);
INSERT INTO "compile_Sample" VALUES(1444,3,37,NULL,NULL,NULL,NULL,NULL,0.003023,0.006784,0.012513,NULL,745472.0);
INSERT INTO "compile_Sample" VALUES(1445,3,37,NULL,NULL,NULL,NULL,NULL,0.003028,0.006526,0.01238,NULL,761856.0);
INSERT INTO "compile_Sample" VALUES(1446,3,37,NULL,NULL,NULL,NULL,NULL,0.002952,0.006618,0.012346,NULL,778240.0);
INSERT INTO "compile_Sample" VALUES(1447,3,37,NULL,NULL,NULL,NULL,NULL,0.002857,0.006335,0.011956,NULL,741376.0);
INSERT INTO "compile_Sample" VALUES(1448,3,37,NULL,NULL,NULL,NULL,NULL,0.002971,0.006599,0.012138,NULL,782336.0);
INSERT INTO "compile_Sample" VALUES(1449,3,37,NULL,NULL,NULL,NULL,NULL,0.00305,0.006987,0.012922,NULL,733184.0);
INSERT INTO "compile_Sample" VALUES(1450,3,37,NULL,NULL,NULL,NULL,NULL,0.002996,0.007193,0.012872,NULL,770048.0);
INSERT INTO "compile_Sample" VALUES(1451,3,37,NULL,NULL,NULL,NULL,NULL,0.002916,0.007075,0.012725,NULL,806912.0);
INSERT INTO "compile_Sample" VALUES(1452,3,37,NULL,NULL,NULL,NULL,NULL,0.002953,0.006177,0.011881,NULL,724992.0);
INSERT INTO "compile_Sample" VALUES(1453,3,37,NULL,NULL,NULL,NULL,NULL,0.002883,0.006631,0.012048,NULL,720896.0);
INSERT INTO "compile_Sample" VALUES(1454,3,37,NULL,NULL,NULL,NULL,NULL,0.002848,0.006414,0.011974,NULL,741376.0);
INSERT INTO "compile_Sample" VALUES(1455,3,37,NULL,NULL,NULL,NULL,NULL,0.002889,0.00622,0.011671,NULL,786432.0);
INSERT INTO "compile_Sample" VALUES(1456,3,37,NULL,NULL,NULL,NULL,NULL,0.002957,0.006434,0.012153,NULL,733184.0);
INSERT INTO "compile_Sample" VALUES(1457,3,37,NULL,NULL,NULL,NULL,NULL,0.002926,0.006722,0.012109,NULL,819200.0);
INSERT INTO "compile_Sample" VALUES(1458,3,37,NULL,NULL,NULL,NULL,NULL,0.003203,0.007104,0.013326,NULL,753664.0);
INSERT INTO "compile_Sample" VALUES(1459,3,37,NULL,NULL,NULL,NULL,NULL,0.002926,0.006749,0.012429,NULL,765952.0);
INSERT INTO "compile_Sample" VALUES(1460,3,37,NULL,NULL,NULL,NULL,NULL,0.002906,0.006606,0.011978,NULL,737280.0);
INSERT INTO "compile_Sample" VALUES(1461,3,37,NULL,NULL,NULL,NULL,NULL,0.002889,0.00651,0.012127,NULL,720896.0);
INSERT INTO "compile_Sample" VALUES(1462,3,37,NULL,NULL,NULL,NULL,NULL,0.002851,0.005995,0.011513,NULL,745472.0);
INSERT INTO "compile_Sample" VALUES(1463,3,37,NULL,NULL,NULL,NULL,NULL,0.002946,0.006498,0.011977,NULL,802816.0);
INSERT INTO "compile_Sample" VALUES(1464,3,37,NULL,NULL,NULL,NULL,NULL,0.002887,0.006072,0.01155,NULL,757760.0);
INSERT INTO "compile_Sample" VALUES(1465,3,37,NULL,NULL,NULL,NULL,NULL,0.002943,0.006339,0.012003,NULL,757760.0);
INSERT INTO "compile_Sample" VALUES(1466,3,37,NULL,NULL,NULL,NULL,NULL,0.002883,0.006181,0.011716,NULL,794624.0);
INSERT INTO "compile_Sample" VALUES(1467,3,37,NULL,NULL,NULL,NULL,NULL,0.003133,0.006501,0.012643,NULL,733184.0);
INSERT INTO "compile_Sample" VALUES(1468,3,37,NULL,NULL,NULL,NULL,NULL,0.002958,0.007116,0.012764,NULL,737280.0);
INSERT INTO "compile_Sample" VALUES(1469,3,37,NULL,NULL,NULL,NULL,NULL,0.002853,0.006364,0.011853,NULL,798720.0);
INSERT INTO "compile_Sample" VALUES(1470,3,37,NULL,NULL,NULL,NULL,NULL,0.002823,0.006111,0.011503,NULL,741376.0);
INSERT INTO "compile_Sample" VALUES(1471,3,37,NULL,NULL,NULL,NULL,NULL,0.002922,0.006041,0.011655,NULL,757760.0);
INSERT INTO "compile_Sample" VALUES(1472,3,37,NULL,NULL,NULL,NULL,NULL,0.002893,0.006104,0.011498,NULL,745472.0);
INSERT INTO "compile_Sample" VALUES(1473,3,37,NULL,NULL,NULL,NULL,NULL,0.003022,0.006457,0.012382,NULL,749568.0);
INSERT INTO "compile_Sample" VALUES(1474,3,37,NULL,NULL,NULL,NULL,NULL,0.002978,0.006678,0.012411,NULL,741376.0);
INSERT INTO "compile_Sample" VALUES(1475,3,37,NULL,NULL,NULL,NULL,NULL,0.002861,0.006376,0.011837,NULL,716800.0);
INSERT INTO "compile_Sample" VALUES(1476,3,37,NULL,NULL,NULL,NULL,NULL,0.00301,0.006469,0.012219,NULL,729088.0);
INSERT INTO "compile_Sample" VALUES(1477,3,37,NULL,NULL,NULL,NULL,NULL,0.002912,0.006685,0.012448,NULL,749568.0);
INSERT INTO "compile_Sample" VALUES(1478,3,37,NULL,NULL,NULL,NULL,NULL,0.002814,0.006277,0.011679,NULL,765952.0);
INSERT INTO "compile_Sample" VALUES(1479,3,37,NULL,NULL,NULL,NULL,NULL,0.002809,0.00589,0.011258,NULL,737280.0);
INSERT INTO "compile_Sample" VALUES(1480,3,37,NULL,NULL,NULL,NULL,NULL,0.002795,0.005981,0.011235,NULL,753664.0);
INSERT INTO "compile_Sample" VALUES(1481,3,37,NULL,NULL,NULL,NULL,NULL,0.002971,0.006405,0.011848,NULL,733184.0);
INSERT INTO "compile_Sample" VALUES(1482,3,37,NULL,NULL,NULL,NULL,NULL,0.002931,0.006483,0.01207,NULL,700416.0);
INSERT INTO "compile_Sample" VALUES(1483,3,37,NULL,NULL,NULL,NULL,NULL,0.002796,0.006052,0.011214,NULL,729088.0);
INSERT INTO "compile_Sample" VALUES(1484,3,37,NULL,NULL,NULL,NULL,NULL,0.002838,0.006057,0.011588,NULL,741376.0);
INSERT INTO "compile_Sample" VALUES(1485,3,37,NULL,NULL,NULL,NULL,NULL,0.003277,0.00723,0.013462,NULL,716800.0);
INSERT INTO "compile_Sample" VALUES(1486,3,37,NULL,NULL,NULL,NULL,NULL,0.003013,0.00707,0.013049,NULL,737280.0);
INSERT INTO "compile_Sample" VALUES(1487,3,37,NULL,NULL,NULL,NULL,NULL,0.002878,0.006446,0.011827,NULL,782336.0);
INSERT INTO "compile_Sample" VALUES(1488,3,37,NULL,NULL,NULL,NULL,NULL,0.002869,0.006425,0.011903,NULL,716800.0);
INSERT INTO "compile_Sample" VALUES(1489,3,37,NULL,NULL,NULL,NULL,NULL,0.002864,0.006311,0.011778,NULL,761856.0);
INSERT INTO "compile_Sample" VALUES(1490,3,37,NULL,NULL,NULL,NULL,NULL,0.002896,0.006202,0.011744,NULL,696320.0);
INSERT INTO "compile_Sample" VALUES(1491,3,37,NULL,NULL,NULL,NULL,NULL,0.002874,0.006365,0.011816,NULL,811008.0);
INSERT INTO "compile_Sample" VALUES(1492,3,37,NULL,NULL,NULL,NULL,NULL,0.002877,0.006111,0.011647,NULL,733184.0);
INSERT INTO "compile_Sample" VALUES(1493,3,37,NULL,NULL,NULL,NULL,NULL,0.003002,0.006247,0.01203,NULL,770048.0);
INSERT INTO "compile_Sample" VALUES(1494,3,37,NULL,NULL,NULL,NULL,NULL,0.003006,0.006715,0.012452,NULL,782336.0);
INSERT INTO "compile_Sample" VALUES(1495,3,37,NULL,NULL,NULL,NULL,NULL,0.002913,0.00698,0.012502,NULL,774144.0);
INSERT INTO "compile_Sample" VALUES(1496,3,37,NULL,NULL,NULL,NULL,NULL,0.002903,0.006628,0.012135,NULL,753664.0);
INSERT INTO "compile_Sample" VALUES(1497,3,37,NULL,NULL,NULL,NULL,NULL,0.002859,0.006518,0.011947,NULL,790528.0);
INSERT INTO "compile_Sample" VALUES(1498,3,37,NULL,NULL,NULL,NULL,NULL,0.002808,0.005809,0.011286,NULL,770048.0);
INSERT INTO "compile_Sample" VALUES(1499,3,37,NULL,NULL,NULL,NULL,NULL,0.002885,0.00641,0.012082,NULL,770048.0);
INSERT INTO "compile_Sample" VALUES(1500,3,37,NULL,NULL,NULL,NULL,NULL,0.002895,0.006255,0.011877,NULL,753664.0);
INSERT INTO "compile_Sample" VALUES(1501,3,37,NULL,NULL,NULL,NULL,NULL,0.002826,0.006097,0.011332,NULL,733184.0);
INSERT INTO "compile_Sample" VALUES(1502,3,37,NULL,NULL,NULL,NULL,NULL,0.002938,0.006345,0.011951,NULL,745472.0);
INSERT INTO "compile_Sample" VALUES(1503,3,37,NULL,NULL,NULL,NULL,NULL,0.002983,0.007299,0.012996,NULL,761856.0);
INSERT INTO "compile_Sample" VALUES(1504,3,37,NULL,NULL,NULL,NULL,NULL,0.002973,0.006867,0.01266,NULL,745472.0);
INSERT INTO "compile_Sample" VALUES(1505,3,37,NULL,NULL,NULL,NULL,NULL,0.002895,0.006349,0.011955,NULL,724992.0);
INSERT INTO "compile_Sample" VALUES(1506,3,37,NULL,NULL,NULL,NULL,NULL,0.002837,0.006405,0.011715,NULL,765952.0);
INSERT INTO "compile_Sample" VALUES(1507,3,37,NULL,NULL,NULL,NULL,NULL,0.002906,0.006419,0.011938,NULL,802816.0);
INSERT INTO "compile_Sample" VALUES(1508,3,37,NULL,NULL,NULL,NULL,NULL,0.002941,0.006156,0.011742,NULL,790528.0);
INSERT INTO "compile_Sample" VALUES(1509,3,37,NULL,NULL,NULL,NULL,NULL,0.002855,0.006279,0.011648,NULL,720896.0);
INSERT INTO "compile_Sample" VALUES(1510,3,37,NULL,NULL,NULL,NULL,NULL,0.002878,0.006063,0.011714,NULL,745472.0);
INSERT INTO "compile_Sample" VALUES(1511,3,37,NULL,NULL,NULL,NULL,NULL,0.002911,0.006807,0.012332,NULL,786432.0);
INSERT INTO "compile_Sample" VALUES(1512,3,37,NULL,NULL,NULL,NULL,NULL,0.00286,0.006451,0.011829,NULL,745472.0);
INSERT INTO "compile_Sample" VALUES(1513,3,37,NULL,NULL,NULL,NULL,NULL,0.002961,0.006836,0.012403,NULL,749568.0);
INSERT INTO "compile_Sample" VALUES(1514,3,37,NULL,NULL,NULL,NULL,NULL,0.002838,0.006448,0.01195,NULL,778240.0);
INSERT INTO "compile_Sample" VALUES(1515,3,37,NULL,NULL,NULL,NULL,NULL,0.002789,0.005935,0.011339,NULL,684032.0);
INSERT INTO "compile_Sample" VALUES(1516,3,37,NULL,NULL,NULL,NULL,NULL,0.002943,0.006394,0.01218,NULL,729088.0);
INSERT INTO "compile_Sample" VALUES(1517,3,37,NULL,NULL,NULL,NULL,NULL,0.00289,0.006564,0.011887,NULL,729088.0);
INSERT INTO "compile_Sample" VALUES(1518,3,37,NULL,NULL,NULL,NULL,NULL,0.002935,0.006509,0.012022,NULL,741376.0);
INSERT INTO "compile_Sample" VALUES(1519,3,37,NULL,NULL,NULL,NULL,NULL,0.00299,0.006631,0.012225,NULL,741376.0);
INSERT INTO "compile_Sample" VALUES(1520,3,37,NULL,NULL,NULL,NULL,NULL,0.002933,0.006688,0.012215,NULL,729088.0);
INSERT INTO "compile_Sample" VALUES(1521,3,37,NULL,NULL,NULL,NULL,NULL,0.002982,0.006506,0.012116,NULL,761856.0);
INSERT INTO "compile_Sample" VALUES(1522,3,37,NULL,NULL,NULL,NULL,NULL,0.002939,0.007007,0.012743,NULL,720896.0);
INSERT INTO "compile_Sample" VALUES(1523,3,37,NULL,NULL,NULL,NULL,NULL,0.002831,0.006369,0.011913,NULL,724992.0);
INSERT INTO "compile_Sample" VALUES(1524,3,37,NULL,NULL,NULL,NULL,NULL,0.002847,0.006282,0.011633,NULL,733184.0);
INSERT INTO "compile_Sample" VALUES(1525,3,37,NULL,NULL,NULL,NULL,NULL,0.002948,0.006697,0.01233,NULL,712704.0);
INSERT INTO "compile_Sample" VALUES(1526,3,28,NULL,NULL,NULL,NULL,NULL,0.00285,0.006426,0.012026,NULL,720896.0);
INSERT INTO "compile_Sample" VALUES(1527,3,28,NULL,NULL,NULL,NULL,NULL,0.003055,0.007092,0.01271,NULL,700416.0);
INSERT INTO "compile_Sample" VALUES(1528,3,28,NULL,NULL,NULL,NULL,NULL,0.002944,0.007175,0.012821,NULL,761856.0);
INSERT INTO "compile_Sample" VALUES(1529,3,28,NULL,NULL,NULL,NULL,NULL,0.002955,0.0075,0.013232,NULL,770048.0);
INSERT INTO "compile_Sample" VALUES(1530,3,28,NULL,NULL,NULL,NULL,NULL,0.002933,0.006789,0.012475,NULL,720896.0);
INSERT INTO "compile_Sample" VALUES(1531,3,28,NULL,NULL,NULL,NULL,NULL,0.002861,0.006535,0.011672,NULL,741376.0);
INSERT INTO "compile_Sample" VALUES(1532,3,28,NULL,NULL,NULL,NULL,NULL,0.003005,0.006445,0.011998,NULL,802816.0);
INSERT INTO "compile_Sample" VALUES(1533,3,28,NULL,NULL,NULL,NULL,NULL,0.002785,0.006144,0.011469,NULL,786432.0);
INSERT INTO "compile_Sample" VALUES(1534,3,28,NULL,NULL,NULL,NULL,NULL,0.00292,0.005993,0.011638,NULL,729088.0);
INSERT INTO "compile_Sample" VALUES(1535,3,28,NULL,NULL,NULL,NULL,NULL,0.002861,0.006178,0.011695,NULL,774144.0);
INSERT INTO "compile_Sample" VALUES(1536,3,28,NULL,NULL,NULL,NULL,NULL,0.003008,0.006783,0.012267,NULL,741376.0);
INSERT INTO "compile_Sample" VALUES(1537,3,28,NULL,NULL,NULL,NULL,NULL,0.002906,0.006629,0.012279,NULL,688128.0);
INSERT INTO "compile_Sample" VALUES(1538,3,28,NULL,NULL,NULL,NULL,NULL,0.002929,0.006446,0.012163,NULL,790528.0);
INSERT INTO "compile_Sample" VALUES(1539,3,28,NULL,NULL,NULL,NULL,NULL,0.002875,0.006471,0.012046,NULL,757760.0);
INSERT INTO "compile_Sample" VALUES(1540,3,28,NULL,NULL,NULL,NULL,NULL,0.002832,0.00617,0.011543,NULL,749568.0);
INSERT INTO "compile_Sample" VALUES(1541,3,28,NULL,NULL,NULL,NULL,NULL,0.002829,0.006156,0.01156,NULL,802816.0);
INSERT INTO "compile_Sample" VALUES(1542,3,28,NULL,NULL,NULL,NULL,NULL,0.002865,0.00615,0.011726,NULL,790528.0);
INSERT INTO "compile_Sample" VALUES(1543,3,28,NULL,NULL,NULL,NULL,NULL,0.002776,0.005895,0.011221,NULL,749568.0);
INSERT INTO "compile_Sample" VALUES(1544,3,28,NULL,NULL,NULL,NULL,NULL,0.002836,0.00579,0.011244,NULL,774144.0);
INSERT INTO "compile_Sample" VALUES(1545,3,28,NULL,NULL,NULL,NULL,NULL,0.00295,0.006466,0.011923,NULL,700416.0);
INSERT INTO "compile_Sample" VALUES(1546,3,28,NULL,NULL,NULL,NULL,NULL,0.002994,0.007266,0.012889,NULL,765952.0);
INSERT INTO "compile_Sample" VALUES(1547,3,28,NULL,NULL,NULL,NULL,NULL,0.002984,0.007393,0.01312,NULL,737280.0);
INSERT INTO "compile_Sample" VALUES(1548,3,28,NULL,NULL,NULL,NULL,NULL,0.002913,0.006803,0.012168,NULL,741376.0);
INSERT INTO "compile_Sample" VALUES(1549,3,28,NULL,NULL,NULL,NULL,NULL,0.002882,0.006251,0.011736,NULL,733184.0);
INSERT INTO "compile_Sample" VALUES(1550,3,28,NULL,NULL,NULL,NULL,NULL,0.002868,0.006288,0.011645,NULL,757760.0);
INSERT INTO "compile_Sample" VALUES(1551,3,28,NULL,NULL,NULL,NULL,NULL,0.002908,0.006273,0.011962,NULL,765952.0);
INSERT INTO "compile_Sample" VALUES(1552,3,28,NULL,NULL,NULL,NULL,NULL,0.002783,0.006243,0.011514,NULL,716800.0);
INSERT INTO "compile_Sample" VALUES(1553,3,28,NULL,NULL,NULL,NULL,NULL,0.002903,0.00641,0.011816,NULL,745472.0);
INSERT INTO "compile_Sample" VALUES(1554,3,28,NULL,NULL,NULL,NULL,NULL,0.002922,0.006419,0.012136,NULL,729088.0);
INSERT INTO "compile_Sample" VALUES(1555,3,28,NULL,NULL,NULL,NULL,NULL,0.003052,0.007296,0.013224,NULL,745472.0);
INSERT INTO "compile_Sample" VALUES(1556,3,28,NULL,NULL,NULL,NULL,NULL,0.002915,0.00685,0.012394,NULL,761856.0);
INSERT INTO "compile_Sample" VALUES(1557,3,28,NULL,NULL,NULL,NULL,NULL,0.00289,0.00617,0.011745,NULL,778240.0);
INSERT INTO "compile_Sample" VALUES(1558,3,28,NULL,NULL,NULL,NULL,NULL,0.002987,0.006413,0.012309,NULL,724992.0);
INSERT INTO "compile_Sample" VALUES(1559,3,28,NULL,NULL,NULL,NULL,NULL,0.003137,0.006736,0.012746,NULL,819200.0);
INSERT INTO "compile_Sample" VALUES(1560,3,28,NULL,NULL,NULL,NULL,NULL,0.002792,0.006374,0.011731,NULL,782336.0);
INSERT INTO "compile_Sample" VALUES(1561,3,28,NULL,NULL,NULL,NULL,NULL,0.002776,0.005793,0.011058,NULL,753664.0);
INSERT INTO "compile_Sample" VALUES(1562,3,28,NULL,NULL,NULL,NULL,NULL,0.002783,0.005727,0.01105,NULL,724992.0);
INSERT INTO "compile_Sample" VALUES(1563,3,28,NULL,NULL,NULL,NULL,NULL,0.002812,0.00569,0.0111,NULL,712704.0);
INSERT INTO "compile_Sample" VALUES(1564,3,28,NULL,NULL,NULL,NULL,NULL,0.002864,0.006533,0.012269,NULL,729088.0);
INSERT INTO "compile_Sample" VALUES(1565,3,28,NULL,NULL,NULL,NULL,NULL,0.002997,0.006804,0.012557,NULL,741376.0);
INSERT INTO "compile_Sample" VALUES(1566,3,28,NULL,NULL,NULL,NULL,NULL,0.002838,0.006193,0.011685,NULL,753664.0);
INSERT INTO "compile_Sample" VALUES(1567,3,28,NULL,NULL,NULL,NULL,NULL,0.002788,0.006197,0.011423,NULL,749568.0);
INSERT INTO "compile_Sample" VALUES(1568,3,28,NULL,NULL,NULL,NULL,NULL,0.002806,0.005966,0.011301,NULL,724992.0);
INSERT INTO "compile_Sample" VALUES(1569,3,28,NULL,NULL,NULL,NULL,NULL,0.002786,0.005678,0.010978,NULL,700416.0);
INSERT INTO "compile_Sample" VALUES(1570,3,28,NULL,NULL,NULL,NULL,NULL,0.002961,0.006138,0.01155,NULL,753664.0);
INSERT INTO "compile_Sample" VALUES(1571,3,28,NULL,NULL,NULL,NULL,NULL,0.002794,0.005719,0.011043,NULL,737280.0);
INSERT INTO "compile_Sample" VALUES(1572,3,28,NULL,NULL,NULL,NULL,NULL,0.0028,0.005628,0.010923,NULL,729088.0);
INSERT INTO "compile_Sample" VALUES(1573,3,28,NULL,NULL,NULL,NULL,NULL,0.003136,0.006914,0.012897,NULL,720896.0);
INSERT INTO "compile_Sample" VALUES(1574,3,28,NULL,NULL,NULL,NULL,NULL,0.002946,0.006667,0.012348,NULL,757760.0);
INSERT INTO "compile_Sample" VALUES(1575,3,28,NULL,NULL,NULL,NULL,NULL,0.002886,0.006358,0.011876,NULL,716800.0);
INSERT INTO "compile_Sample" VALUES(1576,3,28,NULL,NULL,NULL,NULL,NULL,0.003007,0.006884,0.012786,NULL,720896.0);
INSERT INTO "compile_Sample" VALUES(1577,3,28,NULL,NULL,NULL,NULL,NULL,0.002879,0.006656,0.0122,NULL,729088.0);
INSERT INTO "compile_Sample" VALUES(1578,3,28,NULL,NULL,NULL,NULL,NULL,0.002979,0.006398,0.012202,NULL,782336.0);
INSERT INTO "compile_Sample" VALUES(1579,3,28,NULL,NULL,NULL,NULL,NULL,0.002844,0.006289,0.011807,NULL,733184.0);
INSERT INTO "compile_Sample" VALUES(1580,3,28,NULL,NULL,NULL,NULL,NULL,0.002818,0.005972,0.01149,NULL,720896.0);
INSERT INTO "compile_Sample" VALUES(1581,3,28,NULL,NULL,NULL,NULL,NULL,0.002966,0.006429,0.012222,NULL,733184.0);
INSERT INTO "compile_Sample" VALUES(1582,3,28,NULL,NULL,NULL,NULL,NULL,0.003126,0.007128,0.013094,NULL,712704.0);
INSERT INTO "compile_Sample" VALUES(1583,3,28,NULL,NULL,NULL,NULL,NULL,0.002943,0.007155,0.012654,NULL,704512.0);
INSERT INTO "compile_Sample" VALUES(1584,3,28,NULL,NULL,NULL,NULL,NULL,0.003027,0.007016,0.012839,NULL,790528.0);
INSERT INTO "compile_Sample" VALUES(1585,3,28,NULL,NULL,NULL,NULL,NULL,0.002863,0.006801,0.012206,NULL,712704.0);
INSERT INTO "compile_Sample" VALUES(1586,3,28,NULL,NULL,NULL,NULL,NULL,0.002928,0.006501,0.012262,NULL,741376.0);
INSERT INTO "compile_Sample" VALUES(1587,3,28,NULL,NULL,NULL,NULL,NULL,0.002843,0.006584,0.012124,NULL,729088.0);
INSERT INTO "compile_Sample" VALUES(1588,3,28,NULL,NULL,NULL,NULL,NULL,0.002757,0.005849,0.01112,NULL,696320.0);
INSERT INTO "compile_Sample" VALUES(1589,3,28,NULL,NULL,NULL,NULL,NULL,0.00294,0.006995,0.01259,NULL,712704.0);
INSERT INTO "compile_Sample" VALUES(1590,3,28,NULL,NULL,NULL,NULL,NULL,0.002865,0.00654,0.012089,NULL,794624.0);
INSERT INTO "compile_Sample" VALUES(1591,3,28,NULL,NULL,NULL,NULL,NULL,0.003012,0.006379,0.012338,NULL,745472.0);
INSERT INTO "compile_Sample" VALUES(1592,3,28,NULL,NULL,NULL,NULL,NULL,0.002914,0.007048,0.012446,NULL,716800.0);
INSERT INTO "compile_Sample" VALUES(1593,3,28,NULL,NULL,NULL,NULL,NULL,0.002943,0.006473,0.012099,NULL,720896.0);
INSERT INTO "compile_Sample" VALUES(1594,3,28,NULL,NULL,NULL,NULL,NULL,0.002802,0.006027,0.011419,NULL,708608.0);
INSERT INTO "compile_Sample" VALUES(1595,3,28,NULL,NULL,NULL,NULL,NULL,0.002945,0.006546,0.012237,NULL,712704.0);
INSERT INTO "compile_Sample" VALUES(1596,3,28,NULL,NULL,NULL,NULL,NULL,0.00289,0.006342,0.011961,NULL,778240.0);
INSERT INTO "compile_Sample" VALUES(1597,3,28,NULL,NULL,NULL,NULL,NULL,0.002865,0.006078,0.011619,NULL,782336.0);
INSERT INTO "compile_Sample" VALUES(1598,3,28,NULL,NULL,NULL,NULL,NULL,0.002838,0.006092,0.011654,NULL,737280.0);
INSERT INTO "compile_Sample" VALUES(1599,3,28,NULL,NULL,NULL,NULL,NULL,0.002873,0.006245,0.011697,NULL,688128.0);
INSERT INTO "compile_Sample" VALUES(1600,3,28,NULL,NULL,NULL,NULL,NULL,0.003033,0.006572,0.012113,NULL,753664.0);
INSERT INTO "compile_Sample" VALUES(1601,3,28,NULL,NULL,NULL,NULL,NULL,0.002982,0.006757,0.012514,NULL,782336.0);
INSERT INTO "compile_Sample" VALUES(1602,3,28,NULL,NULL,NULL,NULL,NULL,0.002929,0.006625,0.012223,NULL,716800.0);
INSERT INTO "compile_Sample" VALUES(1603,3,28,NULL,NULL,NULL,NULL,NULL,0.003034,0.006928,0.012404,NULL,737280.0);
INSERT INTO "compile_Sample" VALUES(1604,3,28,NULL,NULL,NULL,NULL,NULL,0.002823,0.006232,0.011713,NULL,737280.0);
INSERT INTO "compile_Sample" VALUES(1605,3,28,NULL,NULL,NULL,NULL,NULL,0.002857,0.005924,0.0115,NULL,786432.0);
INSERT INTO "compile_Sample" VALUES(1606,3,28,NULL,NULL,NULL,NULL,NULL,0.002904,0.006317,0.011681,NULL,737280.0);
INSERT INTO "compile_Sample" VALUES(1607,3,28,NULL,NULL,NULL,NULL,NULL,0.002815,0.005905,0.011195,NULL,745472.0);
INSERT INTO "compile_Sample" VALUES(1608,3,28,NULL,NULL,NULL,NULL,NULL,0.002826,0.006017,0.011413,NULL,745472.0);
INSERT INTO "compile_Sample" VALUES(1609,3,28,NULL,NULL,NULL,NULL,NULL,0.002802,0.005897,0.01137,NULL,823296.0);
INSERT INTO "compile_Sample" VALUES(1610,3,28,NULL,NULL,NULL,NULL,NULL,0.002957,0.006879,0.012676,NULL,782336.0);
INSERT INTO "compile_Sample" VALUES(1611,3,28,NULL,NULL,NULL,NULL,NULL,0.002927,0.006799,0.012163,NULL,745472.0);
INSERT INTO "compile_Sample" VALUES(1612,3,28,NULL,NULL,NULL,NULL,NULL,0.002833,0.006166,0.011624,NULL,737280.0);
INSERT INTO "compile_Sample" VALUES(1613,3,28,NULL,NULL,NULL,NULL,NULL,0.00292,0.006346,0.011926,NULL,786432.0);
INSERT INTO "compile_Sample" VALUES(1614,3,28,NULL,NULL,NULL,NULL,NULL,0.002918,0.006528,0.012207,NULL,770048.0);
INSERT INTO "compile_Sample" VALUES(1615,3,28,NULL,NULL,NULL,NULL,NULL,0.002858,0.006392,0.011566,NULL,757760.0);
INSERT INTO "compile_Sample" VALUES(1616,3,28,NULL,NULL,NULL,NULL,NULL,0.003041,0.006663,0.012314,NULL,733184.0);
INSERT INTO "compile_Sample" VALUES(1617,3,28,NULL,NULL,NULL,NULL,NULL,0.002915,0.006686,0.012183,NULL,765952.0);
INSERT INTO "compile_Sample" VALUES(1618,3,28,NULL,NULL,NULL,NULL,NULL,0.003025,0.006923,0.012768,NULL,774144.0);
INSERT INTO "compile_Sample" VALUES(1619,3,28,NULL,NULL,NULL,NULL,NULL,0.002958,0.006822,0.012695,NULL,753664.0);
INSERT INTO "compile_Sample" VALUES(1620,3,28,NULL,NULL,NULL,NULL,NULL,0.002862,0.006579,0.012014,NULL,765952.0);
INSERT INTO "compile_Sample" VALUES(1621,3,28,NULL,NULL,NULL,NULL,NULL,0.002952,0.006469,0.012122,NULL,749568.0);
INSERT INTO "compile_Sample" VALUES(1622,3,28,NULL,NULL,NULL,NULL,NULL,0.002975,0.006578,0.012231,NULL,770048.0);
INSERT INTO "compile_Sample" VALUES(1623,3,28,NULL,NULL,NULL,NULL,NULL,0.002803,0.006196,0.011668,NULL,712704.0);
INSERT INTO "compile_Sample" VALUES(1624,3,28,NULL,NULL,NULL,NULL,NULL,0.002753,0.005767,0.011082,NULL,716800.0);
INSERT INTO "compile_Sample" VALUES(1625,3,28,NULL,NULL,NULL,NULL,NULL,0.002788,0.005778,0.011172,NULL,782336.0);
INSERT INTO "compile_Sample" VALUES(1626,3,38,NULL,NULL,NULL,NULL,NULL,0.002928,0.006868,0.012629,NULL,745472.0);
INSERT INTO "compile_Sample" VALUES(1627,3,38,NULL,NULL,NULL,NULL,NULL,0.002864,0.00661,0.01195,NULL,798720.0);
INSERT INTO "compile_Sample" VALUES(1628,3,38,NULL,NULL,NULL,NULL,NULL,0.003016,0.007001,0.012592,NULL,733184.0);
INSERT INTO "compile_Sample" VALUES(1629,3,38,NULL,NULL,NULL,NULL,NULL,0.002911,0.00687,0.012487,NULL,696320.0);
INSERT INTO "compile_Sample" VALUES(1630,3,38,NULL,NULL,NULL,NULL,NULL,0.00283,0.006227,0.01172,NULL,794624.0);
INSERT INTO "compile_Sample" VALUES(1631,3,38,NULL,NULL,NULL,NULL,NULL,0.002798,0.006022,0.011496,NULL,733184.0);
INSERT INTO "compile_Sample" VALUES(1632,3,38,NULL,NULL,NULL,NULL,NULL,0.003056,0.007098,0.012802,NULL,806912.0);
INSERT INTO "compile_Sample" VALUES(1633,3,38,NULL,NULL,NULL,NULL,NULL,0.002836,0.006424,0.011999,NULL,765952.0);
INSERT INTO "compile_Sample" VALUES(1634,3,38,NULL,NULL,NULL,NULL,NULL,0.002862,0.006527,0.012244,NULL,774144.0);
INSERT INTO "compile_Sample" VALUES(1635,3,38,NULL,NULL,NULL,NULL,NULL,0.002951,0.006596,0.012352,NULL,737280.0);
INSERT INTO "compile_Sample" VALUES(1636,3,38,NULL,NULL,NULL,NULL,NULL,0.002968,0.006285,0.011916,NULL,741376.0);
INSERT INTO "compile_Sample" VALUES(1637,3,38,NULL,NULL,NULL,NULL,NULL,0.002753,0.005893,0.011163,NULL,765952.0);
INSERT INTO "compile_Sample" VALUES(1638,3,38,NULL,NULL,NULL,NULL,NULL,0.002814,0.005964,0.011367,NULL,790528.0);
INSERT INTO "compile_Sample" VALUES(1639,3,38,NULL,NULL,NULL,NULL,NULL,0.003068,0.006109,0.011933,NULL,765952.0);
INSERT INTO "compile_Sample" VALUES(1640,3,38,NULL,NULL,NULL,NULL,NULL,0.002847,0.006372,0.01167,NULL,724992.0);
INSERT INTO "compile_Sample" VALUES(1641,3,38,NULL,NULL,NULL,NULL,NULL,0.002966,0.006536,0.012288,NULL,733184.0);
INSERT INTO "compile_Sample" VALUES(1642,3,38,NULL,NULL,NULL,NULL,NULL,0.002946,0.006797,0.01237,NULL,778240.0);
INSERT INTO "compile_Sample" VALUES(1643,3,38,NULL,NULL,NULL,NULL,NULL,0.002964,0.006706,0.01227,NULL,774144.0);
INSERT INTO "compile_Sample" VALUES(1644,3,38,NULL,NULL,NULL,NULL,NULL,0.002851,0.006894,0.012084,NULL,761856.0);
INSERT INTO "compile_Sample" VALUES(1645,3,38,NULL,NULL,NULL,NULL,NULL,0.002873,0.006158,0.011732,NULL,774144.0);
INSERT INTO "compile_Sample" VALUES(1646,3,38,NULL,NULL,NULL,NULL,NULL,0.002951,0.00663,0.012156,NULL,733184.0);
INSERT INTO "compile_Sample" VALUES(1647,3,38,NULL,NULL,NULL,NULL,NULL,0.002763,0.006144,0.011458,NULL,729088.0);
INSERT INTO "compile_Sample" VALUES(1648,3,38,NULL,NULL,NULL,NULL,NULL,0.002847,0.006127,0.011541,NULL,729088.0);
INSERT INTO "compile_Sample" VALUES(1649,3,38,NULL,NULL,NULL,NULL,NULL,0.002876,0.006206,0.011713,NULL,778240.0);
INSERT INTO "compile_Sample" VALUES(1650,3,38,NULL,NULL,NULL,NULL,NULL,0.002938,0.006636,0.012431,NULL,724992.0);
INSERT INTO "compile_Sample" VALUES(1651,3,38,NULL,NULL,NULL,NULL,NULL,0.002915,0.006944,0.012468,NULL,749568.0);
INSERT INTO "compile_Sample" VALUES(1652,3,38,NULL,NULL,NULL,NULL,NULL,0.002903,0.006371,0.011971,NULL,884736.0);
INSERT INTO "compile_Sample" VALUES(1653,3,38,NULL,NULL,NULL,NULL,NULL,0.002779,0.006061,0.011384,NULL,774144.0);
INSERT INTO "compile_Sample" VALUES(1654,3,38,NULL,NULL,NULL,NULL,NULL,0.002891,0.006231,0.011737,NULL,761856.0);
INSERT INTO "compile_Sample" VALUES(1655,3,38,NULL,NULL,NULL,NULL,NULL,0.002797,0.005903,0.011221,NULL,716800.0);
INSERT INTO "compile_Sample" VALUES(1656,3,38,NULL,NULL,NULL,NULL,NULL,0.00299,0.006165,0.012036,NULL,745472.0);
INSERT INTO "compile_Sample" VALUES(1657,3,38,NULL,NULL,NULL,NULL,NULL,0.00308,0.006406,0.012064,NULL,741376.0);
INSERT INTO "compile_Sample" VALUES(1658,3,38,NULL,NULL,NULL,NULL,NULL,0.00284,0.006196,0.011537,NULL,733184.0);
INSERT INTO "compile_Sample" VALUES(1659,3,38,NULL,NULL,NULL,NULL,NULL,0.002942,0.006499,0.012211,NULL,708608.0);
INSERT INTO "compile_Sample" VALUES(1660,3,38,NULL,NULL,NULL,NULL,NULL,0.002878,0.007039,0.012424,NULL,708608.0);
INSERT INTO "compile_Sample" VALUES(1661,3,38,NULL,NULL,NULL,NULL,NULL,0.002915,0.007206,0.012808,NULL,749568.0);
INSERT INTO "compile_Sample" VALUES(1662,3,38,NULL,NULL,NULL,NULL,NULL,0.002886,0.006308,0.011899,NULL,724992.0);
INSERT INTO "compile_Sample" VALUES(1663,3,38,NULL,NULL,NULL,NULL,NULL,0.002968,0.006181,0.011912,NULL,765952.0);
INSERT INTO "compile_Sample" VALUES(1664,3,38,NULL,NULL,NULL,NULL,NULL,0.002773,0.006225,0.011542,NULL,696320.0);
INSERT INTO "compile_Sample" VALUES(1665,3,38,NULL,NULL,NULL,NULL,NULL,0.002903,0.006577,0.012056,NULL,778240.0);
INSERT INTO "compile_Sample" VALUES(1666,3,38,NULL,NULL,NULL,NULL,NULL,0.002896,0.006578,0.011859,NULL,782336.0);
INSERT INTO "compile_Sample" VALUES(1667,3,38,NULL,NULL,NULL,NULL,NULL,0.002907,0.006072,0.011762,NULL,745472.0);
INSERT INTO "compile_Sample" VALUES(1668,3,38,NULL,NULL,NULL,NULL,NULL,0.003015,0.007076,0.012758,NULL,745472.0);
INSERT INTO "compile_Sample" VALUES(1669,3,38,NULL,NULL,NULL,NULL,NULL,0.002896,0.007201,0.012727,NULL,712704.0);
INSERT INTO "compile_Sample" VALUES(1670,3,38,NULL,NULL,NULL,NULL,NULL,0.002847,0.006418,0.011939,NULL,745472.0);
INSERT INTO "compile_Sample" VALUES(1671,3,38,NULL,NULL,NULL,NULL,NULL,0.002765,0.005994,0.011337,NULL,765952.0);
INSERT INTO "compile_Sample" VALUES(1672,3,38,NULL,NULL,NULL,NULL,NULL,0.00287,0.006327,0.011996,NULL,753664.0);
INSERT INTO "compile_Sample" VALUES(1673,3,38,NULL,NULL,NULL,NULL,NULL,0.002915,0.006197,0.01177,NULL,745472.0);
INSERT INTO "compile_Sample" VALUES(1674,3,38,NULL,NULL,NULL,NULL,NULL,0.00287,0.006384,0.011734,NULL,712704.0);
INSERT INTO "compile_Sample" VALUES(1675,3,38,NULL,NULL,NULL,NULL,NULL,0.002843,0.006342,0.011926,NULL,757760.0);
INSERT INTO "compile_Sample" VALUES(1676,3,38,NULL,NULL,NULL,NULL,NULL,0.002883,0.006246,0.011729,NULL,778240.0);
INSERT INTO "compile_Sample" VALUES(1677,3,38,NULL,NULL,NULL,NULL,NULL,0.002952,0.006697,0.012481,NULL,757760.0);
INSERT INTO "compile_Sample" VALUES(1678,3,38,NULL,NULL,NULL,NULL,NULL,0.002855,0.006697,0.012263,NULL,684032.0);
INSERT INTO "compile_Sample" VALUES(1679,3,38,NULL,NULL,NULL,NULL,NULL,0.002772,0.006287,0.011487,NULL,729088.0);
INSERT INTO "compile_Sample" VALUES(1680,3,38,NULL,NULL,NULL,NULL,NULL,0.002856,0.00613,0.011621,NULL,720896.0);
INSERT INTO "compile_Sample" VALUES(1681,3,38,NULL,NULL,NULL,NULL,NULL,0.003015,0.006737,0.0126,NULL,778240.0);
INSERT INTO "compile_Sample" VALUES(1682,3,38,NULL,NULL,NULL,NULL,NULL,0.002941,0.006787,0.012363,NULL,745472.0);
INSERT INTO "compile_Sample" VALUES(1683,3,38,NULL,NULL,NULL,NULL,NULL,0.002882,0.006387,0.011995,NULL,720896.0);
INSERT INTO "compile_Sample" VALUES(1684,3,38,NULL,NULL,NULL,NULL,NULL,0.003115,0.007141,0.013686,NULL,794624.0);
INSERT INTO "compile_Sample" VALUES(1685,3,38,NULL,NULL,NULL,NULL,NULL,0.002885,0.006684,0.012327,NULL,720896.0);
INSERT INTO "compile_Sample" VALUES(1686,3,38,NULL,NULL,NULL,NULL,NULL,0.002924,0.006626,0.012039,NULL,786432.0);
INSERT INTO "compile_Sample" VALUES(1687,3,38,NULL,NULL,NULL,NULL,NULL,0.002942,0.00685,0.01251,NULL,819200.0);
INSERT INTO "compile_Sample" VALUES(1688,3,38,NULL,NULL,NULL,NULL,NULL,0.002808,0.006667,0.011773,NULL,745472.0);
INSERT INTO "compile_Sample" VALUES(1689,3,38,NULL,NULL,NULL,NULL,NULL,0.002983,0.006297,0.011742,NULL,733184.0);
INSERT INTO "compile_Sample" VALUES(1690,3,38,NULL,NULL,NULL,NULL,NULL,0.003253,0.006516,0.012395,NULL,679936.0);
INSERT INTO "compile_Sample" VALUES(1691,3,38,NULL,NULL,NULL,NULL,NULL,0.002905,0.007221,0.012936,NULL,729088.0);
INSERT INTO "compile_Sample" VALUES(1692,3,38,NULL,NULL,NULL,NULL,NULL,0.002892,0.006578,0.012192,NULL,757760.0);
INSERT INTO "compile_Sample" VALUES(1693,3,38,NULL,NULL,NULL,NULL,NULL,0.002909,0.006489,0.011985,NULL,753664.0);
INSERT INTO "compile_Sample" VALUES(1694,3,38,NULL,NULL,NULL,NULL,NULL,0.003203,0.006817,0.01244,NULL,737280.0);
INSERT INTO "compile_Sample" VALUES(1695,3,38,NULL,NULL,NULL,NULL,NULL,0.002985,0.006168,0.012138,NULL,815104.0);
INSERT INTO "compile_Sample" VALUES(1696,3,38,NULL,NULL,NULL,NULL,NULL,0.002874,0.006657,0.01225,NULL,737280.0);
INSERT INTO "compile_Sample" VALUES(1697,3,38,NULL,NULL,NULL,NULL,NULL,0.002948,0.006274,0.011861,NULL,757760.0);
INSERT INTO "compile_Sample" VALUES(1698,3,38,NULL,NULL,NULL,NULL,NULL,0.002818,0.006337,0.011859,NULL,696320.0);
INSERT INTO "compile_Sample" VALUES(1699,3,38,NULL,NULL,NULL,NULL,NULL,0.002865,0.006374,0.011773,NULL,770048.0);
INSERT INTO "compile_Sample" VALUES(1700,3,38,NULL,NULL,NULL,NULL,NULL,0.002881,0.006157,0.011688,NULL,696320.0);
INSERT INTO "compile_Sample" VALUES(1701,3,38,NULL,NULL,NULL,NULL,NULL,0.00289,0.006073,0.011616,NULL,737280.0);
INSERT INTO "compile_Sample" VALUES(1702,3,38,NULL,NULL,NULL,NULL,NULL,0.002968,0.006434,0.012246,NULL,749568.0);
INSERT INTO "compile_Sample" VALUES(1703,3,38,NULL,NULL,NULL,NULL,NULL,0.0029,0.006593,0.012,NULL,827392.0);
INSERT INTO "compile_Sample" VALUES(1704,3,38,NULL,NULL,NULL,NULL,NULL,0.002839,0.006312,0.011679,NULL,741376.0);
INSERT INTO "compile_Sample" VALUES(1705,3,38,NULL,NULL,NULL,NULL,NULL,0.002944,0.006989,0.012795,NULL,802816.0);
INSERT INTO "compile_Sample" VALUES(1706,3,38,NULL,NULL,NULL,NULL,NULL,0.002809,0.006444,0.01177,NULL,753664.0);
INSERT INTO "compile_Sample" VALUES(1707,3,38,NULL,NULL,NULL,NULL,NULL,0.002891,0.006436,0.012086,NULL,786432.0);
INSERT INTO "compile_Sample" VALUES(1708,3,38,NULL,NULL,NULL,NULL,NULL,0.002972,0.00619,0.011932,NULL,802816.0);
INSERT INTO "compile_Sample" VALUES(1709,3,38,NULL,NULL,NULL,NULL,NULL,0.002839,0.006432,0.011928,NULL,724992.0);
INSERT INTO "compile_Sample" VALUES(1710,3,38,NULL,NULL,NULL,NULL,NULL,0.00288,0.006262,0.0117,NULL,724992.0);
INSERT INTO "compile_Sample" VALUES(1711,3,38,NULL,NULL,NULL,NULL,NULL,0.002852,0.006641,0.012054,NULL,696320.0);
INSERT INTO "compile_Sample" VALUES(1712,3,38,NULL,NULL,NULL,NULL,NULL,0.002753,0.005915,0.011092,NULL,745472.0);
INSERT INTO "compile_Sample" VALUES(1713,3,38,NULL,NULL,NULL,NULL,NULL,0.002817,0.005937,0.011304,NULL,765952.0);
INSERT INTO "compile_Sample" VALUES(1714,3,38,NULL,NULL,NULL,NULL,NULL,0.002997,0.006875,0.012606,NULL,745472.0);
INSERT INTO "compile_Sample" VALUES(1715,3,38,NULL,NULL,NULL,NULL,NULL,0.002799,0.006152,0.011559,NULL,757760.0);
INSERT INTO "compile_Sample" VALUES(1716,3,38,NULL,NULL,NULL,NULL,NULL,0.002921,0.006392,0.012096,NULL,774144.0);
INSERT INTO "compile_Sample" VALUES(1717,3,38,NULL,NULL,NULL,NULL,NULL,0.002737,0.006022,0.011246,NULL,794624.0);
INSERT INTO "compile_Sample" VALUES(1718,3,38,NULL,NULL,NULL,NULL,NULL,0.002742,0.005787,0.011043,NULL,741376.0);
INSERT INTO "compile_Sample" VALUES(1719,3,38,NULL,NULL,NULL,NULL,NULL,0.002795,0.005865,0.011261,NULL,761856.0);
INSERT INTO "compile_Sample" VALUES(1720,3,38,NULL,NULL,NULL,NULL,NULL,0.002721,0.005685,0.010865,NULL,716800.0);
INSERT INTO "compile_Sample" VALUES(1721,3,38,NULL,NULL,NULL,NULL,NULL,0.00288,0.005883,0.011378,NULL,729088.0);
INSERT INTO "compile_Sample" VALUES(1722,3,38,NULL,NULL,NULL,NULL,NULL,0.002777,0.0059,0.01126,NULL,757760.0);
INSERT INTO "compile_Sample" VALUES(1723,3,38,NULL,NULL,NULL,NULL,NULL,0.002893,0.006127,0.011641,NULL,757760.0);
INSERT INTO "compile_Sample" VALUES(1724,3,38,NULL,NULL,NULL,NULL,NULL,0.002921,0.006669,0.012324,NULL,724992.0);
INSERT INTO "compile_Sample" VALUES(1725,3,38,NULL,NULL,NULL,NULL,NULL,0.002958,0.006362,0.012181,NULL,819200.0);
INSERT INTO "compile_Sample" VALUES(1726,4,36,NULL,NULL,NULL,NULL,NULL,0.002847,0.006325,0.011937,NULL,765952.0);
INSERT INTO "compile_Sample" VALUES(1727,4,36,NULL,NULL,NULL,NULL,NULL,0.003674,0.0073,0.014133,NULL,786432.0);
INSERT INTO "compile_Sample" VALUES(1728,4,36,NULL,NULL,NULL,NULL,NULL,0.002835,0.006462,0.01218,NULL,679936.0);
INSERT INTO "compile_Sample" VALUES(1729,4,36,NULL,NULL,NULL,NULL,NULL,0.002811,0.006608,0.012206,NULL,806912.0);
INSERT INTO "compile_Sample" VALUES(1730,4,36,NULL,NULL,NULL,NULL,NULL,0.002721,0.005997,0.011333,NULL,749568.0);
INSERT INTO "compile_Sample" VALUES(1731,4,36,NULL,NULL,NULL,NULL,NULL,0.002741,0.005718,0.011043,NULL,724992.0);
INSERT INTO "compile_Sample" VALUES(1732,4,36,NULL,NULL,NULL,NULL,NULL,0.002732,0.005547,0.010894,NULL,708608.0);
INSERT INTO "compile_Sample" VALUES(1733,4,36,NULL,NULL,NULL,NULL,NULL,0.002701,0.00537,0.010612,NULL,675840.0);
INSERT INTO "compile_Sample" VALUES(1734,4,36,NULL,NULL,NULL,NULL,NULL,0.00277,0.005512,0.010804,NULL,733184.0);
INSERT INTO "compile_Sample" VALUES(1735,4,36,NULL,NULL,NULL,NULL,NULL,0.003363,0.006246,0.012217,NULL,704512.0);
INSERT INTO "compile_Sample" VALUES(1736,4,36,NULL,NULL,NULL,NULL,NULL,0.002817,0.005947,0.011443,NULL,737280.0);
INSERT INTO "compile_Sample" VALUES(1737,4,36,NULL,NULL,NULL,NULL,NULL,0.002892,0.00614,0.011848,NULL,688128.0);
INSERT INTO "compile_Sample" VALUES(1738,4,36,NULL,NULL,NULL,NULL,NULL,0.003038,0.006606,0.012263,NULL,729088.0);
INSERT INTO "compile_Sample" VALUES(1739,4,36,NULL,NULL,NULL,NULL,NULL,0.002728,0.005522,0.010843,NULL,761856.0);
INSERT INTO "compile_Sample" VALUES(1740,4,36,NULL,NULL,NULL,NULL,NULL,0.002807,0.005714,0.011087,NULL,675840.0);
INSERT INTO "compile_Sample" VALUES(1741,4,36,NULL,NULL,NULL,NULL,NULL,0.003239,0.005868,0.012049,NULL,745472.0);
INSERT INTO "compile_Sample" VALUES(1742,4,36,NULL,NULL,NULL,NULL,NULL,0.003439,0.006296,0.012463,NULL,737280.0);
INSERT INTO "compile_Sample" VALUES(1743,4,36,NULL,NULL,NULL,NULL,NULL,0.002774,0.005368,0.010689,NULL,757760.0);
INSERT INTO "compile_Sample" VALUES(1744,4,36,NULL,NULL,NULL,NULL,NULL,0.002899,0.005839,0.011217,NULL,749568.0);
INSERT INTO "compile_Sample" VALUES(1745,4,36,NULL,NULL,NULL,NULL,NULL,0.00349,0.006804,0.012798,NULL,692224.0);
INSERT INTO "compile_Sample" VALUES(1746,4,36,NULL,NULL,NULL,NULL,NULL,0.002877,0.00603,0.011889,NULL,761856.0);
INSERT INTO "compile_Sample" VALUES(1747,4,36,NULL,NULL,NULL,NULL,NULL,0.002773,0.006273,0.011745,NULL,737280.0);
INSERT INTO "compile_Sample" VALUES(1748,4,36,NULL,NULL,NULL,NULL,NULL,0.00281,0.006107,0.011478,NULL,741376.0);
INSERT INTO "compile_Sample" VALUES(1749,4,36,NULL,NULL,NULL,NULL,NULL,0.002693,0.005819,0.011077,NULL,761856.0);
INSERT INTO "compile_Sample" VALUES(1750,4,36,NULL,NULL,NULL,NULL,NULL,0.002819,0.005937,0.011122,NULL,692224.0);
INSERT INTO "compile_Sample" VALUES(1751,4,36,NULL,NULL,NULL,NULL,NULL,0.002808,0.005444,0.010886,NULL,765952.0);
INSERT INTO "compile_Sample" VALUES(1752,4,36,NULL,NULL,NULL,NULL,NULL,0.002746,0.005577,0.010918,NULL,761856.0);
INSERT INTO "compile_Sample" VALUES(1753,4,36,NULL,NULL,NULL,NULL,NULL,0.002733,0.005392,0.010683,NULL,741376.0);
INSERT INTO "compile_Sample" VALUES(1754,4,36,NULL,NULL,NULL,NULL,NULL,0.00363,0.006878,0.013369,NULL,745472.0);
INSERT INTO "compile_Sample" VALUES(1755,4,36,NULL,NULL,NULL,NULL,NULL,0.002757,0.005693,0.010982,NULL,712704.0);
INSERT INTO "compile_Sample" VALUES(1756,4,36,NULL,NULL,NULL,NULL,NULL,0.0029,0.00611,0.011896,NULL,761856.0);
INSERT INTO "compile_Sample" VALUES(1757,4,36,NULL,NULL,NULL,NULL,NULL,0.002721,0.00604,0.011388,NULL,716800.0);
INSERT INTO "compile_Sample" VALUES(1758,4,36,NULL,NULL,NULL,NULL,NULL,0.002739,0.005654,0.010951,NULL,696320.0);
INSERT INTO "compile_Sample" VALUES(1759,4,36,NULL,NULL,NULL,NULL,NULL,0.002799,0.00542,0.010824,NULL,720896.0);
INSERT INTO "compile_Sample" VALUES(1760,4,36,NULL,NULL,NULL,NULL,NULL,0.00272,0.005539,0.010824,NULL,749568.0);
INSERT INTO "compile_Sample" VALUES(1761,4,36,NULL,NULL,NULL,NULL,NULL,0.00274,0.005578,0.010874,NULL,716800.0);
INSERT INTO "compile_Sample" VALUES(1762,4,36,NULL,NULL,NULL,NULL,NULL,0.002725,0.005797,0.010876,NULL,688128.0);
INSERT INTO "compile_Sample" VALUES(1763,4,36,NULL,NULL,NULL,NULL,NULL,0.002739,0.005558,0.010853,NULL,761856.0);
INSERT INTO "compile_Sample" VALUES(1764,4,36,NULL,NULL,NULL,NULL,NULL,0.002824,0.005948,0.011156,NULL,708608.0);
INSERT INTO "compile_Sample" VALUES(1765,4,36,NULL,NULL,NULL,NULL,NULL,0.00368,0.006885,0.01339,NULL,745472.0);
INSERT INTO "compile_Sample" VALUES(1766,4,36,NULL,NULL,NULL,NULL,NULL,0.002916,0.00649,0.012302,NULL,761856.0);
INSERT INTO "compile_Sample" VALUES(1767,4,36,NULL,NULL,NULL,NULL,NULL,0.002804,0.006043,0.011458,NULL,765952.0);
INSERT INTO "compile_Sample" VALUES(1768,4,36,NULL,NULL,NULL,NULL,NULL,0.002762,0.005576,0.010902,NULL,749568.0);
INSERT INTO "compile_Sample" VALUES(1769,4,36,NULL,NULL,NULL,NULL,NULL,0.002735,0.00542,0.010688,NULL,729088.0);
INSERT INTO "compile_Sample" VALUES(1770,4,36,NULL,NULL,NULL,NULL,NULL,0.002723,0.005354,0.010657,NULL,684032.0);
INSERT INTO "compile_Sample" VALUES(1771,4,36,NULL,NULL,NULL,NULL,NULL,0.003585,0.006571,0.012835,NULL,733184.0);
INSERT INTO "compile_Sample" VALUES(1772,4,36,NULL,NULL,NULL,NULL,NULL,0.00287,0.005927,0.011451,NULL,733184.0);
INSERT INTO "compile_Sample" VALUES(1773,4,36,NULL,NULL,NULL,NULL,NULL,0.002696,0.005761,0.011032,NULL,786432.0);
INSERT INTO "compile_Sample" VALUES(1774,4,36,NULL,NULL,NULL,NULL,NULL,0.002741,0.005314,0.010556,NULL,712704.0);
INSERT INTO "compile_Sample" VALUES(1775,4,36,NULL,NULL,NULL,NULL,NULL,0.002971,0.005895,0.01183,NULL,716800.0);
INSERT INTO "compile_Sample" VALUES(1776,4,36,NULL,NULL,NULL,NULL,NULL,0.002923,0.006681,0.012289,NULL,712704.0);
INSERT INTO "compile_Sample" VALUES(1777,4,36,NULL,NULL,NULL,NULL,NULL,0.002815,0.00629,0.011496,NULL,761856.0);
INSERT INTO "compile_Sample" VALUES(1778,4,36,NULL,NULL,NULL,NULL,NULL,0.00345,0.006781,0.012942,NULL,704512.0);
INSERT INTO "compile_Sample" VALUES(1779,4,36,NULL,NULL,NULL,NULL,NULL,0.002675,0.00567,0.010911,NULL,712704.0);
INSERT INTO "compile_Sample" VALUES(1780,4,36,NULL,NULL,NULL,NULL,NULL,0.002742,0.00544,0.010767,NULL,753664.0);
INSERT INTO "compile_Sample" VALUES(1781,4,36,NULL,NULL,NULL,NULL,NULL,0.003193,0.005692,0.011792,NULL,724992.0);
INSERT INTO "compile_Sample" VALUES(1782,4,36,NULL,NULL,NULL,NULL,NULL,0.002804,0.00576,0.011247,NULL,724992.0);
INSERT INTO "compile_Sample" VALUES(1783,4,36,NULL,NULL,NULL,NULL,NULL,0.002759,0.005467,0.010772,NULL,741376.0);
INSERT INTO "compile_Sample" VALUES(1784,4,36,NULL,NULL,NULL,NULL,NULL,0.003628,0.006717,0.013364,NULL,745472.0);
INSERT INTO "compile_Sample" VALUES(1785,4,36,NULL,NULL,NULL,NULL,NULL,0.002839,0.006261,0.011834,NULL,724992.0);
INSERT INTO "compile_Sample" VALUES(1786,4,36,NULL,NULL,NULL,NULL,NULL,0.002818,0.006095,0.011726,NULL,745472.0);
INSERT INTO "compile_Sample" VALUES(1787,4,36,NULL,NULL,NULL,NULL,NULL,0.002773,0.005919,0.011168,NULL,741376.0);
INSERT INTO "compile_Sample" VALUES(1788,4,36,NULL,NULL,NULL,NULL,NULL,0.003571,0.006718,0.012991,NULL,741376.0);
INSERT INTO "compile_Sample" VALUES(1789,4,36,NULL,NULL,NULL,NULL,NULL,0.002763,0.005618,0.01101,NULL,753664.0);
INSERT INTO "compile_Sample" VALUES(1790,4,36,NULL,NULL,NULL,NULL,NULL,0.002755,0.005841,0.0111,NULL,761856.0);
INSERT INTO "compile_Sample" VALUES(1791,4,36,NULL,NULL,NULL,NULL,NULL,0.002825,0.005771,0.01126,NULL,745472.0);
INSERT INTO "compile_Sample" VALUES(1792,4,36,NULL,NULL,NULL,NULL,NULL,0.002835,0.005725,0.01122,NULL,704512.0);
INSERT INTO "compile_Sample" VALUES(1793,4,36,NULL,NULL,NULL,NULL,NULL,0.002737,0.005527,0.010893,NULL,733184.0);
INSERT INTO "compile_Sample" VALUES(1794,4,36,NULL,NULL,NULL,NULL,NULL,0.002949,0.005896,0.011819,NULL,720896.0);
INSERT INTO "compile_Sample" VALUES(1795,4,36,NULL,NULL,NULL,NULL,NULL,0.002824,0.006316,0.011891,NULL,700416.0);
INSERT INTO "compile_Sample" VALUES(1796,4,36,NULL,NULL,NULL,NULL,NULL,0.002708,0.006,0.011196,NULL,761856.0);
INSERT INTO "compile_Sample" VALUES(1797,4,36,NULL,NULL,NULL,NULL,NULL,0.002735,0.005583,0.010896,NULL,761856.0);
INSERT INTO "compile_Sample" VALUES(1798,4,36,NULL,NULL,NULL,NULL,NULL,0.002685,0.00544,0.010692,NULL,741376.0);
INSERT INTO "compile_Sample" VALUES(1799,4,36,NULL,NULL,NULL,NULL,NULL,0.003184,0.006568,0.012345,NULL,782336.0);
INSERT INTO "compile_Sample" VALUES(1800,4,36,NULL,NULL,NULL,NULL,NULL,0.002699,0.005371,0.010566,NULL,712704.0);
INSERT INTO "compile_Sample" VALUES(1801,4,36,NULL,NULL,NULL,NULL,NULL,0.003671,0.006835,0.013742,NULL,716800.0);
INSERT INTO "compile_Sample" VALUES(1802,4,36,NULL,NULL,NULL,NULL,NULL,0.002875,0.006879,0.012629,NULL,765952.0);
INSERT INTO "compile_Sample" VALUES(1803,4,36,NULL,NULL,NULL,NULL,NULL,0.00288,0.006289,0.012253,NULL,753664.0);
INSERT INTO "compile_Sample" VALUES(1804,4,36,NULL,NULL,NULL,NULL,NULL,0.003398,0.007228,0.013617,NULL,757760.0);
INSERT INTO "compile_Sample" VALUES(1805,4,36,NULL,NULL,NULL,NULL,NULL,0.00271,0.005999,0.011248,NULL,679936.0);
INSERT INTO "compile_Sample" VALUES(1806,4,36,NULL,NULL,NULL,NULL,NULL,0.003565,0.006736,0.01294,NULL,729088.0);
INSERT INTO "compile_Sample" VALUES(1807,4,36,NULL,NULL,NULL,NULL,NULL,0.002789,0.005791,0.01125,NULL,684032.0);
INSERT INTO "compile_Sample" VALUES(1808,4,36,NULL,NULL,NULL,NULL,NULL,0.002759,0.005971,0.011106,NULL,737280.0);
INSERT INTO "compile_Sample" VALUES(1809,4,36,NULL,NULL,NULL,NULL,NULL,0.003206,0.006358,0.012351,NULL,720896.0);
INSERT INTO "compile_Sample" VALUES(1810,4,36,NULL,NULL,NULL,NULL,NULL,0.002805,0.005764,0.011126,NULL,733184.0);
INSERT INTO "compile_Sample" VALUES(1811,4,36,NULL,NULL,NULL,NULL,NULL,0.002834,0.005741,0.011149,NULL,716800.0);
INSERT INTO "compile_Sample" VALUES(1812,4,36,NULL,NULL,NULL,NULL,NULL,0.002873,0.005806,0.011241,NULL,733184.0);
INSERT INTO "compile_Sample" VALUES(1813,4,36,NULL,NULL,NULL,NULL,NULL,0.002964,0.006443,0.012305,NULL,761856.0);
INSERT INTO "compile_Sample" VALUES(1814,4,36,NULL,NULL,NULL,NULL,NULL,0.003348,0.006966,0.013355,NULL,774144.0);
INSERT INTO "compile_Sample" VALUES(1815,4,36,NULL,NULL,NULL,NULL,NULL,0.00354,0.006539,0.013026,NULL,757760.0);
INSERT INTO "compile_Sample" VALUES(1816,4,36,NULL,NULL,NULL,NULL,NULL,0.002829,0.005577,0.011032,NULL,761856.0);
INSERT INTO "compile_Sample" VALUES(1817,4,36,NULL,NULL,NULL,NULL,NULL,0.002853,0.005944,0.011341,NULL,741376.0);
INSERT INTO "compile_Sample" VALUES(1818,4,36,NULL,NULL,NULL,NULL,NULL,0.002865,0.006427,0.011722,NULL,724992.0);
INSERT INTO "compile_Sample" VALUES(1819,4,36,NULL,NULL,NULL,NULL,NULL,0.002799,0.005577,0.01097,NULL,692224.0);
INSERT INTO "compile_Sample" VALUES(1820,4,36,NULL,NULL,NULL,NULL,NULL,0.00276,0.006115,0.011397,NULL,704512.0);
INSERT INTO "compile_Sample" VALUES(1821,4,36,NULL,NULL,NULL,NULL,NULL,0.003023,0.006589,0.012601,NULL,724992.0);
INSERT INTO "compile_Sample" VALUES(1822,4,36,NULL,NULL,NULL,NULL,NULL,0.002975,0.006365,0.012287,NULL,761856.0);
INSERT INTO "compile_Sample" VALUES(1823,4,36,NULL,NULL,NULL,NULL,NULL,0.002843,0.006358,0.011956,NULL,704512.0);
INSERT INTO "compile_Sample" VALUES(1824,4,36,NULL,NULL,NULL,NULL,NULL,0.002716,0.005993,0.011118,NULL,679936.0);
INSERT INTO "compile_Sample" VALUES(1825,4,36,NULL,NULL,NULL,NULL,NULL,0.002888,0.005866,0.011414,NULL,720896.0);
INSERT INTO "compile_Sample" VALUES(1826,4,37,NULL,NULL,NULL,NULL,NULL,0.002791,0.006015,0.011534,NULL,782336.0);
INSERT INTO "compile_Sample" VALUES(1827,4,37,NULL,NULL,NULL,NULL,NULL,0.003602,0.007316,0.013633,NULL,745472.0);
INSERT INTO "compile_Sample" VALUES(1828,4,37,NULL,NULL,NULL,NULL,NULL,0.002985,0.007454,0.013305,NULL,720896.0);
INSERT INTO "compile_Sample" VALUES(1829,4,37,NULL,NULL,NULL,NULL,NULL,0.003618,0.00703,0.01351,NULL,745472.0);
INSERT INTO "compile_Sample" VALUES(1830,4,37,NULL,NULL,NULL,NULL,NULL,0.002881,0.005794,0.011299,NULL,729088.0);
INSERT INTO "compile_Sample" VALUES(1831,4,37,NULL,NULL,NULL,NULL,NULL,0.002732,0.005845,0.011241,NULL,741376.0);
INSERT INTO "compile_Sample" VALUES(1832,4,37,NULL,NULL,NULL,NULL,NULL,0.002914,0.006308,0.012086,NULL,798720.0);
INSERT INTO "compile_Sample" VALUES(1833,4,37,NULL,NULL,NULL,NULL,NULL,0.00284,0.006037,0.011836,NULL,712704.0);
INSERT INTO "compile_Sample" VALUES(1834,4,37,NULL,NULL,NULL,NULL,NULL,0.002816,0.006097,0.011659,NULL,761856.0);
INSERT INTO "compile_Sample" VALUES(1835,4,37,NULL,NULL,NULL,NULL,NULL,0.002711,0.005623,0.010876,NULL,692224.0);
INSERT INTO "compile_Sample" VALUES(1836,4,37,NULL,NULL,NULL,NULL,NULL,0.002748,0.005444,0.010757,NULL,761856.0);
INSERT INTO "compile_Sample" VALUES(1837,4,37,NULL,NULL,NULL,NULL,NULL,0.002739,0.005515,0.010785,NULL,749568.0);
INSERT INTO "compile_Sample" VALUES(1838,4,37,NULL,NULL,NULL,NULL,NULL,0.00352,0.006559,0.01269,NULL,700416.0);
INSERT INTO "compile_Sample" VALUES(1839,4,37,NULL,NULL,NULL,NULL,NULL,0.002876,0.005756,0.011335,NULL,708608.0);
INSERT INTO "compile_Sample" VALUES(1840,4,37,NULL,NULL,NULL,NULL,NULL,0.002913,0.005819,0.011178,NULL,720896.0);
INSERT INTO "compile_Sample" VALUES(1841,4,37,NULL,NULL,NULL,NULL,NULL,0.002951,0.005792,0.011717,NULL,733184.0);
INSERT INTO "compile_Sample" VALUES(1842,4,37,NULL,NULL,NULL,NULL,NULL,0.002962,0.006472,0.012143,NULL,733184.0);
INSERT INTO "compile_Sample" VALUES(1843,4,37,NULL,NULL,NULL,NULL,NULL,0.002754,0.005962,0.011137,NULL,696320.0);
INSERT INTO "compile_Sample" VALUES(1844,4,37,NULL,NULL,NULL,NULL,NULL,0.002749,0.005527,0.010809,NULL,688128.0);
INSERT INTO "compile_Sample" VALUES(1845,4,37,NULL,NULL,NULL,NULL,NULL,0.003615,0.006672,0.0131,NULL,765952.0);
INSERT INTO "compile_Sample" VALUES(1846,4,37,NULL,NULL,NULL,NULL,NULL,0.002734,0.005579,0.010915,NULL,745472.0);
INSERT INTO "compile_Sample" VALUES(1847,4,37,NULL,NULL,NULL,NULL,NULL,0.002734,0.00542,0.010707,NULL,778240.0);
INSERT INTO "compile_Sample" VALUES(1848,4,37,NULL,NULL,NULL,NULL,NULL,0.003668,0.00676,0.013275,NULL,749568.0);
INSERT INTO "compile_Sample" VALUES(1849,4,37,NULL,NULL,NULL,NULL,NULL,0.002742,0.005468,0.01073,NULL,688128.0);
INSERT INTO "compile_Sample" VALUES(1850,4,37,NULL,NULL,NULL,NULL,NULL,0.003307,0.005756,0.01195,NULL,741376.0);
INSERT INTO "compile_Sample" VALUES(1851,4,37,NULL,NULL,NULL,NULL,NULL,0.002925,0.006384,0.012175,NULL,716800.0);
INSERT INTO "compile_Sample" VALUES(1852,4,37,NULL,NULL,NULL,NULL,NULL,0.002715,0.005982,0.011273,NULL,753664.0);
INSERT INTO "compile_Sample" VALUES(1853,4,37,NULL,NULL,NULL,NULL,NULL,0.002798,0.005911,0.011113,NULL,741376.0);
INSERT INTO "compile_Sample" VALUES(1854,4,37,NULL,NULL,NULL,NULL,NULL,0.002772,0.00559,0.010963,NULL,729088.0);
INSERT INTO "compile_Sample" VALUES(1855,4,37,NULL,NULL,NULL,NULL,NULL,0.003407,0.005894,0.012171,NULL,724992.0);
INSERT INTO "compile_Sample" VALUES(1856,4,37,NULL,NULL,NULL,NULL,NULL,0.002939,0.005974,0.011456,NULL,712704.0);
INSERT INTO "compile_Sample" VALUES(1857,4,37,NULL,NULL,NULL,NULL,NULL,0.002857,0.005442,0.011004,NULL,712704.0);
INSERT INTO "compile_Sample" VALUES(1858,4,37,NULL,NULL,NULL,NULL,NULL,0.002798,0.00595,0.011311,NULL,753664.0);
INSERT INTO "compile_Sample" VALUES(1859,4,37,NULL,NULL,NULL,NULL,NULL,0.003465,0.00659,0.012672,NULL,737280.0);
INSERT INTO "compile_Sample" VALUES(1860,4,37,NULL,NULL,NULL,NULL,NULL,0.002961,0.005962,0.011844,NULL,761856.0);
INSERT INTO "compile_Sample" VALUES(1861,4,37,NULL,NULL,NULL,NULL,NULL,0.002845,0.006448,0.012119,NULL,720896.0);
INSERT INTO "compile_Sample" VALUES(1862,4,37,NULL,NULL,NULL,NULL,NULL,0.002778,0.00608,0.011423,NULL,724992.0);
INSERT INTO "compile_Sample" VALUES(1863,4,37,NULL,NULL,NULL,NULL,NULL,0.002867,0.00595,0.011538,NULL,712704.0);
INSERT INTO "compile_Sample" VALUES(1864,4,37,NULL,NULL,NULL,NULL,NULL,0.002776,0.005739,0.01112,NULL,729088.0);
INSERT INTO "compile_Sample" VALUES(1865,4,37,NULL,NULL,NULL,NULL,NULL,0.003913,0.00723,0.014064,NULL,741376.0);
INSERT INTO "compile_Sample" VALUES(1866,4,37,NULL,NULL,NULL,NULL,NULL,0.00295,0.006056,0.011559,NULL,745472.0);
INSERT INTO "compile_Sample" VALUES(1867,4,37,NULL,NULL,NULL,NULL,NULL,0.002749,0.005598,0.010908,NULL,765952.0);
INSERT INTO "compile_Sample" VALUES(1868,4,37,NULL,NULL,NULL,NULL,NULL,0.002751,0.005615,0.010933,NULL,741376.0);
INSERT INTO "compile_Sample" VALUES(1869,4,37,NULL,NULL,NULL,NULL,NULL,0.002798,0.005474,0.011044,NULL,757760.0);
INSERT INTO "compile_Sample" VALUES(1870,4,37,NULL,NULL,NULL,NULL,NULL,0.002845,0.006444,0.012086,NULL,741376.0);
INSERT INTO "compile_Sample" VALUES(1871,4,37,NULL,NULL,NULL,NULL,NULL,0.002734,0.006407,0.011799,NULL,684032.0);
INSERT INTO "compile_Sample" VALUES(1872,4,37,NULL,NULL,NULL,NULL,NULL,0.002749,0.00556,0.01087,NULL,720896.0);
INSERT INTO "compile_Sample" VALUES(1873,4,37,NULL,NULL,NULL,NULL,NULL,0.002744,0.005411,0.010701,NULL,724992.0);
INSERT INTO "compile_Sample" VALUES(1874,4,37,NULL,NULL,NULL,NULL,NULL,0.002743,0.005721,0.011056,NULL,692224.0);
INSERT INTO "compile_Sample" VALUES(1875,4,37,NULL,NULL,NULL,NULL,NULL,0.003033,0.005965,0.011749,NULL,741376.0);
INSERT INTO "compile_Sample" VALUES(1876,4,37,NULL,NULL,NULL,NULL,NULL,0.003613,0.006656,0.013012,NULL,761856.0);
INSERT INTO "compile_Sample" VALUES(1877,4,37,NULL,NULL,NULL,NULL,NULL,0.002779,0.006215,0.011606,NULL,692224.0);
INSERT INTO "compile_Sample" VALUES(1878,4,37,NULL,NULL,NULL,NULL,NULL,0.002758,0.005358,0.010589,NULL,757760.0);
INSERT INTO "compile_Sample" VALUES(1879,4,37,NULL,NULL,NULL,NULL,NULL,0.002929,0.005631,0.011681,NULL,745472.0);
INSERT INTO "compile_Sample" VALUES(1880,4,37,NULL,NULL,NULL,NULL,NULL,0.002923,0.006528,0.012215,NULL,692224.0);
INSERT INTO "compile_Sample" VALUES(1881,4,37,NULL,NULL,NULL,NULL,NULL,0.002827,0.006038,0.011569,NULL,724992.0);
INSERT INTO "compile_Sample" VALUES(1882,4,37,NULL,NULL,NULL,NULL,NULL,0.00282,0.006021,0.011432,NULL,724992.0);
INSERT INTO "compile_Sample" VALUES(1883,4,37,NULL,NULL,NULL,NULL,NULL,0.003671,0.006419,0.012964,NULL,708608.0);
INSERT INTO "compile_Sample" VALUES(1884,4,37,NULL,NULL,NULL,NULL,NULL,0.003477,0.006621,0.012829,NULL,724992.0);
INSERT INTO "compile_Sample" VALUES(1885,4,37,NULL,NULL,NULL,NULL,NULL,0.002728,0.005528,0.010751,NULL,741376.0);
INSERT INTO "compile_Sample" VALUES(1886,4,37,NULL,NULL,NULL,NULL,NULL,0.002725,0.005569,0.010908,NULL,741376.0);
INSERT INTO "compile_Sample" VALUES(1887,4,37,NULL,NULL,NULL,NULL,NULL,0.002838,0.005872,0.011213,NULL,733184.0);
INSERT INTO "compile_Sample" VALUES(1888,4,37,NULL,NULL,NULL,NULL,NULL,0.00289,0.006013,0.011806,NULL,696320.0);
INSERT INTO "compile_Sample" VALUES(1889,4,37,NULL,NULL,NULL,NULL,NULL,0.00281,0.006282,0.011804,NULL,753664.0);
INSERT INTO "compile_Sample" VALUES(1890,4,37,NULL,NULL,NULL,NULL,NULL,0.002731,0.005999,0.011289,NULL,720896.0);
INSERT INTO "compile_Sample" VALUES(1891,4,37,NULL,NULL,NULL,NULL,NULL,0.002813,0.00592,0.011214,NULL,712704.0);
INSERT INTO "compile_Sample" VALUES(1892,4,37,NULL,NULL,NULL,NULL,NULL,0.002854,0.005884,0.011237,NULL,757760.0);
INSERT INTO "compile_Sample" VALUES(1893,4,37,NULL,NULL,NULL,NULL,NULL,0.00282,0.005792,0.011147,NULL,761856.0);
INSERT INTO "compile_Sample" VALUES(1894,4,37,NULL,NULL,NULL,NULL,NULL,0.002753,0.005613,0.010933,NULL,770048.0);
INSERT INTO "compile_Sample" VALUES(1895,4,37,NULL,NULL,NULL,NULL,NULL,0.003304,0.007184,0.013424,NULL,741376.0);
INSERT INTO "compile_Sample" VALUES(1896,4,37,NULL,NULL,NULL,NULL,NULL,0.002801,0.00627,0.01175,NULL,749568.0);
INSERT INTO "compile_Sample" VALUES(1897,4,37,NULL,NULL,NULL,NULL,NULL,0.002767,0.005718,0.011068,NULL,761856.0);
INSERT INTO "compile_Sample" VALUES(1898,4,37,NULL,NULL,NULL,NULL,NULL,0.002919,0.005946,0.01182,NULL,737280.0);
INSERT INTO "compile_Sample" VALUES(1899,4,37,NULL,NULL,NULL,NULL,NULL,0.002851,0.006465,0.012042,NULL,741376.0);
INSERT INTO "compile_Sample" VALUES(1900,4,37,NULL,NULL,NULL,NULL,NULL,0.002725,0.005985,0.011157,NULL,765952.0);
INSERT INTO "compile_Sample" VALUES(1901,4,37,NULL,NULL,NULL,NULL,NULL,0.003056,0.00653,0.012536,NULL,704512.0);
INSERT INTO "compile_Sample" VALUES(1902,4,37,NULL,NULL,NULL,NULL,NULL,0.002921,0.00674,0.012318,NULL,745472.0);
INSERT INTO "compile_Sample" VALUES(1903,4,37,NULL,NULL,NULL,NULL,NULL,0.002817,0.006128,0.011652,NULL,757760.0);
INSERT INTO "compile_Sample" VALUES(1904,4,37,NULL,NULL,NULL,NULL,NULL,0.002831,0.006187,0.011654,NULL,790528.0);
INSERT INTO "compile_Sample" VALUES(1905,4,37,NULL,NULL,NULL,NULL,NULL,0.002854,0.005967,0.011573,NULL,684032.0);
INSERT INTO "compile_Sample" VALUES(1906,4,37,NULL,NULL,NULL,NULL,NULL,0.002779,0.005985,0.011406,NULL,720896.0);
INSERT INTO "compile_Sample" VALUES(1907,4,37,NULL,NULL,NULL,NULL,NULL,0.002747,0.005637,0.01125,NULL,753664.0);
INSERT INTO "compile_Sample" VALUES(1908,4,37,NULL,NULL,NULL,NULL,NULL,0.002836,0.006406,0.01202,NULL,724992.0);
INSERT INTO "compile_Sample" VALUES(1909,4,37,NULL,NULL,NULL,NULL,NULL,0.002716,0.005912,0.011142,NULL,737280.0);
INSERT INTO "compile_Sample" VALUES(1910,4,37,NULL,NULL,NULL,NULL,NULL,0.002717,0.005528,0.010795,NULL,692224.0);
INSERT INTO "compile_Sample" VALUES(1911,4,37,NULL,NULL,NULL,NULL,NULL,0.002873,0.005763,0.011244,NULL,724992.0);
INSERT INTO "compile_Sample" VALUES(1912,4,37,NULL,NULL,NULL,NULL,NULL,0.002814,0.005899,0.011188,NULL,712704.0);
INSERT INTO "compile_Sample" VALUES(1913,4,37,NULL,NULL,NULL,NULL,NULL,0.002759,0.005403,0.010778,NULL,716800.0);
INSERT INTO "compile_Sample" VALUES(1914,4,37,NULL,NULL,NULL,NULL,NULL,0.002915,0.005887,0.011548,NULL,716800.0);
INSERT INTO "compile_Sample" VALUES(1915,4,37,NULL,NULL,NULL,NULL,NULL,0.002854,0.005983,0.011375,NULL,716800.0);
INSERT INTO "compile_Sample" VALUES(1916,4,37,NULL,NULL,NULL,NULL,NULL,0.002879,0.005633,0.011073,NULL,724992.0);
INSERT INTO "compile_Sample" VALUES(1917,4,37,NULL,NULL,NULL,NULL,NULL,0.003209,0.005909,0.012186,NULL,761856.0);
INSERT INTO "compile_Sample" VALUES(1918,4,37,NULL,NULL,NULL,NULL,NULL,0.00358,0.007449,0.013903,NULL,733184.0);
INSERT INTO "compile_Sample" VALUES(1919,4,37,NULL,NULL,NULL,NULL,NULL,0.002879,0.006283,0.011821,NULL,724992.0);
INSERT INTO "compile_Sample" VALUES(1920,4,37,NULL,NULL,NULL,NULL,NULL,0.002764,0.005709,0.011079,NULL,720896.0);
INSERT INTO "compile_Sample" VALUES(1921,4,37,NULL,NULL,NULL,NULL,NULL,0.002848,0.005526,0.010943,NULL,712704.0);
INSERT INTO "compile_Sample" VALUES(1922,4,37,NULL,NULL,NULL,NULL,NULL,0.003424,0.006281,0.01261,NULL,765952.0);
INSERT INTO "compile_Sample" VALUES(1923,4,37,NULL,NULL,NULL,NULL,NULL,0.002793,0.006097,0.011526,NULL,774144.0);
INSERT INTO "compile_Sample" VALUES(1924,4,37,NULL,NULL,NULL,NULL,NULL,0.002769,0.005542,0.010866,NULL,700416.0);
INSERT INTO "compile_Sample" VALUES(1925,4,37,NULL,NULL,NULL,NULL,NULL,0.002894,0.005879,0.011224,NULL,696320.0);
INSERT INTO "compile_Sample" VALUES(1926,4,28,NULL,NULL,NULL,NULL,NULL,0.003457,0.006984,0.013383,NULL,716800.0);
INSERT INTO "compile_Sample" VALUES(1927,4,28,NULL,NULL,NULL,NULL,NULL,0.003304,0.00674,0.01275,NULL,729088.0);
INSERT INTO "compile_Sample" VALUES(1928,4,28,NULL,NULL,NULL,NULL,NULL,0.002926,0.006241,0.012028,NULL,753664.0);
INSERT INTO "compile_Sample" VALUES(1929,4,28,NULL,NULL,NULL,NULL,NULL,0.002924,0.006578,0.01255,NULL,745472.0);
INSERT INTO "compile_Sample" VALUES(1930,4,28,NULL,NULL,NULL,NULL,NULL,0.002933,0.006556,0.012278,NULL,696320.0);
INSERT INTO "compile_Sample" VALUES(1931,4,28,NULL,NULL,NULL,NULL,NULL,0.002744,0.005844,0.011191,NULL,712704.0);
INSERT INTO "compile_Sample" VALUES(1932,4,28,NULL,NULL,NULL,NULL,NULL,0.003079,0.0059,0.011906,NULL,692224.0);
INSERT INTO "compile_Sample" VALUES(1933,4,28,NULL,NULL,NULL,NULL,NULL,0.002703,0.005613,0.010886,NULL,733184.0);
INSERT INTO "compile_Sample" VALUES(1934,4,28,NULL,NULL,NULL,NULL,NULL,0.002806,0.005436,0.010767,NULL,704512.0);
INSERT INTO "compile_Sample" VALUES(1935,4,28,NULL,NULL,NULL,NULL,NULL,0.002792,0.005394,0.01072,NULL,757760.0);
INSERT INTO "compile_Sample" VALUES(1936,4,28,NULL,NULL,NULL,NULL,NULL,0.002694,0.005591,0.010853,NULL,733184.0);
INSERT INTO "compile_Sample" VALUES(1937,4,28,NULL,NULL,NULL,NULL,NULL,0.002717,0.005266,0.010664,NULL,757760.0);
INSERT INTO "compile_Sample" VALUES(1938,4,28,NULL,NULL,NULL,NULL,NULL,0.003588,0.006644,0.01328,NULL,757760.0);
INSERT INTO "compile_Sample" VALUES(1939,4,28,NULL,NULL,NULL,NULL,NULL,0.003096,0.007077,0.012998,NULL,741376.0);
INSERT INTO "compile_Sample" VALUES(1940,4,28,NULL,NULL,NULL,NULL,NULL,0.002772,0.006059,0.011479,NULL,708608.0);
INSERT INTO "compile_Sample" VALUES(1941,4,28,NULL,NULL,NULL,NULL,NULL,0.002932,0.005852,0.011386,NULL,684032.0);
INSERT INTO "compile_Sample" VALUES(1942,4,28,NULL,NULL,NULL,NULL,NULL,0.003124,0.005917,0.011981,NULL,761856.0);
INSERT INTO "compile_Sample" VALUES(1943,4,28,NULL,NULL,NULL,NULL,NULL,0.003178,0.006088,0.012167,NULL,761856.0);
INSERT INTO "compile_Sample" VALUES(1944,4,28,NULL,NULL,NULL,NULL,NULL,0.003183,0.005992,0.012141,NULL,729088.0);
INSERT INTO "compile_Sample" VALUES(1945,4,28,NULL,NULL,NULL,NULL,NULL,0.00333,0.006347,0.012346,NULL,724992.0);
INSERT INTO "compile_Sample" VALUES(1946,4,28,NULL,NULL,NULL,NULL,NULL,0.003496,0.006274,0.012672,NULL,688128.0);
INSERT INTO "compile_Sample" VALUES(1947,4,28,NULL,NULL,NULL,NULL,NULL,0.002937,0.006122,0.011949,NULL,712704.0);
INSERT INTO "compile_Sample" VALUES(1948,4,28,NULL,NULL,NULL,NULL,NULL,0.00281,0.006361,0.011872,NULL,716800.0);
INSERT INTO "compile_Sample" VALUES(1949,4,28,NULL,NULL,NULL,NULL,NULL,0.002736,0.005744,0.011066,NULL,737280.0);
INSERT INTO "compile_Sample" VALUES(1950,4,28,NULL,NULL,NULL,NULL,NULL,0.002828,0.005608,0.011117,NULL,700416.0);
INSERT INTO "compile_Sample" VALUES(1951,4,28,NULL,NULL,NULL,NULL,NULL,0.003499,0.006579,0.012827,NULL,696320.0);
INSERT INTO "compile_Sample" VALUES(1952,4,28,NULL,NULL,NULL,NULL,NULL,0.002759,0.005666,0.010981,NULL,724992.0);
INSERT INTO "compile_Sample" VALUES(1953,4,28,NULL,NULL,NULL,NULL,NULL,0.002795,0.005874,0.011232,NULL,741376.0);
INSERT INTO "compile_Sample" VALUES(1954,4,28,NULL,NULL,NULL,NULL,NULL,0.002902,0.005827,0.011227,NULL,741376.0);
INSERT INTO "compile_Sample" VALUES(1955,4,28,NULL,NULL,NULL,NULL,NULL,0.003288,0.005761,0.01189,NULL,696320.0);
INSERT INTO "compile_Sample" VALUES(1956,4,28,NULL,NULL,NULL,NULL,NULL,0.003463,0.006236,0.012405,NULL,761856.0);
INSERT INTO "compile_Sample" VALUES(1957,4,28,NULL,NULL,NULL,NULL,NULL,0.002936,0.006553,0.012389,NULL,733184.0);
INSERT INTO "compile_Sample" VALUES(1958,4,28,NULL,NULL,NULL,NULL,NULL,0.00284,0.006101,0.011633,NULL,704512.0);
INSERT INTO "compile_Sample" VALUES(1959,4,28,NULL,NULL,NULL,NULL,NULL,0.002754,0.005618,0.010941,NULL,688128.0);
INSERT INTO "compile_Sample" VALUES(1960,4,28,NULL,NULL,NULL,NULL,NULL,0.002731,0.005689,0.010969,NULL,749568.0);
INSERT INTO "compile_Sample" VALUES(1961,4,28,NULL,NULL,NULL,NULL,NULL,0.002826,0.005897,0.011127,NULL,724992.0);
INSERT INTO "compile_Sample" VALUES(1962,4,28,NULL,NULL,NULL,NULL,NULL,0.003457,0.006157,0.012469,NULL,716800.0);
INSERT INTO "compile_Sample" VALUES(1963,4,28,NULL,NULL,NULL,NULL,NULL,0.002732,0.005666,0.010991,NULL,729088.0);
INSERT INTO "compile_Sample" VALUES(1964,4,28,NULL,NULL,NULL,NULL,NULL,0.002945,0.006153,0.011648,NULL,745472.0);
INSERT INTO "compile_Sample" VALUES(1965,4,28,NULL,NULL,NULL,NULL,NULL,0.002696,0.005446,0.010672,NULL,757760.0);
INSERT INTO "compile_Sample" VALUES(1966,4,28,NULL,NULL,NULL,NULL,NULL,0.003081,0.006439,0.012505,NULL,679936.0);
INSERT INTO "compile_Sample" VALUES(1967,4,28,NULL,NULL,NULL,NULL,NULL,0.002791,0.006353,0.011954,NULL,684032.0);
INSERT INTO "compile_Sample" VALUES(1968,4,28,NULL,NULL,NULL,NULL,NULL,0.002771,0.005908,0.011129,NULL,700416.0);
INSERT INTO "compile_Sample" VALUES(1969,4,28,NULL,NULL,NULL,NULL,NULL,0.002783,0.00594,0.01116,NULL,696320.0);
INSERT INTO "compile_Sample" VALUES(1970,4,28,NULL,NULL,NULL,NULL,NULL,0.003489,0.00618,0.012614,NULL,745472.0);
INSERT INTO "compile_Sample" VALUES(1971,4,28,NULL,NULL,NULL,NULL,NULL,0.00286,0.005715,0.011176,NULL,733184.0);
INSERT INTO "compile_Sample" VALUES(1972,4,28,NULL,NULL,NULL,NULL,NULL,0.00274,0.005546,0.010854,NULL,749568.0);
INSERT INTO "compile_Sample" VALUES(1973,4,28,NULL,NULL,NULL,NULL,NULL,0.003549,0.006529,0.012811,NULL,753664.0);
INSERT INTO "compile_Sample" VALUES(1974,4,28,NULL,NULL,NULL,NULL,NULL,0.00288,0.006168,0.011659,NULL,724992.0);
INSERT INTO "compile_Sample" VALUES(1975,4,28,NULL,NULL,NULL,NULL,NULL,0.002765,0.005537,0.010955,NULL,712704.0);
INSERT INTO "compile_Sample" VALUES(1976,4,28,NULL,NULL,NULL,NULL,NULL,0.002885,0.006342,0.012096,NULL,712704.0);
INSERT INTO "compile_Sample" VALUES(1977,4,28,NULL,NULL,NULL,NULL,NULL,0.002725,0.005985,0.011242,NULL,745472.0);
INSERT INTO "compile_Sample" VALUES(1978,4,28,NULL,NULL,NULL,NULL,NULL,0.002718,0.00555,0.010823,NULL,765952.0);
INSERT INTO "compile_Sample" VALUES(1979,4,28,NULL,NULL,NULL,NULL,NULL,0.00273,0.005509,0.010807,NULL,757760.0);
INSERT INTO "compile_Sample" VALUES(1980,4,28,NULL,NULL,NULL,NULL,NULL,0.003115,0.005782,0.011843,NULL,745472.0);
INSERT INTO "compile_Sample" VALUES(1981,4,28,NULL,NULL,NULL,NULL,NULL,0.003197,0.006548,0.01262,NULL,724992.0);
INSERT INTO "compile_Sample" VALUES(1982,4,28,NULL,NULL,NULL,NULL,NULL,0.002795,0.005718,0.011113,NULL,757760.0);
INSERT INTO "compile_Sample" VALUES(1983,4,28,NULL,NULL,NULL,NULL,NULL,0.003037,0.005702,0.011338,NULL,761856.0);
INSERT INTO "compile_Sample" VALUES(1984,4,28,NULL,NULL,NULL,NULL,NULL,0.0032,0.005677,0.011728,NULL,745472.0);
INSERT INTO "compile_Sample" VALUES(1985,4,28,NULL,NULL,NULL,NULL,NULL,0.003392,0.006533,0.012718,NULL,745472.0);
INSERT INTO "compile_Sample" VALUES(1986,4,28,NULL,NULL,NULL,NULL,NULL,0.002826,0.006318,0.011959,NULL,704512.0);
INSERT INTO "compile_Sample" VALUES(1987,4,28,NULL,NULL,NULL,NULL,NULL,0.002751,0.006172,0.011507,NULL,724992.0);
INSERT INTO "compile_Sample" VALUES(1988,4,28,NULL,NULL,NULL,NULL,NULL,0.002865,0.005918,0.011364,NULL,765952.0);
INSERT INTO "compile_Sample" VALUES(1989,4,28,NULL,NULL,NULL,NULL,NULL,0.003044,0.006011,0.012092,NULL,716800.0);
INSERT INTO "compile_Sample" VALUES(1990,4,28,NULL,NULL,NULL,NULL,NULL,0.002834,0.006555,0.012063,NULL,745472.0);
INSERT INTO "compile_Sample" VALUES(1991,4,28,NULL,NULL,NULL,NULL,NULL,0.002781,0.005972,0.011449,NULL,745472.0);
INSERT INTO "compile_Sample" VALUES(1992,4,28,NULL,NULL,NULL,NULL,NULL,0.002746,0.00581,0.01124,NULL,761856.0);
INSERT INTO "compile_Sample" VALUES(1993,4,28,NULL,NULL,NULL,NULL,NULL,0.002726,0.005662,0.010916,NULL,765952.0);
INSERT INTO "compile_Sample" VALUES(1994,4,28,NULL,NULL,NULL,NULL,NULL,0.002802,0.005739,0.011191,NULL,753664.0);
INSERT INTO "compile_Sample" VALUES(1995,4,28,NULL,NULL,NULL,NULL,NULL,0.002937,0.006406,0.012112,NULL,745472.0);
INSERT INTO "compile_Sample" VALUES(1996,4,28,NULL,NULL,NULL,NULL,NULL,0.00273,0.005988,0.011245,NULL,708608.0);
INSERT INTO "compile_Sample" VALUES(1997,4,28,NULL,NULL,NULL,NULL,NULL,0.003212,0.005879,0.012054,NULL,757760.0);
INSERT INTO "compile_Sample" VALUES(1998,4,28,NULL,NULL,NULL,NULL,NULL,0.00298,0.00603,0.01181,NULL,753664.0);
INSERT INTO "compile_Sample" VALUES(1999,4,28,NULL,NULL,NULL,NULL,NULL,0.002825,0.00596,0.011394,NULL,741376.0);
INSERT INTO "compile_Sample" VALUES(2000,4,28,NULL,NULL,NULL,NULL,NULL,0.003559,0.006518,0.01283,NULL,761856.0);
INSERT INTO "compile_Sample" VALUES(2001,4,28,NULL,NULL,NULL,NULL,NULL,0.002722,0.005701,0.011052,NULL,745472.0);
INSERT INTO "compile_Sample" VALUES(2002,4,28,NULL,NULL,NULL,NULL,NULL,0.002716,0.005397,0.010614,NULL,684032.0);
INSERT INTO "compile_Sample" VALUES(2003,4,28,NULL,NULL,NULL,NULL,NULL,0.002712,0.005428,0.010697,NULL,720896.0);
INSERT INTO "compile_Sample" VALUES(2004,4,28,NULL,NULL,NULL,NULL,NULL,0.002969,0.006468,0.012116,NULL,679936.0);
INSERT INTO "compile_Sample" VALUES(2005,4,28,NULL,NULL,NULL,NULL,NULL,0.002833,0.00643,0.011981,NULL,716800.0);
INSERT INTO "compile_Sample" VALUES(2006,4,28,NULL,NULL,NULL,NULL,NULL,0.003137,0.006345,0.012175,NULL,761856.0);
INSERT INTO "compile_Sample" VALUES(2007,4,28,NULL,NULL,NULL,NULL,NULL,0.002721,0.005633,0.010988,NULL,741376.0);
INSERT INTO "compile_Sample" VALUES(2008,4,28,NULL,NULL,NULL,NULL,NULL,0.003445,0.006192,0.012602,NULL,684032.0);
INSERT INTO "compile_Sample" VALUES(2009,4,28,NULL,NULL,NULL,NULL,NULL,0.003155,0.006493,0.012334,NULL,745472.0);
INSERT INTO "compile_Sample" VALUES(2010,4,28,NULL,NULL,NULL,NULL,NULL,0.002777,0.005603,0.010998,NULL,753664.0);
INSERT INTO "compile_Sample" VALUES(2011,4,28,NULL,NULL,NULL,NULL,NULL,0.002748,0.005689,0.011003,NULL,696320.0);
INSERT INTO "compile_Sample" VALUES(2012,4,28,NULL,NULL,NULL,NULL,NULL,0.002791,0.006011,0.011313,NULL,741376.0);
INSERT INTO "compile_Sample" VALUES(2013,4,28,NULL,NULL,NULL,NULL,NULL,0.003005,0.006689,0.012619,NULL,712704.0);
INSERT INTO "compile_Sample" VALUES(2014,4,28,NULL,NULL,NULL,NULL,NULL,0.002841,0.006562,0.012176,NULL,737280.0);
INSERT INTO "compile_Sample" VALUES(2015,4,28,NULL,NULL,NULL,NULL,NULL,0.002678,0.006054,0.011123,NULL,708608.0);
INSERT INTO "compile_Sample" VALUES(2016,4,28,NULL,NULL,NULL,NULL,NULL,0.002808,0.005834,0.011313,NULL,692224.0);
INSERT INTO "compile_Sample" VALUES(2017,4,28,NULL,NULL,NULL,NULL,NULL,0.002908,0.006195,0.011716,NULL,729088.0);
INSERT INTO "compile_Sample" VALUES(2018,4,28,NULL,NULL,NULL,NULL,NULL,0.002723,0.005538,0.010778,NULL,757760.0);
INSERT INTO "compile_Sample" VALUES(2019,4,28,NULL,NULL,NULL,NULL,NULL,0.003524,0.006551,0.012658,NULL,712704.0);
INSERT INTO "compile_Sample" VALUES(2020,4,28,NULL,NULL,NULL,NULL,NULL,0.00291,0.005942,0.01139,NULL,724992.0);
INSERT INTO "compile_Sample" VALUES(2021,4,28,NULL,NULL,NULL,NULL,NULL,0.002751,0.005334,0.010596,NULL,688128.0);
INSERT INTO "compile_Sample" VALUES(2022,4,28,NULL,NULL,NULL,NULL,NULL,0.002761,0.005338,0.010664,NULL,753664.0);
INSERT INTO "compile_Sample" VALUES(2023,4,28,NULL,NULL,NULL,NULL,NULL,0.003001,0.006273,0.012282,NULL,745472.0);
INSERT INTO "compile_Sample" VALUES(2024,4,28,NULL,NULL,NULL,NULL,NULL,0.002832,0.006393,0.011943,NULL,753664.0);
INSERT INTO "compile_Sample" VALUES(2025,4,28,NULL,NULL,NULL,NULL,NULL,0.003132,0.006595,0.012231,NULL,729088.0);
INSERT INTO "compile_Sample" VALUES(2026,4,38,NULL,NULL,NULL,NULL,NULL,0.002779,0.006433,0.012,NULL,778240.0);
INSERT INTO "compile_Sample" VALUES(2027,4,38,NULL,NULL,NULL,NULL,NULL,0.002721,0.005976,0.011112,NULL,729088.0);
INSERT INTO "compile_Sample" VALUES(2028,4,38,NULL,NULL,NULL,NULL,NULL,0.003227,0.006549,0.012612,NULL,724992.0);
INSERT INTO "compile_Sample" VALUES(2029,4,38,NULL,NULL,NULL,NULL,NULL,0.002862,0.006302,0.011913,NULL,765952.0);
INSERT INTO "compile_Sample" VALUES(2030,4,38,NULL,NULL,NULL,NULL,NULL,0.003269,0.006367,0.012307,NULL,696320.0);
INSERT INTO "compile_Sample" VALUES(2031,4,38,NULL,NULL,NULL,NULL,NULL,0.003278,0.006047,0.012338,NULL,761856.0);
INSERT INTO "compile_Sample" VALUES(2032,4,38,NULL,NULL,NULL,NULL,NULL,0.002791,0.006046,0.011367,NULL,757760.0);
INSERT INTO "compile_Sample" VALUES(2033,4,38,NULL,NULL,NULL,NULL,NULL,0.00276,0.005556,0.010887,NULL,720896.0);
INSERT INTO "compile_Sample" VALUES(2034,4,38,NULL,NULL,NULL,NULL,NULL,0.003559,0.006006,0.012774,NULL,716800.0);
INSERT INTO "compile_Sample" VALUES(2035,4,38,NULL,NULL,NULL,NULL,NULL,0.002915,0.007153,0.012739,NULL,700416.0);
INSERT INTO "compile_Sample" VALUES(2036,4,38,NULL,NULL,NULL,NULL,NULL,0.002757,0.00623,0.01163,NULL,745472.0);
INSERT INTO "compile_Sample" VALUES(2037,4,38,NULL,NULL,NULL,NULL,NULL,0.00272,0.005983,0.011309,NULL,753664.0);
INSERT INTO "compile_Sample" VALUES(2038,4,38,NULL,NULL,NULL,NULL,NULL,0.002729,0.006044,0.011393,NULL,741376.0);
INSERT INTO "compile_Sample" VALUES(2039,4,38,NULL,NULL,NULL,NULL,NULL,0.002776,0.005636,0.011089,NULL,720896.0);
INSERT INTO "compile_Sample" VALUES(2040,4,38,NULL,NULL,NULL,NULL,NULL,0.0027,0.005526,0.010732,NULL,753664.0);
INSERT INTO "compile_Sample" VALUES(2041,4,38,NULL,NULL,NULL,NULL,NULL,0.003322,0.005912,0.012222,NULL,774144.0);
INSERT INTO "compile_Sample" VALUES(2042,4,38,NULL,NULL,NULL,NULL,NULL,0.002822,0.005832,0.011384,NULL,745472.0);
INSERT INTO "compile_Sample" VALUES(2043,4,38,NULL,NULL,NULL,NULL,NULL,0.002806,0.005889,0.011198,NULL,684032.0);
INSERT INTO "compile_Sample" VALUES(2044,4,38,NULL,NULL,NULL,NULL,NULL,0.002887,0.006272,0.012021,NULL,684032.0);
INSERT INTO "compile_Sample" VALUES(2045,4,38,NULL,NULL,NULL,NULL,NULL,0.003083,0.006975,0.012733,NULL,712704.0);
INSERT INTO "compile_Sample" VALUES(2046,4,38,NULL,NULL,NULL,NULL,NULL,0.002707,0.006028,0.01124,NULL,729088.0);
INSERT INTO "compile_Sample" VALUES(2047,4,38,NULL,NULL,NULL,NULL,NULL,0.00268,0.005827,0.011144,NULL,749568.0);
INSERT INTO "compile_Sample" VALUES(2048,4,38,NULL,NULL,NULL,NULL,NULL,0.002772,0.005622,0.010917,NULL,729088.0);
INSERT INTO "compile_Sample" VALUES(2049,4,38,NULL,NULL,NULL,NULL,NULL,0.003321,0.005888,0.012126,NULL,692224.0);
INSERT INTO "compile_Sample" VALUES(2050,4,38,NULL,NULL,NULL,NULL,NULL,0.002708,0.005612,0.010874,NULL,745472.0);
INSERT INTO "compile_Sample" VALUES(2051,4,38,NULL,NULL,NULL,NULL,NULL,0.003392,0.005848,0.012084,NULL,741376.0);
INSERT INTO "compile_Sample" VALUES(2052,4,38,NULL,NULL,NULL,NULL,NULL,0.002928,0.006027,0.011453,NULL,733184.0);
INSERT INTO "compile_Sample" VALUES(2053,4,38,NULL,NULL,NULL,NULL,NULL,0.002877,0.005754,0.011168,NULL,700416.0);
INSERT INTO "compile_Sample" VALUES(2054,4,38,NULL,NULL,NULL,NULL,NULL,0.002865,0.006381,0.01217,NULL,696320.0);
INSERT INTO "compile_Sample" VALUES(2055,4,38,NULL,NULL,NULL,NULL,NULL,0.002743,0.005997,0.011426,NULL,737280.0);
INSERT INTO "compile_Sample" VALUES(2056,4,38,NULL,NULL,NULL,NULL,NULL,0.00326,0.006106,0.012334,NULL,696320.0);
INSERT INTO "compile_Sample" VALUES(2057,4,38,NULL,NULL,NULL,NULL,NULL,0.002755,0.005606,0.010899,NULL,712704.0);
INSERT INTO "compile_Sample" VALUES(2058,4,38,NULL,NULL,NULL,NULL,NULL,0.002798,0.00543,0.0108,NULL,745472.0);
INSERT INTO "compile_Sample" VALUES(2059,4,38,NULL,NULL,NULL,NULL,NULL,0.003577,0.006693,0.012985,NULL,716800.0);
INSERT INTO "compile_Sample" VALUES(2060,4,38,NULL,NULL,NULL,NULL,NULL,0.002702,0.005421,0.010632,NULL,700416.0);
INSERT INTO "compile_Sample" VALUES(2061,4,38,NULL,NULL,NULL,NULL,NULL,0.003135,0.005553,0.011605,NULL,737280.0);
INSERT INTO "compile_Sample" VALUES(2062,4,38,NULL,NULL,NULL,NULL,NULL,0.003448,0.005965,0.012324,NULL,741376.0);
INSERT INTO "compile_Sample" VALUES(2063,4,38,NULL,NULL,NULL,NULL,NULL,0.002902,0.006301,0.012153,NULL,737280.0);
INSERT INTO "compile_Sample" VALUES(2064,4,38,NULL,NULL,NULL,NULL,NULL,0.002827,0.006473,0.012085,NULL,700416.0);
INSERT INTO "compile_Sample" VALUES(2065,4,38,NULL,NULL,NULL,NULL,NULL,0.002797,0.00602,0.01145,NULL,761856.0);
INSERT INTO "compile_Sample" VALUES(2066,4,38,NULL,NULL,NULL,NULL,NULL,0.002678,0.005564,0.010801,NULL,724992.0);
INSERT INTO "compile_Sample" VALUES(2067,4,38,NULL,NULL,NULL,NULL,NULL,0.003393,0.00585,0.012265,NULL,741376.0);
INSERT INTO "compile_Sample" VALUES(2068,4,38,NULL,NULL,NULL,NULL,NULL,0.002937,0.00658,0.012149,NULL,753664.0);
INSERT INTO "compile_Sample" VALUES(2069,4,38,NULL,NULL,NULL,NULL,NULL,0.002709,0.005575,0.010808,NULL,741376.0);
INSERT INTO "compile_Sample" VALUES(2070,4,38,NULL,NULL,NULL,NULL,NULL,0.002709,0.005476,0.010683,NULL,745472.0);
INSERT INTO "compile_Sample" VALUES(2071,4,38,NULL,NULL,NULL,NULL,NULL,0.002733,0.005436,0.010753,NULL,745472.0);
INSERT INTO "compile_Sample" VALUES(2072,4,38,NULL,NULL,NULL,NULL,NULL,0.002739,0.005553,0.010807,NULL,729088.0);
INSERT INTO "compile_Sample" VALUES(2073,4,38,NULL,NULL,NULL,NULL,NULL,0.002912,0.00614,0.012051,NULL,757760.0);
INSERT INTO "compile_Sample" VALUES(2074,4,38,NULL,NULL,NULL,NULL,NULL,0.00325,0.006487,0.012716,NULL,675840.0);
INSERT INTO "compile_Sample" VALUES(2075,4,38,NULL,NULL,NULL,NULL,NULL,0.003035,0.006485,0.012203,NULL,688128.0);
INSERT INTO "compile_Sample" VALUES(2076,4,38,NULL,NULL,NULL,NULL,NULL,0.002755,0.005925,0.011268,NULL,704512.0);
INSERT INTO "compile_Sample" VALUES(2077,4,38,NULL,NULL,NULL,NULL,NULL,0.002681,0.005521,0.010748,NULL,704512.0);
INSERT INTO "compile_Sample" VALUES(2078,4,38,NULL,NULL,NULL,NULL,NULL,0.002716,0.0055,0.010771,NULL,700416.0);
INSERT INTO "compile_Sample" VALUES(2079,4,38,NULL,NULL,NULL,NULL,NULL,0.003612,0.00674,0.013271,NULL,688128.0);
INSERT INTO "compile_Sample" VALUES(2080,4,38,NULL,NULL,NULL,NULL,NULL,0.002889,0.006048,0.011498,NULL,737280.0);
INSERT INTO "compile_Sample" VALUES(2081,4,38,NULL,NULL,NULL,NULL,NULL,0.002744,0.005383,0.010648,NULL,745472.0);
INSERT INTO "compile_Sample" VALUES(2082,4,38,NULL,NULL,NULL,NULL,NULL,0.00307,0.005634,0.011951,NULL,704512.0);
INSERT INTO "compile_Sample" VALUES(2083,4,38,NULL,NULL,NULL,NULL,NULL,0.003169,0.007066,0.013017,NULL,749568.0);
INSERT INTO "compile_Sample" VALUES(2084,4,38,NULL,NULL,NULL,NULL,NULL,0.002914,0.006435,0.012196,NULL,712704.0);
INSERT INTO "compile_Sample" VALUES(2085,4,38,NULL,NULL,NULL,NULL,NULL,0.002812,0.006391,0.01223,NULL,753664.0);
INSERT INTO "compile_Sample" VALUES(2086,4,38,NULL,NULL,NULL,NULL,NULL,0.002778,0.006184,0.011738,NULL,688128.0);
INSERT INTO "compile_Sample" VALUES(2087,4,38,NULL,NULL,NULL,NULL,NULL,0.002695,0.00571,0.010993,NULL,716800.0);
INSERT INTO "compile_Sample" VALUES(2088,4,38,NULL,NULL,NULL,NULL,NULL,0.002779,0.005447,0.010809,NULL,749568.0);
INSERT INTO "compile_Sample" VALUES(2089,4,38,NULL,NULL,NULL,NULL,NULL,0.002693,0.005464,0.0107,NULL,761856.0);
INSERT INTO "compile_Sample" VALUES(2090,4,38,NULL,NULL,NULL,NULL,NULL,0.003377,0.005899,0.012129,NULL,745472.0);
INSERT INTO "compile_Sample" VALUES(2091,4,38,NULL,NULL,NULL,NULL,NULL,0.003581,0.006543,0.0128,NULL,700416.0);
INSERT INTO "compile_Sample" VALUES(2092,4,38,NULL,NULL,NULL,NULL,NULL,0.00308,0.00701,0.012895,NULL,765952.0);
INSERT INTO "compile_Sample" VALUES(2093,4,38,NULL,NULL,NULL,NULL,NULL,0.002903,0.006608,0.012274,NULL,712704.0);
INSERT INTO "compile_Sample" VALUES(2094,4,38,NULL,NULL,NULL,NULL,NULL,0.002867,0.006434,0.012146,NULL,729088.0);
INSERT INTO "compile_Sample" VALUES(2095,4,38,NULL,NULL,NULL,NULL,NULL,0.002762,0.005882,0.011337,NULL,786432.0);
INSERT INTO "compile_Sample" VALUES(2096,4,38,NULL,NULL,NULL,NULL,NULL,0.002743,0.005687,0.010995,NULL,761856.0);
INSERT INTO "compile_Sample" VALUES(2097,4,38,NULL,NULL,NULL,NULL,NULL,0.00287,0.006454,0.012282,NULL,684032.0);
INSERT INTO "compile_Sample" VALUES(2098,4,38,NULL,NULL,NULL,NULL,NULL,0.0028,0.006611,0.012194,NULL,700416.0);
INSERT INTO "compile_Sample" VALUES(2099,4,38,NULL,NULL,NULL,NULL,NULL,0.002824,0.006071,0.011578,NULL,745472.0);
INSERT INTO "compile_Sample" VALUES(2100,4,38,NULL,NULL,NULL,NULL,NULL,0.002739,0.005673,0.010958,NULL,741376.0);
INSERT INTO "compile_Sample" VALUES(2101,4,38,NULL,NULL,NULL,NULL,NULL,0.002834,0.005474,0.011224,NULL,716800.0);
INSERT INTO "compile_Sample" VALUES(2102,4,38,NULL,NULL,NULL,NULL,NULL,0.002989,0.007018,0.012795,NULL,757760.0);
INSERT INTO "compile_Sample" VALUES(2103,4,38,NULL,NULL,NULL,NULL,NULL,0.002816,0.006272,0.011788,NULL,733184.0);
INSERT INTO "compile_Sample" VALUES(2104,4,38,NULL,NULL,NULL,NULL,NULL,0.002735,0.006011,0.01121,NULL,749568.0);
INSERT INTO "compile_Sample" VALUES(2105,4,38,NULL,NULL,NULL,NULL,NULL,0.002721,0.005646,0.010957,NULL,745472.0);
INSERT INTO "compile_Sample" VALUES(2106,4,38,NULL,NULL,NULL,NULL,NULL,0.00275,0.005494,0.010776,NULL,737280.0);
INSERT INTO "compile_Sample" VALUES(2107,4,38,NULL,NULL,NULL,NULL,NULL,0.002911,0.005793,0.011293,NULL,704512.0);
INSERT INTO "compile_Sample" VALUES(2108,4,38,NULL,NULL,NULL,NULL,NULL,0.002674,0.005514,0.010736,NULL,688128.0);
INSERT INTO "compile_Sample" VALUES(2109,4,38,NULL,NULL,NULL,NULL,NULL,0.002846,0.005863,0.011191,NULL,749568.0);
INSERT INTO "compile_Sample" VALUES(2110,4,38,NULL,NULL,NULL,NULL,NULL,0.002758,0.005477,0.010855,NULL,700416.0);
INSERT INTO "compile_Sample" VALUES(2111,4,38,NULL,NULL,NULL,NULL,NULL,0.002963,0.006323,0.012007,NULL,700416.0);
INSERT INTO "compile_Sample" VALUES(2112,4,38,NULL,NULL,NULL,NULL,NULL,0.002915,0.006719,0.012451,NULL,765952.0);
INSERT INTO "compile_Sample" VALUES(2113,4,38,NULL,NULL,NULL,NULL,NULL,0.002842,0.006216,0.01191,NULL,692224.0);
INSERT INTO "compile_Sample" VALUES(2114,4,38,NULL,NULL,NULL,NULL,NULL,0.003133,0.006701,0.013507,NULL,708608.0);
INSERT INTO "compile_Sample" VALUES(2115,4,38,NULL,NULL,NULL,NULL,NULL,0.002755,0.005964,0.011235,NULL,704512.0);
INSERT INTO "compile_Sample" VALUES(2116,4,38,NULL,NULL,NULL,NULL,NULL,0.00274,0.005654,0.010919,NULL,720896.0);
INSERT INTO "compile_Sample" VALUES(2117,4,38,NULL,NULL,NULL,NULL,NULL,0.002709,0.005555,0.010764,NULL,741376.0);
INSERT INTO "compile_Sample" VALUES(2118,4,38,NULL,NULL,NULL,NULL,NULL,0.002699,0.005446,0.010665,NULL,716800.0);
INSERT INTO "compile_Sample" VALUES(2119,4,38,NULL,NULL,NULL,NULL,NULL,0.00271,0.005344,0.010549,NULL,757760.0);
INSERT INTO "compile_Sample" VALUES(2120,4,38,NULL,NULL,NULL,NULL,NULL,0.002747,0.005385,0.010629,NULL,765952.0);
INSERT INTO "compile_Sample" VALUES(2121,4,38,NULL,NULL,NULL,NULL,NULL,0.002854,0.006294,0.011937,NULL,761856.0);
INSERT INTO "compile_Sample" VALUES(2122,4,38,NULL,NULL,NULL,NULL,NULL,0.002992,0.006405,0.012127,NULL,741376.0);
INSERT INTO "compile_Sample" VALUES(2123,4,38,NULL,NULL,NULL,NULL,NULL,0.00375,0.007006,0.013701,NULL,700416.0);
INSERT INTO "compile_Sample" VALUES(2124,4,38,NULL,NULL,NULL,NULL,NULL,0.0028,0.005942,0.011343,NULL,692224.0);
INSERT INTO "compile_Sample" VALUES(2125,4,38,NULL,NULL,NULL,NULL,NULL,0.00273,0.005491,0.010749,NULL,708608.0);
ANALYZE sqlite_master;
INSERT INTO "sqlite_stat1" VALUES('compile_Order',NULL,'1');
INSERT INTO "sqlite_stat1" VALUES('NT_Sample','ix_NT_Sample_TestID','260 2');
INSERT INTO "sqlite_stat1" VALUES('NT_Sample','ix_NT_Sample_RunID_TestID','260 130 1');
INSERT INTO "sqlite_stat1" VALUES('NT_Test','ix_NT_Test_Name','130 1');
INSERT INTO "sqlite_stat1" VALUES('compile_Run','ix_compile_Run_OrderID','1 1');
INSERT INTO "sqlite_stat1" VALUES('compile_Run','ix_compile_Run_MachineID','1 1');
INSERT INTO "sqlite_stat1" VALUES('NT_Order',NULL,'2');
INSERT INTO "sqlite_stat1" VALUES('SchemaVersion','sqlite_autoindex_SchemaVersion_1','1 1');
INSERT INTO "sqlite_stat1" VALUES('StatusKind','sqlite_autoindex_StatusKind_1','3 1');
INSERT INTO "sqlite_stat1" VALUES('SampleType','sqlite_autoindex_SampleType_1','2 1');
INSERT INTO "sqlite_stat1" VALUES('compile_Sample','ix_compile_Sample_RunID_TestID','925 925 27');
INSERT INTO "sqlite_stat1" VALUES('compile_Sample','ix_compile_Sample_TestID','925 27');
INSERT INTO "sqlite_stat1" VALUES('NT_Machine','ix_NT_Machine_Unique','1 1 1 1 1');
INSERT INTO "sqlite_stat1" VALUES('NT_Machine','ix_NT_Machine_Name','1 1');
INSERT INTO "sqlite_stat1" VALUES('TestSuiteOrderFields','ix_TestSuiteOrderFields_TestSuiteID','2 1');
INSERT INTO "sqlite_stat1" VALUES('compile_Machine','ix_compile_Machine_Unique','1 1 1 1 1');
INSERT INTO "sqlite_stat1" VALUES('compile_Machine','ix_compile_Machine_Name','1 1');
INSERT INTO "sqlite_stat1" VALUES('TestSuiteSampleFields','ix_TestSuiteSampleFields_TestSuiteID','14 7');
INSERT INTO "sqlite_stat1" VALUES('compile_Test','ix_compile_Test_Name','35 1');
INSERT INTO "sqlite_stat1" VALUES('NT_Run','ix_NT_Run_OrderID','2 1');
INSERT INTO "sqlite_stat1" VALUES('NT_Run','ix_NT_Run_MachineID','2 2');
INSERT INTO "sqlite_stat1" VALUES('TestSuite','sqlite_autoindex_TestSuite_1','2 1');
INSERT INTO "sqlite_stat1" VALUES('TestSuiteMachineFields','ix_TestSuiteMachineFields_TestSuiteID','4 2');
CREATE TABLE "NT_FieldChange" (
	"ID" INTEGER NOT NULL, 
	"StartOrderID" INTEGER, 
	"EndOrderID" INTEGER, 
	"TestID" INTEGER, 
	"MachineID" INTEGER, 
	"FieldID" INTEGER, 
	PRIMARY KEY ("ID"), 
	FOREIGN KEY("StartOrderID") REFERENCES "NT_Order" ("ID"), 
	FOREIGN KEY("EndOrderID") REFERENCES "NT_Order" ("ID"), 
	FOREIGN KEY("TestID") REFERENCES "NT_Test" ("ID"), 
	FOREIGN KEY("MachineID") REFERENCES "NT_Machine" ("ID"), 
	FOREIGN KEY("FieldID") REFERENCES "TestSuiteSampleFields" ("ID")
);
CREATE TABLE "compile_FieldChange" (
	"ID" INTEGER NOT NULL, 
	"StartOrderID" INTEGER, 
	"EndOrderID" INTEGER, 
	"TestID" INTEGER, 
	"MachineID" INTEGER, 
	"FieldID" INTEGER, 
	PRIMARY KEY ("ID"), 
	FOREIGN KEY("StartOrderID") REFERENCES "compile_Order" ("ID"), 
	FOREIGN KEY("EndOrderID") REFERENCES "compile_Order" ("ID"), 
	FOREIGN KEY("TestID") REFERENCES "compile_Test" ("ID"), 
	FOREIGN KEY("MachineID") REFERENCES "compile_Machine" ("ID"), 
	FOREIGN KEY("FieldID") REFERENCES "TestSuiteSampleFields" ("ID")
);
CREATE INDEX "ix_TestSuiteRunFields_TestSuiteID" ON "TestSuiteRunFields" ("TestSuiteID");
CREATE INDEX "ix_TestSuiteOrderFields_TestSuiteID" ON "TestSuiteOrderFields" ("TestSuiteID");
CREATE INDEX "ix_TestSuiteSampleFields_TestSuiteID" ON "TestSuiteSampleFields" ("TestSuiteID");
CREATE INDEX "ix_TestSuiteMachineFields_TestSuiteID" ON "TestSuiteMachineFields" ("TestSuiteID");
CREATE INDEX "ix_NT_Machine_Name" ON "NT_Machine" ("Name");
CREATE INDEX "ix_NT_Run_MachineID" ON "NT_Run" ("MachineID");
CREATE INDEX "ix_NT_Run_OrderID" ON "NT_Run" ("OrderID");
CREATE INDEX "ix_NT_Sample_RunID_TestID" ON "NT_Sample" ("RunID", "TestID");
CREATE INDEX "ix_NT_Sample_TestID" ON "NT_Sample" ("TestID");
CREATE INDEX "ix_compile_Machine_Name" ON "compile_Machine" ("Name");
CREATE INDEX "ix_compile_Run_MachineID" ON "compile_Run" ("MachineID");
CREATE INDEX "ix_compile_Run_OrderID" ON "compile_Run" ("OrderID");
CREATE INDEX "ix_compile_Sample_TestID" ON "compile_Sample" ("TestID");
CREATE INDEX "ix_compile_Sample_RunID_TestID" ON "compile_Sample" ("RunID", "TestID");
CREATE UNIQUE INDEX "ix_NT_Machine_Unique" ON "NT_Machine" ("Name", "Parameters", hardware, os);
CREATE UNIQUE INDEX "ix_NT_Test_Name" ON "NT_Test" ("Name");
CREATE UNIQUE INDEX "ix_compile_Machine_Unique" ON "compile_Machine" ("Name", "Parameters", hardware, os_version);
CREATE UNIQUE INDEX "ix_compile_Test_Name" ON "compile_Test" ("Name");
COMMIT;
